FarmerID,Region,Crop,FarmSizeAcres,PlantingDate,HarvestDate,ProductionKg,FertilizerKg,RainfallMM,Irrigation,MarketPrice,Gender,Age
1,Eastern,Rice,7.5,2025-04-16,2025-07-23,11674.8,218.4,367.9,Sprinkler,71.18,Male,45
2,Rift Valley,Wheat,9.95,2025-03-04,2025-07-01,4262.1,440.4,944.3,Sprinkler,111.09,Female,35
3,Rift Valley,Maize,16.0,2025-04-27,2025-09-20,8074.1,366.6,953.5,Rain-fed,82.3,Female,25
4,Nyanza,Wheat,14.01,2025-05-16,2025-10-12,1439.5,411.9,542.0,Flood,28.95,Female,62
5,Central,Maize,15.28,2025-05-08,2025-10-13,7781.3,99.3,1063.2,Sprinkler,54.38,Female,26
6,Central,Maize,5.19,2025-06-12,2025-09-24,7946.5,163.0,605.2,Drip,40.12,Male,22
7,Rift Valley,Maize,13.21,2025-05-27,2025-09-15,2838.4,446.6,105.4,Flood,108.11,Male,29
8,Eastern,Potatoes,18.97,2025-01-30,2025-06-17,8827.8,66.0,936.0,Rain-fed,45.63,Male,55
9,Eastern,Beans,18.56,2025-01-08,2025-04-06,6220.9,342.8,616.9,Flood,43.54,Male,74
10,Nyanza,Maize,2.72,2025-04-21,2025-08-05,9057.8,192.6,624.5,Rain-fed,25.3,Male,38
11,Rift Valley,Potatoes,8.01,2025-04-27,2025-10-21,4283.2,83.0,943.4,Sprinkler,119.86,Male,79
12,Western,Wheat,18.13,2025-02-11,2025-06-16,947.4,297.3,962.2,Drip,40.12,Male,69
13,Central,Wheat,19.02,2025-03-22,2025-09-08,7490.6,374.0,698.1,Sprinkler,87.83,Female,74
14,Central,Wheat,8.77,2025-06-23,2025-11-28,1690.0,290.4,669.1,Flood,68.29,Male,58
15,Nyanza,Potatoes,6.21,2025-06-14,2025-12-08,785.7,313.6,868.0,Drip,90.28,Female,24
16,Eastern,Potatoes,5.33,2025-04-14,2025-06-26,11215.7,441.2,452.5,Drip,112.29,Female,63
17,Central,Potatoes,11.07,2025-03-25,2025-08-26,7459.4,117.2,647.9,Sprinkler,92.46,Female,34
18,Western,Wheat,3.89,2025-05-27,2025-09-21,3969.2,270.1,621.5,Rain-fed,48.62,Male,50
19,Nyanza,Maize,16.78,2025-01-24,2025-03-26,1387.0,436.8,592.9,Drip,107.1,Male,54
20,Western,Rice,18.11,2025-05-29,2025-08-30,3120.7,87.4,304.5,Rain-fed,69.21,Male,27
21,Western,Beans,2.23,2025-03-02,2025-06-11,7791.9,116.7,1072.6,Sprinkler,47.15,Male,38
22,Eastern,Wheat,12.51,2025-05-14,2025-11-06,2443.7,193.7,756.9,Rain-fed,50.96,Female,78
23,Western,maiz,15.0,2025-05-16,2025-10-14,5186.2,444.4,1030.6,Flood,21.35,Male,74
24,Rift Valley,Beans,10.52,2025-03-17,2025-08-06,4987.2,220.2,596.7,Flood,57.48,Female,71
25,Central,Beans,13.81,2025-03-07,2025-07-08,5171.2,122.5,1190.5,Flood,82.03,Female,70
26,Rift Valley,Maize,17.17,2025-02-01,2025-04-06,1853.9,443.5,538.6,Flood,85.74,Female,24
27,Eastern,Wheat,14.91,2025-02-16,2025-05-03,8054.1,487.8,184.1,Rain-fed,101.55,Male,63
28,Nyanza,Rice,9.63,2025-03-29,2025-05-31,9871.5,188.9,1189.5,Rain-fed,80.27,Female,33
29,Central,Beans,12.99,2025-01-12,2025-06-25,11649.8,108.8,941.4,Sprinkler,89.99,Female,41
30,Nyanza,Beans,13.1,2025-06-18,2025-08-24,4923.5,85.1,320.8,Drip,119.44,Male,77
31,Western,Beans,17.29,2025-06-30,2025-11-23,8846.2,105.7,314.8,Sprinkler,29.14,Male,64
32,Eastern,Rice,10.54,2025-06-12,2025-11-20,10717.4,297.0,322.8,Drip,93.01,Male,58
33,Eastern,Potatoes,18.33,2025-06-15,2025-09-18,4657.6,160.3,770.4,Flood,56.88,Male,66
34,Rift Valley,Potatoes,6.57,2025-06-17,2025-11-15,8545.2,36.7,248.9,Flood,63.59,Female,56
35,Nyanza,Maize,3.97,2025-03-26,2025-09-19,9077.1,393.2,515.0,Rain-fed,78.77,Male,52
36,Western,Potatoes,12.01,2025-01-10,2025-06-12,707.8,61.3,615.5,Rain-fed,46.31,Male,50
37,Nyanza,Beans,5.82,2025-02-21,2025-06-12,3648.7,266.1,710.2,Drip,46.95,Male,69
38,Nyanza,Maize,4.55,2025-02-28,2025-05-19,11217.8,102.7,441.9,Rain-fed,119.65,Female,47
39,Western,Maize,2.89,2025-01-11,2025-06-28,11158.2,400.5,675.8,Sprinkler,101.71,Female,39
40,Nyanza,Potatoes,10.29,2025-05-04,2025-07-14,7302.0,405.3,449.3,Drip,50.75,Male,37
41,Rift Valley,Potatoes,9.87,2025-01-06,2025-06-21,1781.6,328.2,381.8,Sprinkler,84.93,Male,55
42,Rift Valley,Maize,4.74,2025-01-16,2025-06-10,9759.5,365.5,895.8,Flood,106.64,Female,39
43,Western,Wheat,19.21,2025-04-04,2025-06-30,576.9,219.5,516.5,Drip,68.93,Female,56
44,Rift Valley,Rice,17.83,2025-06-26,2025-12-08,5985.9,344.1,245.3,Sprinkler,78.65,Female,65
45,Eastern,Potatoes,8.28,2025-01-29,2025-05-05,3249.3,100.7,731.0,Drip,112.32,Female,77
46,Rift Valley,Maize,8.73,2025-03-20,2025-06-13,1880.7,160.5,223.7,Sprinkler,115.44,Female,70
47,Nyanza,Maize,5.33,2025-03-31,2025-08-07,1733.9,309.7,343.7,Drip,70.37,Female,32
48,Rift Valley,Maize,3.63,2025-01-06,2025-05-20,8633.7,366.2,975.8,Flood,110.93,Female,48
49,Eastern,Wheat,7.16,2025-06-22,2025-08-29,9019.2,300.9,1136.8,Sprinkler,70.34,Male,34
50,Rift Valley,Wheat,5.95,2025-02-08,2025-06-04,3755.3,349.6,614.2,Drip,51.36,Male,50
51,Rift Valley,Beans,17.05,2025-04-24,2025-08-09,1804.1,56.6,699.2,Flood,118.49,Female,74
52,Rift Valley,Potatoes,13.83,2025-02-27,2025-08-12,10683.1,158.2,643.2,Flood,31.58,Female,50
53,Western,Potatoes,6.77,2025-06-20,2025-11-30,5929.3,154.7,1067.5,Rain-fed,53.36,Male,79
54,Central,Rice,11.5,2025-03-08,2025-05-31,3105.9,190.2,622.0,Rain-fed,29.28,Female,47
55,Central,Rice,6.75,2025-05-17,2025-09-07,3759.9,106.7,761.3,Rain-fed,89.51,Male,44
56,Western,Maize,14.73,2025-05-31,2025-11-04,4528.2,346.6,507.8,Sprinkler,113.01,Female,27
57,Rift Valley,Beans,4.8,2025-01-03,2025-04-01,1704.3,447.2,247.9,Rain-fed,51.42,Female,35
58,Central,Wheat,2.7,2025-04-25,2025-09-16,1693.5,26.8,232.0,Rain-fed,104.94,Female,76
59,Rift Valley,Rice,13.52,2025-03-30,2025-06-26,11917.0,480.2,529.9,Rain-fed,118.67,Male,36
60,Eastern,Rice,6.02,2025-03-01,2025-07-07,3689.5,298.2,999.7,Drip,103.85,Male,26
61,Nyanza,Wheat,8.32,2025-01-20,2025-04-16,1827.7,195.5,127.5,Rain-fed,79.91,Male,28
62,Rift Valley,Rice,18.99,2025-02-16,2025-08-14,4686.6,163.9,570.1,Flood,61.38,Female,62
63,Eastern,maiz,17.24,2025-03-03,2025-07-29,6229.6,38.9,502.3,Drip,44.0,Female,33
64,Eastern,Rice,7.81,2025-05-01,2025-08-08,8408.2,114.2,107.7,Sprinkler,114.77,Male,24
65,Nyanza,Potatoes,12.67,2025-06-07,2025-10-10,11298.2,403.8,1110.1,Drip,110.77,Female,49
66,Central,Rice,1.82,2025-06-08,2025-10-18,4624.5,455.2,553.3,Rain-fed,33.42,Male,37
67,Eastern,Wheat,3.7,2025-03-16,2025-07-06,6733.3,344.4,269.1,Rain-fed,85.91,Female,24
68,Western,Beans,13.36,2025-01-05,2025-04-25,5974.8,333.7,697.3,Sprinkler,29.09,Male,22
69,Nyanza,Beans,1.25,2025-05-27,2025-11-01,5090.4,374.2,1024.9,Sprinkler,69.52,Female,57
70,Rift Valley,Rice,10.83,2025-03-17,2025-05-20,5287.5,187.2,283.1,Flood,100.85,Male,59
71,Central,Wheat,10.16,2025-01-23,2025-06-08,11028.2,152.4,892.3,Flood,72.33,Male,45
72,Central,Potatoes,9.96,2025-06-27,2025-11-30,1198.2,248.6,1002.8,Rain-fed,100.44,Female,21
73,Nyanza,Beans,9.55,2025-02-11,2025-06-27,6304.6,59.2,808.9,Sprinkler,69.32,Female,37
74,Eastern,Beans,16.27,2025-04-03,2025-06-29,4723.3,444.1,105.6,Sprinkler,51.51,Male,78
75,Western,Beans,15.71,2025-04-20,2025-09-18,8554.9,225.0,795.2,Flood,105.67,Female,55
76,Eastern,Rice,10.84,2025-06-29,2025-11-10,10921.0,439.3,1179.6,Drip,76.18,Female,75
77,Central,Maize,8.91,2025-06-14,2025-08-31,10271.5,494.5,840.5,Rain-fed,44.65,Female,48
78,Central,Beans,18.03,2025-06-25,2025-10-19,975.6,248.6,725.0,Rain-fed,58.37,Female,65
79,Nyanza,Beans,15.78,2025-03-09,2025-06-01,2479.3,329.2,875.4,Drip,35.57,Female,35
80,Central,Rice,15.98,2025-01-29,2025-04-03,5007.5,489.0,1100.5,Drip,22.64,Male,46
81,Nyanza,Beans,11.87,2025-04-27,2025-09-04,6041.4,116.6,706.3,Sprinkler,36.18,Female,25
82,Nyanza,Potatoes,13.13,2025-04-22,2025-08-30,10259.4,213.5,172.1,Rain-fed,75.56,Male,58
83,Western,Potatoes,3.55,2025-04-18,2025-08-15,6489.4,93.9,174.0,Drip,109.75,Male,21
84,Nyanza,Potatoes,19.04,2025-06-18,2025-10-05,9384.4,241.0,928.6,Rain-fed,113.06,Female,73
85,Central,Potatoes,7.95,2025-04-22,2025-09-20,5812.9,139.2,1038.3,Sprinkler,98.77,Male,61
86,Nyanza,Beans,16.07,2025-03-15,2025-09-09,10451.3,176.2,723.9,Drip,83.14,Male,65
87,Western,Potatoes,3.17,2025-04-21,2025-08-08,8065.2,52.5,317.5,Drip,31.26,Male,29
88,Rift Valley,Beans,17.39,2025-06-24,2025-12-02,8255.4,254.6,220.8,Rain-fed,23.46,Female,58
89,Eastern,Wheat,1.84,2025-03-23,2025-06-27,9407.9,86.4,1034.1,Rain-fed,86.55,Female,26
90,Western,Potatoes,8.56,2025-06-03,2025-09-27,4484.6,485.5,759.7,Sprinkler,97.91,Female,22
91,Central,Maize,7.92,2025-05-20,2025-09-16,8925.0,405.4,786.0,Rain-fed,35.08,Male,21
92,Central,Beans,14.8,2025-02-12,2025-07-28,9442.0,421.8,1013.7,Rain-fed,38.68,Male,20
93,Eastern,Beans,11.42,2025-05-03,2025-08-02,9937.7,489.7,143.4,Flood,30.84,Female,34
94,Eastern,Rice,12.79,2025-02-28,2025-05-23,8558.4,351.9,157.7,Sprinkler,87.85,Female,40
95,Central,Wheat,3.14,2025-06-17,2025-10-10,2777.3,260.0,990.5,Rain-fed,74.06,Female,41
96,Nyanza,Potatoes,16.55,2025-03-07,2025-05-31,10957.7,122.8,901.1,Flood,70.77,Male,41
97,Rift Valley,Rice,11.42,2025-03-29,2025-06-11,7236.6,104.5,669.5,Flood,108.28,Male,31
98,Western,Beans,10.34,2025-01-14,2025-03-16,10325.6,186.8,553.2,Rain-fed,78.86,Male,48
99,Nyanza,Rice,1.41,2025-03-19,2025-06-08,633.7,100.3,315.9,Drip,32.32,Male,50
100,Rift Valley,Maize,15.94,2025-01-27,2025-07-07,4527.2,405.1,228.1,Drip,116.14,Male,21
101,Central,Wheat,14.33,2025-01-20,2025-04-02,1527.0,444.5,380.7,Drip,75.13,Female,45
102,Central,Beans,13.41,2025-01-07,2025-06-10,9645.2,74.4,631.7,Sprinkler,61.91,Female,53
103,Eastern,Rice,3.39,2025-03-15,2025-06-28,2842.8,134.1,531.2,Flood,50.91,Male,21
104,Central,Potatoes,11.79,2025-01-30,2025-06-21,7902.0,478.6,272.9,Drip,117.77,Male,50
105,Rift Valley,Maize,1.12,2025-04-02,2025-08-18,2724.7,214.7,983.9,Flood,97.56,Male,74
106,Western,Maize,13.03,2025-02-02,2025-04-14,2098.6,120.0,880.7,Drip,106.54,Female,40
107,Central,Beans,8.4,2025-01-13,2025-04-25,1163.0,220.7,118.1,Flood,59.8,Female,43
108,Eastern,Beans,1.03,2025-02-05,2025-07-24,11433.4,477.9,580.8,Sprinkler,46.69,Female,54
109,Eastern,Potatoes,4.74,2025-03-19,2025-07-15,2727.9,433.7,853.6,Rain-fed,79.89,Male,73
110,Central,Rice,16.14,2025-01-27,2025-06-14,2476.1,45.1,883.9,Drip,84.09,Male,36
111,Western,Maize,15.98,2025-01-30,2025-07-29,4816.9,385.7,873.7,Rain-fed,57.22,Female,29
112,Eastern,Maize,2.98,2025-02-28,2025-05-12,9993.5,76.7,845.6,Flood,88.66,Female,20
113,Nyanza,Maize,14.68,2025-05-07,2025-07-14,8619.4,428.5,554.6,Rain-fed,25.57,Male,26
114,Western,Beans,5.9,2025-04-23,2025-08-11,1197.4,312.5,931.4,Sprinkler,96.36,Female,53
115,Rift Valley,Beans,5.52,2025-05-10,2025-08-24,10966.0,447.8,1077.9,Drip,36.02,Male,55
116,Eastern,Beans,16.99,2025-01-03,2025-05-26,2625.7,296.3,463.9,Sprinkler,43.52,Female,65
117,Western,Beans,8.84,2025-05-18,2025-07-21,1904.6,373.5,711.2,Rain-fed,76.61,Female,41
118,Eastern,Wheat,2.22,2025-01-05,2025-04-24,6216.8,457.6,286.7,Drip,72.57,Male,73
119,Western,Potatoes,19.3,2025-03-23,2025-05-28,2341.0,135.3,1164.1,Rain-fed,72.12,Female,37
120,Eastern,Maize,12.05,2025-04-04,2025-08-02,7243.3,71.5,476.2,Sprinkler,81.2,Female,26
121,Nyanza,Wheat,16.53,2025-06-03,2025-08-30,3786.3,413.1,142.9,Sprinkler,34.07,Female,65
122,Western,Maize,1.2,2025-01-26,2025-04-14,9580.5,324.4,500.6,Rain-fed,93.23,Female,63
123,Central,Maize,3.16,2025-03-22,2025-07-10,1636.1,78.3,272.9,Drip,62.86,Male,67
124,Eastern,Rice,15.15,2025-06-08,2025-10-06,10996.0,487.5,1147.2,Sprinkler,88.64,Male,80
125,Western,Wheat,14.02,2025-06-19,2025-11-19,5641.3,335.5,246.3,Flood,77.68,Male,38
126,Western,Wheat,3.33,2025-03-22,2025-09-02,7523.8,204.7,721.7,Rain-fed,109.44,Male,45
127,Nyanza,Potatoes,16.47,2025-04-12,2025-06-24,2311.5,481.1,566.3,Drip,29.8,Female,66
128,Western,Wheat,13.45,2025-04-29,2025-10-03,10828.7,393.5,576.8,Rain-fed,72.95,Female,42
129,Central,Maize,18.26,2025-06-08,2025-10-15,1489.8,358.9,276.1,Sprinkler,22.33,Female,58
130,Rift Valley,Rice,19.1,2025-06-04,2025-10-22,1751.4,77.2,237.3,Sprinkler,32.51,Female,24
131,Central,Maize,15.72,2025-06-09,2025-08-12,11516.5,495.8,984.6,Drip,70.47,Female,31
132,Eastern,Beans,17.48,2025-04-14,2025-09-29,6180.7,411.1,186.5,Drip,91.9,Male,32
133,Eastern,Wheat,18.19,2025-01-18,2025-04-07,3754.2,161.0,662.1,Flood,103.29,Female,78
134,Eastern,Rice,9.46,2025-05-31,2025-11-10,9124.0,55.2,706.8,Rain-fed,97.37,Male,24
135,Rift Valley,Beans,8.01,2025-04-04,2025-09-16,10340.1,445.1,256.3,Drip,65.85,Male,44
136,Central,Wheat,11.44,2025-06-15,2025-09-01,8181.2,331.1,1181.9,Sprinkler,40.14,Male,27
137,Rift Valley,Rice,14.5,2025-01-21,2025-05-30,931.2,115.4,222.2,Rain-fed,103.45,Female,23
138,Eastern,Maize,19.84,2025-06-21,2025-11-10,1309.6,413.8,760.0,Rain-fed,99.94,Male,63
139,Western,Rice,8.89,2025-01-12,2025-06-29,5483.5,66.6,238.9,Sprinkler,56.01,Male,35
140,Western,Wheat,3.36,2025-06-10,2025-10-04,2025.3,388.1,918.1,Rain-fed,52.87,Male,72
141,Eastern,Rice,15.68,2025-03-30,2025-08-08,1855.5,84.2,509.3,Sprinkler,40.74,Female,32
142,Eastern,Beans,5.17,2025-01-28,2025-04-18,4449.8,205.0,1043.8,Flood,103.48,Female,76
143,Rift Valley,Rice,7.66,2025-04-16,2025-08-23,11019.6,181.8,292.2,Flood,69.5,Male,74
144,Western,Maize,1.39,2025-03-20,2025-07-23,10744.9,94.0,224.9,Rain-fed,95.24,Male,59
145,Western,Maize,10.42,2025-06-23,2025-11-23,2247.7,392.4,781.8,Sprinkler,118.47,Male,53
146,Eastern,Wheat,13.97,2025-05-28,2025-07-30,2712.4,318.1,1023.3,Sprinkler,68.4,Female,73
147,Central,Rice,12.99,2025-02-01,2025-06-22,957.3,196.2,882.8,Flood,87.88,Male,24
148,Central,Potatoes,11.6,2025-02-05,2025-08-04,11065.7,64.0,208.9,Flood,116.98,Female,72
149,Rift Valley,Beans,3.84,2025-05-27,2025-10-01,11701.9,353.8,157.0,Flood,92.6,Female,28
150,Nyanza,Maize,8.9,2025-02-05,2025-05-16,7762.7,142.2,124.5,Sprinkler,21.56,Female,49
151,Nyanza,Maize,11.39,2025-05-05,2025-08-08,7964.0,243.8,714.5,Rain-fed,104.69,Male,68
152,Rift Valley,Maize,2.1,2025-06-17,2025-08-25,6000.7,297.7,549.7,Drip,35.64,Male,36
153,Central,Wheat,14.08,2025-03-07,2025-07-16,2394.5,315.7,231.0,Drip,97.39,Male,41
154,Rift Valley,Potatoes,19.35,2025-01-09,2025-05-25,569.9,386.0,236.0,Flood,82.38,Female,49
155,Nyanza,Potatoes,11.78,2025-05-28,2025-08-17,3855.1,118.0,1093.9,Sprinkler,50.01,Male,64
156,Central,Beans,10.06,2025-02-03,2025-04-17,6698.4,219.7,114.9,Rain-fed,47.14,Female,78
157,Western,Wheat,11.38,2025-05-16,2025-08-13,5983.9,371.2,373.6,Flood,72.81,Male,59
158,Western,Potatoes,1.76,2025-03-17,2025-08-13,2583.5,295.3,1024.1,Flood,65.72,Female,62
159,Eastern,Maize,4.99,2025-05-10,2025-09-28,4265.1,23.5,411.7,Rain-fed,49.53,Male,52
160,Western,Beans,12.47,2025-02-18,2025-05-08,7402.2,36.6,330.9,Sprinkler,115.34,Male,58
161,Western,Maize,17.47,2025-04-18,2025-07-23,10605.4,92.0,740.3,Sprinkler,42.1,Male,56
162,Eastern,Wheat,10.81,2025-02-17,2025-05-22,5548.1,174.5,215.4,Sprinkler,111.37,Female,66
163,Nyanza,Beans,9.0,2025-02-04,2025-06-14,1082.1,86.9,933.7,Flood,91.33,Male,64
164,Western,Rice,9.58,2025-05-31,2025-09-19,5784.2,282.5,692.5,Flood,22.58,Female,59
165,Rift Valley,Rice,14.31,2025-01-16,2025-04-02,3248.3,168.5,856.8,Flood,26.19,Male,58
166,Eastern,Potatoes,3.57,2025-06-16,2025-11-01,7295.5,492.0,319.2,Rain-fed,107.31,Male,58
167,Eastern,Potatoes,10.72,2025-05-26,2025-09-11,664.1,268.7,317.8,Flood,106.12,Male,32
168,Western,maiz,6.87,2025-03-10,2025-06-04,8941.2,464.4,974.3,Flood,39.05,Female,54
169,Rift Valley,Beans,17.09,2025-01-09,2025-05-26,6283.2,217.6,468.4,Flood,26.54,Female,77
170,Nyanza,Wheat,17.44,2025-06-03,2025-08-05,1891.8,247.6,609.7,Sprinkler,41.09,Female,48
171,Eastern,Maize,15.97,2025-03-16,2025-07-02,2596.6,397.9,594.9,Sprinkler,93.59,Male,78
172,Western,Potatoes,19.39,2025-05-13,2025-10-30,5728.9,184.4,1134.6,Sprinkler,40.97,Male,80
173,Central,Maize,5.85,2025-04-28,2025-08-27,9983.0,199.4,915.7,Flood,72.45,Female,41
174,Eastern,Beans,19.59,2025-03-13,2025-08-28,1283.3,71.0,1039.7,Drip,86.69,Female,31
175,Rift Valley,Potatoes,1.45,2025-03-27,2025-07-04,3745.6,284.6,1053.1,Rain-fed,80.33,Female,48
176,Rift Valley,Wheat,18.77,2025-05-11,2025-11-02,6591.4,126.5,819.2,Sprinkler,87.25,Male,22
177,Rift Valley,Rice,19.96,2025-02-17,2025-04-24,1194.9,454.7,466.2,Rain-fed,42.6,Female,73
178,Eastern,Maize,8.63,2025-04-14,2025-09-08,5679.1,78.8,682.0,Flood,74.81,Male,23
179,Rift Valley,Maize,5.98,2025-03-17,2025-08-22,5745.1,408.3,947.4,Flood,49.81,Male,65
180,Central,Maize,3.36,2025-05-31,2025-09-05,3073.6,480.5,1018.4,Sprinkler,37.42,Female,48
181,Rift Valley,Potatoes,2.66,2025-04-30,2025-09-05,4306.1,219.8,487.5,Sprinkler,52.66,Female,20
182,Central,Maize,5.33,2025-06-11,2025-10-18,5520.6,472.4,915.2,Sprinkler,34.09,Male,73
183,Nyanza,Potatoes,19.22,2025-01-26,2025-05-19,2530.8,69.3,567.0,Rain-fed,84.21,Female,29
184,Eastern,Rice,4.4,2025-02-13,2025-08-12,7561.0,88.2,560.5,Drip,69.32,Male,37
185,Western,Beans,3.57,2025-03-19,2025-08-03,11237.1,425.7,227.6,Rain-fed,25.72,Female,39
186,Western,Potatoes,19.11,2025-06-17,2025-10-03,2787.1,52.3,258.5,Rain-fed,44.9,Male,38
187,Central,Wheat,12.39,2025-03-21,2025-05-30,10749.6,173.0,487.0,Flood,59.07,Male,57
188,Western,Beans,16.3,2025-02-24,2025-07-11,10807.5,366.2,606.1,Drip,27.25,Male,57
189,Central,Rice,6.82,2025-06-30,2025-12-19,5366.8,202.6,979.2,Flood,67.09,Male,64
190,Nyanza,Potatoes,7.7,2025-02-01,2025-04-13,11516.8,434.9,873.7,Drip,24.85,Male,72
191,Nyanza,maiz,5.74,2025-06-16,2025-11-13,4767.3,36.4,360.7,Sprinkler,71.39,Male,56
192,Eastern,Potatoes,12.0,2025-06-04,2025-11-28,6944.5,483.5,451.3,Drip,31.47,Male,69
193,Western,Wheat,11.17,2025-01-02,2025-03-31,9465.0,174.8,570.7,Flood,42.61,Female,65
194,Eastern,Rice,1.82,2025-02-22,2025-08-04,6230.4,252.2,818.7,Rain-fed,39.68,Female,75
195,Central,Wheat,3.24,2025-03-31,2025-08-17,813.3,96.8,939.6,Sprinkler,31.26,Male,40
196,Nyanza,Wheat,19.17,2025-04-22,2025-07-05,9150.8,204.7,643.5,Rain-fed,73.02,Male,20
197,Central,Maize,11.8,2025-01-04,2025-04-12,4056.0,60.3,247.5,Drip,104.42,Male,66
198,Nyanza,Beans,17.04,2025-06-29,2025-11-24,2120.0,378.0,469.7,Sprinkler,77.74,Male,41
199,Eastern,Beans,5.07,2025-02-15,2025-05-19,5185.7,120.0,689.2,Sprinkler,91.99,Male,68
200,Eastern,Rice,1.46,2025-03-21,2025-06-13,11256.2,134.5,445.5,Flood,95.92,Male,76
201,Rift Valley,Beans,8.43,2025-02-24,2025-06-02,9188.9,380.3,714.0,Sprinkler,68.0,Female,66
202,Central,Rice,14.29,2025-01-22,2025-04-14,10435.3,408.9,976.0,Rain-fed,54.16,Male,74
203,Eastern,Wheat,17.33,2025-01-09,2025-03-30,10814.3,414.0,250.2,Flood,55.63,Female,25
204,Rift Valley,Wheat,18.06,2025-06-18,2025-11-13,10461.1,469.8,1060.5,Rain-fed,56.75,Female,69
205,Nyanza,Wheat,10.1,2025-03-29,2025-09-14,685.7,221.7,927.3,Flood,100.02,Female,76
206,Eastern,Maize,16.4,2025-02-07,2025-07-19,7917.3,281.1,674.3,Flood,48.53,Male,62
207,Eastern,Beans,12.09,2025-04-29,2025-06-29,9807.3,470.3,934.2,Sprinkler,72.01,Female,42
208,Western,Potatoes,6.04,2025-05-30,2025-08-29,3232.8,398.1,507.6,Flood,91.99,Female,58
209,Rift Valley,Maize,6.88,2025-06-30,2025-10-25,7393.2,105.4,629.3,Drip,66.32,Female,75
210,Western,Wheat,4.61,2025-06-17,2025-10-23,6051.0,267.1,449.5,Rain-fed,111.74,Male,63
211,Central,Potatoes,1.32,2025-05-03,2025-09-05,10892.9,94.1,613.8,Flood,60.84,Female,52
212,Rift Valley,Maize,3.44,2025-05-02,2025-08-14,4424.1,194.5,192.0,Flood,105.72,Male,33
213,Nyanza,Beans,19.66,2025-06-01,2025-08-05,8357.5,171.0,946.1,Flood,25.58,Male,78
214,Central,Beans,11.81,2025-03-21,2025-07-30,3680.1,141.8,692.4,Sprinkler,91.8,Female,43
215,Central,Potatoes,13.69,2025-05-28,2025-09-13,11964.9,428.0,531.7,Flood,63.79,Female,45
216,Rift Valley,Rice,8.78,2025-02-15,2025-06-11,3126.4,180.6,1161.3,Sprinkler,117.67,Female,66
217,Central,maiz,18.28,2025-02-24,2025-05-02,544.9,384.7,986.7,Sprinkler,110.9,Female,42
218,Eastern,Beans,13.68,2025-06-21,2025-10-13,9338.5,273.8,1195.4,Drip,35.09,Female,52
219,Rift Valley,Rice,2.77,2025-03-13,2025-08-14,8583.0,360.1,987.7,Drip,100.62,Female,65
220,Eastern,Beans,5.0,2025-01-10,2025-07-04,11735.1,464.5,924.0,Drip,39.29,Male,48
221,Eastern,Maize,8.06,2025-02-08,2025-08-01,7087.0,65.1,1105.7,Drip,104.69,Female,40
222,Eastern,Maize,15.09,2025-06-26,2025-11-07,4983.3,81.1,465.7,Flood,95.56,Male,22
223,Rift Valley,Potatoes,12.0,2025-06-18,2025-09-17,8360.9,172.1,1129.6,Rain-fed,40.94,Female,64
224,Eastern,Potatoes,4.75,2025-04-08,2025-06-19,6924.1,330.8,1110.9,Flood,80.82,Female,79
225,Western,Potatoes,14.29,2025-04-24,2025-08-30,2024.5,372.2,406.1,Rain-fed,42.89,Female,30
226,Rift Valley,Beans,9.67,2025-03-17,2025-08-18,3227.0,409.5,817.7,Sprinkler,72.6,Male,79
227,Rift Valley,Beans,16.09,2025-01-11,2025-05-23,2322.2,342.6,431.0,Sprinkler,102.74,Male,32
228,Eastern,Potatoes,8.25,2025-01-10,2025-06-06,6078.0,235.0,1164.4,Flood,25.78,Female,44
229,Nyanza,Maize,10.14,2025-03-11,2025-07-22,8722.0,467.1,278.6,Flood,104.59,Female,77
230,Eastern,Rice,5.07,2025-03-28,2025-06-09,10978.0,300.0,358.2,Flood,105.3,Female,35
231,Rift Valley,Beans,19.34,2025-01-20,2025-06-18,9468.7,107.8,1025.2,Flood,26.0,Female,78
232,Eastern,Beans,15.51,2025-02-05,2025-06-15,10300.4,305.4,1194.6,Rain-fed,114.29,Female,27
233,Central,Beans,18.24,2025-01-08,2025-05-06,8799.3,351.2,187.5,Sprinkler,32.53,Male,62
234,Nyanza,Beans,5.66,2025-02-24,2025-05-12,2091.1,481.8,605.3,Flood,95.72,Female,74
235,Central,Potatoes,2.41,2025-03-30,2025-08-14,2121.4,237.7,1199.5,Rain-fed,105.87,Female,77
236,Rift Valley,Maize,4.04,2025-04-25,2025-08-27,5448.4,358.9,398.4,Flood,47.9,Male,48
237,Nyanza,Beans,9.92,2025-01-15,2025-04-18,9194.0,30.1,954.8,Drip,62.67,Female,71
238,Western,Potatoes,10.55,2025-01-03,2025-04-04,5324.2,272.8,1133.1,Drip,23.18,Male,52
239,Central,Beans,15.38,2025-01-21,2025-06-09,11302.2,478.6,324.5,Rain-fed,58.1,Male,58
240,Nyanza,Beans,17.03,2025-02-16,2025-05-31,3392.5,98.1,149.2,Flood,110.4,Male,80
241,Eastern,Potatoes,10.84,2025-04-29,2025-10-11,6440.9,430.0,667.3,Drip,28.26,Male,31
242,Central,Beans,12.58,2025-02-19,2025-05-07,9640.8,323.3,923.6,Flood,59.64,Male,65
243,Western,Maize,7.17,2025-06-25,2025-09-01,6422.8,280.8,1089.1,Sprinkler,94.1,Male,44
244,Eastern,Maize,4.28,2025-05-15,2025-08-24,1785.0,109.3,535.7,Flood,114.51,Female,23
245,Eastern,Maize,15.58,2025-04-25,2025-08-14,4663.2,101.5,682.0,Flood,48.15,Female,70
246,Eastern,Beans,12.08,2025-06-03,2025-08-24,7335.8,433.1,801.3,Rain-fed,105.97,Male,63
247,Rift Valley,Wheat,11.49,2025-03-25,2025-08-17,5378.9,55.2,1042.2,Rain-fed,45.08,Female,26
248,Western,Wheat,12.24,2025-06-27,2025-09-21,6005.4,69.1,1107.4,Flood,104.76,Male,37
249,Eastern,Beans,12.49,2025-02-21,2025-08-01,1275.3,190.9,423.9,Drip,25.94,Male,34
250,Nyanza,Beans,18.79,2025-05-03,2025-07-19,2799.4,457.0,758.1,Flood,70.2,Male,62
251,Rift Valley,Rice,18.31,2025-01-22,2025-07-01,2459.2,147.2,314.9,Flood,37.46,Male,66
252,Rift Valley,Rice,2.69,2025-03-15,2025-06-21,6431.8,126.9,688.0,Drip,33.39,Male,38
253,Central,Rice,9.34,2025-05-12,2025-09-23,2847.4,384.5,1155.6,Rain-fed,43.56,Female,23
254,Central,Maize,17.03,2025-01-06,2025-05-02,7051.1,263.1,299.9,Drip,68.78,Male,31
255,Eastern,Maize,1.57,2025-04-28,2025-10-13,1310.0,339.6,890.5,Drip,54.89,Female,27
256,Central,Rice,5.31,2025-02-02,2025-04-03,9636.5,152.7,1016.2,Rain-fed,86.2,Female,40
257,Nyanza,Rice,3.75,2025-06-15,2025-09-08,8690.2,135.1,304.2,Flood,38.98,Male,25
258,Western,Rice,9.36,2025-02-16,2025-04-21,2533.1,413.2,1004.1,Sprinkler,108.76,Male,76
259,Central,Beans,16.97,2025-06-23,2025-09-08,11547.0,51.5,1176.3,Flood,118.83,Female,68
260,Central,Beans,4.2,2025-06-24,2025-12-03,4777.9,132.8,979.6,Flood,34.24,Male,27
261,Western,Maize,16.86,2025-03-19,2025-08-10,8647.6,390.3,266.1,Drip,97.5,Female,34
262,Western,Wheat,9.03,2025-02-08,2025-06-09,9031.5,160.4,1185.6,Drip,94.75,Female,62
263,Rift Valley,Maize,8.05,2025-05-01,2025-10-22,2684.5,93.8,792.2,Rain-fed,41.61,Male,41
264,Central,Rice,10.75,2025-01-02,2025-06-01,10450.6,424.4,1055.0,Drip,73.53,Male,47
265,Central,Maize,13.18,2025-03-21,2025-08-02,8715.3,254.1,441.1,Rain-fed,112.27,Female,54
266,Central,Rice,6.94,2025-06-19,2025-10-16,11477.3,360.8,1076.8,Drip,52.24,Female,50
267,Nyanza,Potatoes,4.41,2025-05-10,2025-10-30,8638.4,468.2,129.3,Drip,81.82,Female,66
268,Rift Valley,Potatoes,17.53,2025-03-15,2025-07-24,8134.4,183.9,1084.6,Drip,75.34,Female,62
269,Central,Maize,2.83,2025-05-20,2025-09-10,7365.5,263.4,243.3,Drip,111.72,Female,71
270,Eastern,Beans,9.63,2025-04-14,2025-06-18,10320.9,103.6,1174.6,Drip,40.75,Male,70
271,Eastern,Potatoes,6.91,2025-03-12,2025-08-04,1124.7,461.6,1146.4,Flood,72.58,Male,30
272,Eastern,Rice,5.03,2025-01-01,2025-03-10,9521.0,452.9,533.0,Flood,44.66,Female,53
273,Central,Potatoes,14.7,2025-04-11,2025-08-28,11364.2,198.9,453.8,Flood,35.33,Male,30
274,Rift Valley,Rice,19.32,2025-05-17,2025-08-22,11058.0,143.5,996.8,Sprinkler,51.29,Female,51
275,Rift Valley,Beans,17.06,2025-05-25,2025-07-30,7859.1,487.4,132.9,Rain-fed,88.88,Female,65
276,Central,Beans,5.89,2025-05-17,2025-10-11,7619.6,374.4,951.1,Flood,112.42,Female,56
277,Eastern,Beans,2.94,2025-05-29,2025-10-27,7421.0,300.5,712.3,Sprinkler,77.67,Male,21
278,Western,Wheat,4.67,2025-06-02,2025-08-21,7607.0,444.8,112.3,Sprinkler,119.09,Female,75
279,Nyanza,Beans,16.84,2025-05-29,2025-10-01,1941.6,61.2,410.6,Flood,70.8,Female,58
280,Rift Valley,Maize,15.32,2025-03-17,2025-06-09,8093.9,305.0,1101.6,Drip,72.82,Male,39
281,Nyanza,Potatoes,9.77,2025-03-04,2025-08-03,1915.8,458.2,945.3,Flood,87.32,Female,39
282,Western,Rice,4.85,2025-03-31,2025-07-05,833.8,164.8,900.1,Drip,52.72,Female,55
283,Eastern,Rice,16.04,2025-04-08,2025-06-25,5775.3,308.9,936.7,Sprinkler,104.54,Male,45
284,Eastern,Rice,10.19,2025-02-27,2025-06-14,6184.0,301.3,1037.3,Rain-fed,39.55,Female,45
285,Rift Valley,Beans,11.46,2025-02-19,2025-06-28,4842.1,344.3,627.0,Drip,62.03,Male,33
286,Rift Valley,Rice,4.65,2025-03-22,2025-09-17,3314.9,363.7,351.5,Rain-fed,109.23,Male,65
287,Western,Maize,13.86,2025-06-20,2025-09-17,5680.2,363.8,254.4,Flood,54.32,Male,25
288,Central,Potatoes,4.71,2025-05-29,2025-09-04,9290.2,370.0,302.7,Drip,107.48,Female,54
289,Nyanza,Beans,16.08,2025-05-19,2025-08-11,4452.2,30.9,310.6,Drip,91.42,Female,48
290,Rift Valley,Rice,7.53,2025-06-11,2025-10-19,7866.0,492.7,889.3,Sprinkler,28.34,Male,33
291,Rift Valley,Potatoes,16.37,2025-03-17,2025-05-30,11072.6,247.7,582.2,Flood,45.33,Female,37
292,Western,Rice,14.19,2025-05-31,2025-09-04,9333.1,317.2,908.5,Flood,95.49,Male,71
293,Nyanza,Wheat,3.61,2025-06-10,2025-10-15,8342.4,160.2,720.6,Drip,46.07,Male,49
294,Nyanza,Beans,10.33,2025-02-05,2025-06-18,7019.0,226.4,1189.4,Rain-fed,49.44,Female,79
295,Central,Wheat,1.65,2025-06-01,2025-09-12,10900.8,305.0,164.4,Rain-fed,53.09,Male,33
296,Rift Valley,Rice,7.34,2025-03-06,2025-06-26,7012.2,95.2,305.0,Rain-fed,70.29,Male,62
297,Eastern,Potatoes,5.79,2025-04-01,2025-08-17,10914.6,285.1,851.4,Flood,67.68,Female,80
298,Eastern,Maize,16.04,2025-05-27,2025-08-20,9156.7,386.6,446.0,Drip,116.5,Male,61
299,Eastern,Beans,11.3,2025-03-23,2025-06-29,4480.0,137.9,1029.8,Drip,101.53,Female,40
300,Central,Maize,3.51,2025-02-13,2025-07-05,9541.8,312.9,197.5,Drip,59.91,Male,71
301,Nyanza,Potatoes,6.53,2025-06-17,2025-10-20,6735.9,493.8,276.1,Rain-fed,51.73,Male,24
302,Eastern,Maize,14.68,2025-06-19,2025-10-05,9040.2,468.0,960.5,Drip,94.66,Male,20
303,Eastern,Rice,16.92,2025-05-24,2025-08-31,5606.3,427.6,128.2,Drip,48.39,Male,38
304,Central,Beans,19.67,2025-05-03,2025-10-15,2404.4,220.9,1011.7,Flood,24.69,Male,59
305,Nyanza,Beans,18.47,2025-02-08,2025-05-14,2932.1,381.5,806.7,Sprinkler,116.5,Male,71
306,Central,Wheat,5.86,2025-05-13,2025-08-24,3096.7,474.7,925.7,Rain-fed,91.89,Female,58
307,Central,Wheat,3.3,2025-05-04,2025-10-05,9730.5,187.4,693.5,Flood,43.83,Female,54
308,Western,Rice,7.83,2025-04-25,2025-07-24,3982.6,52.1,1115.8,Rain-fed,55.49,Male,75
309,Eastern,Beans,5.71,2025-04-03,2025-07-30,5320.6,110.7,287.5,Flood,22.1,Male,31
310,Rift Valley,Wheat,19.28,2025-04-08,2025-07-23,4732.8,257.9,688.8,Rain-fed,77.84,Male,48
311,Rift Valley,Wheat,7.06,2025-06-16,2025-10-15,6346.0,254.0,801.8,Flood,50.19,Male,58
312,Eastern,Rice,7.69,2025-02-22,2025-08-01,4443.8,201.2,103.6,Sprinkler,106.12,Male,42
313,Nyanza,Rice,6.37,2025-06-02,2025-09-19,9474.2,322.6,154.5,Drip,43.09,Female,77
314,Eastern,Maize,10.7,2025-03-08,2025-08-04,10144.7,366.4,751.0,Drip,88.83,Male,79
315,Central,Beans,16.57,2025-01-25,2025-04-07,6911.3,253.8,754.3,Sprinkler,117.06,Female,24
316,Central,Maize,18.65,2025-06-22,2025-09-21,1969.0,58.9,1178.6,Rain-fed,110.47,Male,51
317,Central,Beans,12.19,2025-06-01,2025-09-10,2126.4,188.4,521.6,Sprinkler,92.89,Female,74
318,Nyanza,Maize,1.4,2025-04-09,2025-07-15,2957.4,169.5,530.9,Rain-fed,95.99,Male,21
319,Nyanza,Maize,4.4,2025-01-31,2025-06-25,6093.7,447.7,124.8,Flood,118.63,Female,77
320,Western,Beans,5.48,2025-06-17,2025-09-13,1272.6,37.2,873.5,Drip,85.57,Male,49
321,Eastern,Beans,3.87,2025-03-24,2025-07-11,5257.8,170.8,297.5,Rain-fed,110.78,Female,41
322,Rift Valley,Maize,5.56,2025-03-18,2025-05-20,4730.2,223.1,362.5,Drip,55.3,Male,34
323,Western,Potatoes,15.05,2025-02-13,2025-06-11,8001.2,417.3,838.0,Flood,80.89,Female,73
324,Eastern,Potatoes,13.94,2025-04-16,2025-07-15,5921.3,417.3,543.8,Drip,48.32,Female,24
325,Eastern,Wheat,7.3,2025-02-06,2025-06-23,4570.8,461.2,172.2,Flood,50.19,Male,21
326,Nyanza,Beans,4.77,2025-02-15,2025-06-14,6318.2,476.5,370.4,Sprinkler,28.38,Female,42
327,Western,Maize,2.13,2025-04-09,2025-07-12,9695.3,270.1,385.0,Drip,32.39,Male,62
328,Central,Potatoes,16.23,2025-03-13,2025-06-01,8896.7,132.5,670.8,Flood,37.57,Female,52
329,Western,Beans,17.12,2025-04-19,2025-08-22,9232.2,282.0,788.0,Rain-fed,32.49,Female,41
330,Nyanza,Beans,9.42,2025-01-29,2025-04-11,5928.7,180.4,352.0,Drip,60.53,Female,68
331,Western,Wheat,15.11,2025-05-20,2025-08-02,1556.3,446.6,652.4,Rain-fed,67.01,Male,57
332,Central,Wheat,11.17,2025-02-25,2025-05-25,8928.3,466.8,110.0,Rain-fed,26.62,Male,45
333,Western,Potatoes,19.24,2025-01-20,2025-03-26,11137.7,143.1,124.0,Drip,107.45,Female,63
334,Eastern,Maize,7.07,2025-01-24,2025-07-04,3694.3,491.0,507.8,Drip,41.58,Male,70
335,Western,Rice,12.54,2025-04-09,2025-08-15,887.4,92.5,986.4,Sprinkler,68.07,Female,33
336,Central,Rice,18.65,2025-02-25,2025-05-31,3175.8,82.0,659.8,Drip,60.04,Female,48
337,Nyanza,Rice,19.9,2025-01-27,2025-05-25,5226.8,323.0,1118.1,Sprinkler,86.13,Male,39
338,Rift Valley,Potatoes,19.75,2025-06-03,2025-10-25,7004.2,213.7,644.7,Rain-fed,115.07,Male,66
339,Central,Maize,2.82,2025-04-03,2025-09-18,8963.9,201.6,323.4,Rain-fed,101.41,Male,34
340,Eastern,Rice,13.15,2025-01-06,2025-04-22,4323.4,209.9,423.5,Rain-fed,97.19,Female,50
341,Nyanza,Wheat,11.87,2025-04-10,2025-08-11,4860.5,31.6,894.2,Flood,63.99,Male,55
342,Eastern,Wheat,9.65,2025-05-20,2025-11-03,3449.0,244.6,440.2,Flood,83.03,Female,38
343,Nyanza,Maize,13.61,2025-02-06,2025-06-23,4087.0,269.7,462.3,Sprinkler,53.98,Male,64
344,Central,Rice,7.15,2025-05-11,2025-10-10,4059.3,484.0,455.8,Flood,115.41,Female,29
345,Western,Rice,4.42,2025-06-23,2025-10-13,3309.2,228.5,866.9,Drip,111.06,Male,43
346,Western,Potatoes,9.36,2025-06-20,2025-09-22,10795.1,106.0,825.8,Rain-fed,51.92,Female,49
347,Central,Rice,1.08,2025-02-09,2025-05-14,8489.0,430.0,167.3,Rain-fed,26.78,Female,41
348,Rift Valley,Rice,4.96,2025-03-12,2025-05-16,3268.4,299.0,491.8,Drip,35.41,Female,47
349,Nyanza,Potatoes,9.09,2025-04-14,2025-08-31,11847.4,489.2,429.7,Flood,76.4,Male,68
350,Eastern,Maize,1.16,2025-06-24,2025-11-08,11679.7,333.9,921.5,Flood,83.03,Male,21
351,Eastern,Maize,6.81,2025-05-29,2025-09-13,6570.7,139.9,906.7,Rain-fed,30.53,Male,78
352,Central,Potatoes,13.52,2025-05-20,2025-09-01,656.1,318.9,807.8,Drip,83.75,Female,30
353,Rift Valley,Wheat,3.8,2025-01-13,2025-07-02,905.0,403.9,809.9,Drip,22.43,Male,51
354,Eastern,Beans,4.19,2025-05-19,2025-10-19,10524.2,224.5,1172.3,Drip,57.98,Female,33
355,Central,Potatoes,18.83,2025-02-26,2025-08-18,2088.5,238.1,900.9,Rain-fed,83.72,Male,36
356,Eastern,Maize,17.09,2025-04-11,2025-08-05,1659.1,193.1,548.8,Drip,108.96,Female,26
357,Eastern,Beans,9.16,2025-02-01,2025-05-04,2632.4,31.1,144.2,Sprinkler,105.47,Female,79
358,Rift Valley,Beans,6.29,2025-01-13,2025-03-17,10570.6,392.8,239.2,Rain-fed,66.84,Male,48
359,Rift Valley,Potatoes,10.47,2025-01-29,2025-04-30,1207.1,163.7,337.6,Rain-fed,37.42,Female,48
360,Eastern,Beans,2.62,2025-01-26,2025-06-27,3265.6,161.2,183.8,Drip,37.16,Male,51
361,Central,Potatoes,18.42,2025-01-24,2025-05-29,7155.6,440.7,1085.4,Drip,25.94,Male,60
362,Eastern,Rice,7.62,2025-02-08,2025-07-07,1015.4,112.8,683.2,Drip,30.92,Male,72
363,Western,Wheat,12.21,2025-04-28,2025-09-12,8317.0,101.9,1123.3,Sprinkler,22.99,Female,74
364,Rift Valley,Rice,6.22,2025-02-14,2025-08-05,2000.0,441.7,613.8,Rain-fed,115.37,Female,53
365,Western,Potatoes,6.63,2025-03-28,2025-08-01,11033.8,105.5,981.1,Sprinkler,30.13,Male,57
366,Rift Valley,Beans,5.3,2025-02-12,2025-07-08,7795.6,179.9,460.3,Rain-fed,59.3,Female,23
367,Nyanza,Wheat,11.87,2025-04-28,2025-09-04,4970.6,145.4,353.9,Drip,31.81,Female,69
368,Central,Beans,13.64,2025-01-23,2025-06-24,1809.1,482.5,1069.4,Sprinkler,26.61,Male,42
369,Western,Beans,3.77,2025-02-20,2025-07-28,9669.3,133.9,124.9,Drip,83.09,Female,36
370,Western,Maize,19.96,2025-06-12,2025-09-10,5538.9,44.4,650.4,Flood,45.52,Male,59
371,Eastern,Potatoes,10.61,2025-03-07,2025-06-04,6674.0,486.5,1043.1,Sprinkler,31.31,Male,35
372,Western,Wheat,11.78,2025-05-28,2025-08-02,6058.6,400.2,735.5,Flood,83.73,Male,30
373,Nyanza,Beans,16.01,2025-05-23,2025-10-07,4731.1,296.5,419.4,Rain-fed,58.03,Female,39
374,Central,Wheat,13.23,2025-02-27,2025-05-23,1574.0,491.7,701.7,Sprinkler,82.43,Female,69
375,Central,Maize,9.89,2025-04-16,2025-10-02,9562.2,337.5,446.2,Flood,59.74,Female,33
376,Western,Rice,9.35,2025-04-17,2025-09-19,3125.2,363.7,175.0,Rain-fed,47.54,Female,72
377,Nyanza,Potatoes,3.1,2025-01-23,2025-07-13,8066.1,84.7,729.9,Flood,114.39,Male,53
378,Western,Potatoes,17.8,2025-06-04,2025-11-06,2588.9,450.0,1141.3,Rain-fed,58.52,Male,76
379,Nyanza,Potatoes,7.1,2025-02-23,2025-05-10,5123.4,221.0,689.5,Rain-fed,86.57,Female,46
380,Central,Wheat,14.16,2025-02-14,2025-07-26,6159.5,87.0,111.1,Sprinkler,70.53,Male,36
381,Western,Potatoes,17.91,2025-01-13,2025-05-09,8057.2,141.9,411.2,Drip,90.75,Male,66
382,Central,Potatoes,13.33,2025-03-10,2025-08-29,9561.3,112.3,382.6,Sprinkler,54.97,Male,26
383,Eastern,Potatoes,7.3,2025-05-03,2025-10-27,6151.6,218.4,585.7,Sprinkler,21.55,Female,60
384,Nyanza,Wheat,3.11,2025-03-21,2025-06-11,2776.0,442.3,1014.2,Rain-fed,87.1,Female,72
385,Rift Valley,Maize,14.96,2025-04-28,2025-10-14,8095.0,304.9,634.0,Drip,118.43,Male,30
386,Central,Rice,12.45,2025-03-10,2025-06-24,8891.3,317.2,552.4,Flood,76.68,Female,76
387,Rift Valley,Potatoes,2.04,2025-03-04,2025-06-09,5813.0,106.0,907.3,Drip,75.61,Male,43
388,Central,Maize,14.29,2025-03-18,2025-05-26,8420.8,392.7,945.1,Flood,34.7,Female,25
389,Eastern,Rice,13.24,2025-02-15,2025-06-11,4565.6,115.5,142.3,Rain-fed,68.85,Female,48
390,Eastern,Maize,19.43,2025-01-15,2025-05-29,6583.0,397.1,698.7,Flood,32.15,Male,79
391,Western,Beans,7.55,2025-04-17,2025-07-28,11062.1,298.8,620.5,Sprinkler,75.74,Male,33
392,Central,Maize,3.6,2025-05-28,2025-08-06,5669.0,251.8,1195.2,Rain-fed,91.5,Female,75
393,Rift Valley,Maize,15.09,2025-02-13,2025-05-19,8500.2,203.9,870.0,Flood,25.57,Male,23
394,Rift Valley,Maize,5.29,2025-03-23,2025-05-22,3939.0,162.7,571.7,Rain-fed,52.42,Female,46
395,Rift Valley,Wheat,7.22,2025-04-11,2025-07-23,10654.9,43.4,606.8,Drip,72.94,Female,31
396,Western,Rice,6.46,2025-01-02,2025-06-28,3513.7,76.5,1154.7,Drip,109.44,Male,70
397,Western,Maize,4.46,2025-02-24,2025-07-23,3452.0,173.1,1064.4,Sprinkler,43.25,Male,73
398,Nyanza,Maize,3.92,2025-03-29,2025-09-12,10100.9,25.0,446.4,Drip,99.68,Female,68
399,Nyanza,Wheat,19.86,2025-02-03,2025-07-31,11791.0,150.1,510.5,Sprinkler,49.72,Female,43
400,Eastern,Beans,2.64,2025-05-30,2025-10-19,1708.3,341.3,163.0,Flood,85.8,Female,41
401,Central,Beans,13.43,2025-05-14,2025-10-29,3570.4,269.1,462.6,Rain-fed,61.26,Male,43
402,Rift Valley,Potatoes,1.06,2025-03-31,2025-06-05,10274.9,349.5,894.6,Flood,37.11,Female,72
403,Eastern,Beans,17.31,2025-01-15,2025-04-28,3089.2,56.5,586.6,Sprinkler,40.28,Male,68
404,Western,Wheat,3.6,2025-02-11,2025-07-15,1816.9,20.3,841.1,Flood,28.99,Female,69
405,Nyanza,Beans,3.23,2025-01-16,2025-05-18,2917.2,376.5,845.5,Sprinkler,84.4,Female,29
406,Rift Valley,Beans,12.24,2025-05-24,2025-10-21,4241.7,26.2,539.1,Drip,76.86,Female,62
407,Rift Valley,Wheat,19.95,2025-05-04,2025-08-04,6379.6,181.5,416.5,Rain-fed,40.35,Male,66
408,Rift Valley,Potatoes,16.91,2025-01-19,2025-03-25,1821.9,372.0,1194.5,Rain-fed,57.98,Female,64
409,Nyanza,Wheat,17.26,2025-02-18,2025-07-02,5093.2,321.1,1161.2,Rain-fed,40.9,Female,33
410,Central,maiz,7.03,2025-05-15,2025-10-22,2783.9,66.8,839.2,Drip,96.94,Female,80
411,Western,Rice,12.22,2025-03-20,2025-08-09,6025.7,220.5,431.6,Flood,113.34,Female,78
412,Western,Potatoes,3.7,2025-02-17,2025-05-10,4203.0,350.3,1021.1,Flood,96.78,Female,66
413,Nyanza,Wheat,11.0,2025-01-01,2025-06-11,9852.3,309.5,388.8,Drip,75.1,Female,50
414,Eastern,maiz,16.25,2025-06-03,2025-08-24,6263.3,448.6,294.8,Sprinkler,63.98,Female,44
415,Western,Rice,7.24,2025-03-29,2025-08-19,9112.8,40.5,777.4,Sprinkler,100.79,Male,53
416,Eastern,Rice,18.0,2025-05-28,2025-11-05,9807.6,374.7,853.4,Flood,25.01,Male,59
417,Nyanza,Maize,3.3,2025-02-04,2025-06-08,1034.5,395.6,979.8,Flood,23.62,Female,74
418,Central,Potatoes,6.47,2025-05-20,2025-08-02,4533.4,462.1,379.9,Flood,84.62,Female,24
419,Rift Valley,Rice,6.93,2025-01-14,2025-06-10,1409.9,373.8,1073.2,Flood,45.01,Female,59
420,Western,Beans,10.63,2025-04-27,2025-09-29,2815.8,321.2,300.3,Drip,75.62,Female,47
421,Rift Valley,Maize,1.2,2025-04-25,2025-08-25,5723.8,341.1,172.6,Drip,54.96,Male,66
422,Western,Rice,5.48,2025-01-09,2025-05-25,889.4,110.9,590.0,Sprinkler,81.39,Male,37
423,Nyanza,Wheat,1.05,2025-02-24,2025-05-05,2466.7,228.6,539.5,Drip,57.55,Male,77
424,Nyanza,Maize,1.58,2025-02-19,2025-06-19,10991.7,375.8,215.8,Flood,35.66,Male,22
425,Western,Beans,3.25,2025-05-10,2025-09-16,2303.6,32.2,179.2,Flood,117.97,Female,74
426,Eastern,Rice,6.76,2025-02-04,2025-07-02,10098.3,439.7,526.4,Flood,29.1,Female,72
427,Eastern,Beans,9.72,2025-03-11,2025-09-07,11951.4,114.4,647.3,Sprinkler,61.39,Male,44
428,Eastern,Beans,12.73,2025-06-09,2025-09-29,2800.4,177.8,1024.5,Flood,92.7,Male,49
429,Nyanza,Rice,8.49,2025-01-14,2025-04-07,8156.5,436.7,681.9,Sprinkler,51.85,Female,50
430,Central,Potatoes,19.15,2025-02-26,2025-07-27,2243.1,39.8,759.3,Flood,59.43,Female,64
431,Central,Wheat,18.66,2025-01-30,2025-07-21,4226.2,382.3,753.0,Rain-fed,67.17,Female,68
432,Eastern,Wheat,14.18,2025-03-04,2025-06-15,8742.2,243.6,994.0,Drip,67.08,Male,45
433,Rift Valley,Potatoes,14.0,2025-04-23,2025-09-20,5022.2,187.7,693.9,Flood,70.07,Female,29
434,Western,Wheat,5.41,2025-05-15,2025-07-14,4995.5,414.0,646.3,Drip,109.29,Female,74
435,Eastern,Wheat,5.8,2025-01-02,2025-03-09,5503.7,126.4,1083.7,Drip,45.94,Female,68
436,Central,Potatoes,11.44,2025-03-14,2025-07-18,8311.0,320.1,655.6,Sprinkler,118.04,Male,74
437,Western,Rice,11.74,2025-01-24,2025-05-26,7583.3,48.2,290.5,Sprinkler,71.66,Male,39
438,Eastern,Maize,3.25,2025-06-16,2025-10-24,8537.3,66.6,404.0,Flood,68.18,Male,20
439,Central,Maize,14.79,2025-05-10,2025-08-16,6045.4,401.2,886.1,Rain-fed,65.31,Female,58
440,Eastern,Rice,15.48,2025-05-07,2025-09-23,3714.5,104.3,379.3,Flood,22.98,Female,33
441,Western,Maize,9.2,2025-04-16,2025-08-23,5587.1,168.4,495.6,Sprinkler,26.73,Male,70
442,Western,Rice,2.06,2025-04-16,2025-08-06,9511.2,232.9,1173.6,Sprinkler,43.37,Male,54
443,Nyanza,Potatoes,18.03,2025-02-18,2025-07-20,4357.0,433.6,851.3,Rain-fed,86.38,Female,48
444,Central,Rice,8.72,2025-03-30,2025-07-05,4367.0,43.0,534.1,Flood,113.31,Male,76
445,Nyanza,Potatoes,11.13,2025-04-18,2025-10-06,8479.3,113.3,926.0,Flood,25.57,Female,41
446,Central,Maize,5.18,2025-06-24,2025-10-23,1693.2,285.1,337.1,Sprinkler,96.21,Female,39
447,Western,Beans,1.61,2025-06-08,2025-11-14,1167.8,227.4,1125.9,Drip,43.79,Male,56
448,Rift Valley,Rice,1.9,2025-03-10,2025-08-25,2819.3,42.9,751.4,Flood,72.86,Female,78
449,Western,Wheat,14.62,2025-05-13,2025-08-02,3517.7,259.0,252.4,Sprinkler,93.2,Female,43
450,Central,Potatoes,5.94,2025-03-03,2025-07-10,1074.0,453.3,231.5,Flood,69.78,Male,72
451,Central,Potatoes,4.34,2025-01-11,2025-03-31,11068.1,34.7,1040.3,Drip,39.36,Male,40
452,Rift Valley,Rice,8.77,2025-01-03,2025-06-26,5498.9,465.4,214.6,Flood,32.88,Female,49
453,Nyanza,Maize,4.65,2025-04-11,2025-08-03,6412.7,121.0,294.4,Rain-fed,70.96,Female,41
454,Western,Wheat,3.67,2025-01-10,2025-05-19,10776.0,215.2,718.0,Drip,22.23,Male,37
455,Central,Potatoes,14.47,2025-01-31,2025-06-16,2501.4,290.3,838.7,Rain-fed,61.21,Female,70
456,Rift Valley,Rice,9.95,2025-04-27,2025-10-14,3790.2,64.9,670.8,Rain-fed,109.1,Female,53
457,Rift Valley,Rice,9.08,2025-03-22,2025-05-24,6098.5,496.2,550.5,Flood,54.67,Male,69
458,Eastern,Potatoes,6.49,2025-06-10,2025-09-23,7376.9,363.1,1069.2,Drip,59.68,Female,60
459,Eastern,Beans,14.97,2025-02-11,2025-06-17,11627.1,146.6,128.3,Flood,98.57,Male,42
460,Western,Rice,17.1,2025-05-01,2025-07-02,4130.3,279.4,754.5,Drip,118.56,Male,76
461,Central,Potatoes,3.38,2025-03-15,2025-09-01,7412.2,318.3,1098.5,Flood,31.93,Female,30
462,Nyanza,Wheat,13.41,2025-02-02,2025-04-22,9285.0,49.4,507.4,Sprinkler,102.82,Male,24
463,Rift Valley,Maize,4.33,2025-03-09,2025-06-21,8966.2,492.9,729.3,Flood,85.65,Male,41
464,Nyanza,Potatoes,14.15,2025-01-05,2025-06-03,6596.7,109.0,206.7,Rain-fed,43.65,Female,45
465,Western,Beans,5.41,2025-05-25,2025-08-17,2461.5,36.4,401.7,Drip,96.71,Female,39
466,Western,Beans,18.06,2025-02-26,2025-06-04,10759.7,212.9,437.2,Sprinkler,80.01,Female,52
467,Central,Rice,3.92,2025-04-26,2025-07-21,4569.9,208.4,792.6,Drip,49.59,Male,40
468,Rift Valley,Wheat,9.19,2025-05-09,2025-11-03,632.4,434.7,645.1,Drip,81.47,Male,61
469,Nyanza,Beans,6.03,2025-02-07,2025-05-12,5383.7,469.5,253.1,Sprinkler,86.74,Female,65
470,Nyanza,Maize,2.75,2025-03-14,2025-09-09,7955.1,222.5,1004.2,Sprinkler,32.16,Female,77
471,Nyanza,Rice,16.6,2025-06-27,2025-11-15,10330.9,179.1,1156.2,Sprinkler,59.48,Male,34
472,Central,Rice,8.91,2025-01-03,2025-05-22,3426.7,460.9,503.9,Sprinkler,76.26,Male,42
473,Eastern,Wheat,12.13,2025-06-27,2025-11-02,6152.4,386.4,636.0,Flood,71.22,Female,53
474,Eastern,Potatoes,2.13,2025-05-19,2025-09-23,5544.2,87.8,952.5,Sprinkler,81.24,Female,51
475,Nyanza,Rice,7.7,2025-04-27,2025-09-22,7636.6,29.0,586.0,Flood,31.53,Female,27
476,Central,Wheat,12.75,2025-02-20,2025-06-23,10075.3,251.0,816.5,Rain-fed,53.48,Female,49
477,Central,Maize,12.27,2025-04-16,2025-08-20,1742.0,268.7,349.9,Flood,73.11,Female,65
478,Nyanza,Potatoes,5.59,2025-04-27,2025-08-18,10829.2,124.2,413.0,Rain-fed,113.22,Female,78
479,Western,Wheat,15.83,2025-03-11,2025-07-07,4773.1,315.8,931.9,Sprinkler,119.12,Male,80
480,Eastern,Wheat,17.16,2025-05-31,2025-11-20,11244.5,136.6,187.2,Flood,106.77,Male,60
481,Western,Beans,5.55,2025-06-17,2025-11-09,1145.4,296.9,588.1,Rain-fed,22.19,Male,32
482,Central,Maize,16.59,2025-05-14,2025-07-24,4488.5,56.9,1021.2,Rain-fed,55.13,Male,34
483,Central,Rice,12.08,2025-02-07,2025-04-28,3556.3,177.0,700.5,Drip,96.59,Female,44
484,Central,Wheat,8.08,2025-03-12,2025-09-04,6109.3,430.7,155.0,Sprinkler,49.63,Male,67
485,Nyanza,Maize,2.24,2025-04-27,2025-09-07,9265.7,391.6,779.4,Flood,32.34,Female,42
486,Nyanza,Maize,16.13,2025-02-07,2025-04-30,4547.7,498.8,774.2,Sprinkler,97.41,Female,69
487,Western,Wheat,6.52,2025-04-16,2025-07-19,8812.1,330.0,740.6,Rain-fed,59.27,Female,45
488,Rift Valley,Beans,10.08,2025-03-31,2025-08-06,1766.5,393.0,232.9,Drip,26.22,Female,75
489,Eastern,Potatoes,3.07,2025-04-30,2025-08-31,10207.1,180.8,856.8,Drip,61.24,Male,39
490,Rift Valley,Wheat,11.23,2025-03-26,2025-06-09,4043.6,349.7,579.0,Flood,87.07,Female,43
491,Eastern,Rice,19.73,2025-02-01,2025-07-05,10667.4,320.1,814.7,Rain-fed,114.16,Female,36
492,Western,Potatoes,8.5,2025-05-11,2025-08-17,10060.8,254.2,574.1,Flood,77.24,Male,22
493,Eastern,Rice,19.03,2025-06-14,2025-11-08,1728.9,455.8,634.4,Flood,65.0,Female,40
494,Western,Wheat,4.36,2025-04-28,2025-07-28,10492.2,352.6,1156.2,Flood,49.1,Male,20
495,Western,Wheat,10.49,2025-04-16,2025-07-06,593.3,368.0,112.0,Flood,23.47,Male,74
496,Eastern,Rice,15.1,2025-02-09,2025-07-23,11250.7,395.9,675.6,Sprinkler,26.06,Female,22
497,Nyanza,Beans,18.54,2025-02-28,2025-07-27,4427.3,177.0,691.0,Rain-fed,84.34,Male,25
498,Rift Valley,Wheat,12.6,2025-01-04,2025-05-29,8015.8,336.6,1101.9,Rain-fed,95.68,Female,41
499,Rift Valley,Maize,4.74,2025-01-02,2025-05-10,1016.2,93.1,353.8,Flood,110.54,Male,71
500,Eastern,Rice,7.25,2025-02-08,2025-05-27,9506.1,350.2,470.4,Sprinkler,90.0,Female,33
501,Western,Potatoes,3.41,2025-01-07,2025-03-19,3094.2,461.1,490.9,Rain-fed,104.82,Male,58
502,Western,Maize,13.66,2025-03-18,2025-09-09,2251.9,441.5,1172.7,Flood,81.82,Male,66
503,Rift Valley,Maize,12.12,2025-02-12,2025-08-10,4018.3,72.4,142.9,Rain-fed,28.29,Male,27
504,Eastern,Potatoes,14.32,2025-02-04,2025-05-09,7079.9,197.6,345.0,Drip,106.35,Male,78
505,Eastern,Wheat,17.15,2025-05-25,2025-10-14,1515.2,436.2,563.6,Sprinkler,102.62,Female,22
506,Western,Wheat,13.98,2025-02-23,2025-05-19,10415.3,459.5,351.1,Rain-fed,65.73,Female,38
507,Central,Beans,3.74,2025-05-25,2025-11-05,3472.9,435.9,816.8,Drip,59.5,Male,72
508,Western,Rice,8.14,2025-03-07,2025-05-25,10568.8,231.6,692.4,Rain-fed,25.09,Male,79
509,Eastern,Maize,10.25,2025-05-21,2025-08-27,10106.6,323.0,417.2,Rain-fed,111.3,Male,62
510,Nyanza,Rice,2.38,2025-05-20,2025-09-20,11375.2,399.5,380.4,Flood,72.43,Female,20
511,Central,Maize,17.8,2025-06-24,2025-09-29,9515.0,195.5,378.4,Flood,68.71,Male,47
512,Eastern,Wheat,16.05,2025-04-03,2025-08-30,3866.9,351.6,1186.4,Sprinkler,113.19,Female,75
513,Central,Maize,8.26,2025-05-26,2025-08-24,7428.1,223.1,244.1,Flood,33.29,Female,30
514,Western,Rice,16.96,2025-03-03,2025-07-17,990.7,327.1,535.5,Sprinkler,52.37,Male,67
515,Eastern,Rice,14.58,2025-03-28,2025-08-16,11484.8,24.3,567.9,Sprinkler,25.96,Female,66
516,Rift Valley,Maize,10.87,2025-01-03,2025-03-19,1867.3,497.9,577.6,Flood,27.5,Female,57
517,Nyanza,Wheat,2.22,2025-05-15,2025-11-07,1162.7,404.7,351.2,Flood,102.44,Female,66
518,Eastern,Wheat,2.84,2025-02-13,2025-06-06,1204.2,178.8,309.9,Flood,42.93,Male,39
519,Rift Valley,Rice,6.67,2025-01-29,2025-07-02,9866.1,205.0,1097.1,Rain-fed,42.34,Male,57
520,Nyanza,Potatoes,2.84,2025-01-19,2025-05-07,4453.1,48.1,509.9,Rain-fed,31.56,Male,74
521,Western,Potatoes,6.49,2025-02-13,2025-05-15,5076.5,482.5,576.9,Drip,103.05,Female,64
522,Rift Valley,Potatoes,1.49,2025-03-27,2025-05-31,538.9,377.7,1073.4,Rain-fed,21.62,Male,23
523,Eastern,Beans,5.88,2025-06-28,2025-09-05,10854.2,279.3,230.9,Flood,91.8,Male,79
524,Western,Potatoes,7.33,2025-04-10,2025-09-21,3143.7,290.9,156.5,Drip,40.08,Female,60
525,Rift Valley,Beans,6.17,2025-02-01,2025-07-25,6318.3,309.6,820.8,Flood,33.59,Female,33
526,Central,Maize,1.59,2025-03-22,2025-07-21,10584.5,334.3,1087.2,Rain-fed,31.21,Female,80
527,Eastern,Potatoes,9.8,2025-04-12,2025-07-04,7977.6,427.7,107.1,Drip,42.1,Female,55
528,Nyanza,Rice,4.92,2025-04-22,2025-08-14,4262.4,474.8,231.1,Drip,53.83,Male,29
529,Western,Rice,6.02,2025-06-20,2025-09-02,8601.4,490.6,779.3,Flood,89.2,Female,60
530,Eastern,Rice,3.16,2025-01-09,2025-05-16,5905.4,364.3,214.4,Flood,92.05,Female,44
531,Eastern,maiz,16.14,2025-05-22,2025-10-27,10800.7,262.4,434.1,Sprinkler,98.53,Female,76
532,Nyanza,Maize,18.41,2025-01-09,2025-03-26,8343.8,418.5,505.2,Flood,46.58,Male,24
533,Eastern,Wheat,8.84,2025-02-21,2025-06-04,2620.5,196.9,174.7,Rain-fed,73.24,Female,64
534,Eastern,Maize,4.54,2025-05-10,2025-08-03,5542.5,481.8,256.6,Rain-fed,43.42,Male,29
535,Rift Valley,Rice,3.83,2025-06-01,2025-11-10,10987.1,431.8,185.0,Sprinkler,113.7,Male,35
536,Western,Rice,18.29,2025-03-19,2025-06-05,9362.5,252.1,115.2,Drip,84.22,Female,38
537,Rift Valley,Beans,16.61,2025-04-03,2025-09-09,10015.0,165.3,712.2,Rain-fed,118.06,Male,32
538,Central,Beans,14.38,2025-01-28,2025-05-28,5775.1,165.7,355.9,Flood,111.78,Male,73
539,Nyanza,Maize,4.92,2025-06-11,2025-09-21,6502.4,140.9,814.8,Flood,28.59,Male,33
540,Central,Maize,13.17,2025-04-27,2025-09-16,1946.0,385.8,332.7,Sprinkler,86.73,Female,50
541,Nyanza,Maize,8.41,2025-06-02,2025-10-01,6815.7,300.3,248.3,Drip,68.67,Male,50
542,Eastern,Beans,4.49,2025-05-31,2025-08-05,3871.8,398.7,112.3,Rain-fed,22.91,Female,60
543,Western,Potatoes,18.32,2025-04-05,2025-07-01,11362.5,382.9,438.4,Flood,82.15,Female,65
544,Eastern,Potatoes,17.25,2025-05-29,2025-09-08,8823.7,349.2,988.6,Flood,81.8,Male,61
545,Nyanza,Rice,11.36,2025-01-21,2025-05-13,2212.6,193.1,797.1,Drip,62.96,Male,49
546,Central,Rice,8.53,2025-01-15,2025-06-23,10246.3,139.1,1175.4,Drip,67.95,Male,64
547,Western,Beans,16.17,2025-01-21,2025-05-24,11323.0,132.6,483.8,Sprinkler,118.7,Male,55
548,Central,Rice,14.59,2025-03-11,2025-05-29,4900.9,359.5,147.9,Flood,49.43,Male,48
549,Western,Beans,8.2,2025-06-23,2025-09-24,8153.9,186.3,152.5,Flood,25.68,Female,43
550,Western,Beans,7.28,2025-04-09,2025-08-22,11796.3,40.7,909.9,Rain-fed,34.69,Male,26
551,Central,Beans,4.38,2025-02-15,2025-08-07,2152.1,235.4,359.4,Flood,40.3,Female,49
552,Eastern,Rice,19.37,2025-03-14,2025-07-07,4186.3,420.0,1188.8,Flood,42.43,Female,47
553,Eastern,Maize,11.91,2025-02-17,2025-04-24,3505.4,246.6,138.3,Rain-fed,27.83,Female,78
554,Nyanza,Wheat,9.14,2025-02-01,2025-05-29,5175.5,379.5,822.2,Flood,31.39,Female,68
555,Central,Rice,6.5,2025-06-20,2025-10-02,11402.4,333.4,779.4,Drip,80.62,Male,64
556,Rift Valley,Beans,11.13,2025-05-05,2025-10-15,8746.2,150.1,1028.5,Flood,48.97,Male,22
557,Eastern,Maize,11.58,2025-03-28,2025-06-01,1592.4,249.0,363.8,Flood,81.74,Male,74
558,Eastern,Rice,19.81,2025-05-15,2025-09-17,8450.1,37.5,1048.0,Flood,46.92,Female,47
559,Nyanza,Rice,9.3,2025-05-10,2025-10-13,9057.0,306.2,502.6,Flood,86.7,Male,48
560,Western,Potatoes,3.51,2025-03-08,2025-06-01,4585.0,316.1,889.0,Drip,57.43,Female,71
561,Central,Wheat,11.27,2025-05-06,2025-10-11,11477.6,418.4,344.8,Flood,97.64,Male,60
562,Central,maiz,3.57,2025-01-12,2025-06-02,5209.8,390.7,445.4,Flood,104.73,Female,60
563,Western,Potatoes,1.84,2025-03-30,2025-08-01,8173.0,345.2,540.6,Rain-fed,90.3,Female,37
564,Central,maiz,10.86,2025-02-19,2025-06-04,702.5,417.7,999.5,Flood,39.08,Female,56
565,Western,Rice,14.76,2025-01-27,2025-05-08,10324.2,28.1,122.3,Sprinkler,48.32,Female,32
566,Eastern,Beans,11.18,2025-03-25,2025-09-06,1349.2,200.0,451.2,Flood,27.61,Male,47
567,Eastern,Potatoes,11.4,2025-05-15,2025-10-23,11335.8,263.6,341.9,Flood,106.8,Female,58
568,Central,Rice,12.39,2025-06-21,2025-10-07,5205.8,106.8,367.4,Drip,59.7,Male,48
569,Rift Valley,Maize,17.06,2025-05-23,2025-08-11,7173.1,327.6,669.0,Drip,52.14,Male,75
570,Eastern,Rice,10.76,2025-05-12,2025-10-06,7554.7,33.8,906.2,Drip,29.14,Male,32
571,Western,Potatoes,8.35,2025-03-11,2025-09-07,6462.5,153.6,1196.6,Rain-fed,36.5,Female,36
572,Eastern,Potatoes,7.51,2025-05-10,2025-08-07,11934.4,224.3,447.8,Flood,32.11,Female,59
573,Eastern,Maize,18.44,2025-03-10,2025-06-27,8726.6,76.3,1115.4,Drip,105.95,Male,59
574,Central,Maize,15.63,2025-03-28,2025-07-24,11234.5,228.2,959.1,Rain-fed,70.81,Female,44
575,Nyanza,Rice,19.2,2025-04-10,2025-09-29,4875.7,254.2,524.3,Drip,79.22,Female,63
576,Eastern,Rice,12.26,2025-04-16,2025-07-06,10422.2,91.3,689.7,Sprinkler,47.41,Female,52
577,Western,Beans,3.75,2025-06-07,2025-09-13,5533.7,330.6,1106.9,Drip,104.05,Male,31
578,Rift Valley,Wheat,3.51,2025-04-12,2025-07-11,6683.4,348.2,753.6,Drip,103.06,Male,78
579,Western,Potatoes,19.46,2025-01-27,2025-05-12,4996.1,311.7,1196.3,Sprinkler,59.22,Female,75
580,Western,Wheat,15.59,2025-02-17,2025-06-25,1690.3,429.5,421.2,Rain-fed,111.88,Male,63
581,Rift Valley,Beans,7.22,2025-06-27,2025-09-09,5610.5,98.7,1069.9,Drip,20.5,Male,73
582,Nyanza,Potatoes,19.56,2025-05-16,2025-09-21,11406.1,396.4,567.2,Drip,45.24,Female,56
583,Western,Wheat,12.14,2025-02-28,2025-06-02,6193.9,194.7,355.3,Rain-fed,42.88,Female,55
584,Central,Rice,18.88,2025-05-21,2025-08-15,1626.5,402.9,787.3,Sprinkler,35.95,Male,39
585,Eastern,Maize,1.49,2025-06-16,2025-09-28,11266.5,174.8,841.3,Rain-fed,119.99,Male,51
586,Nyanza,Beans,4.75,2025-01-25,2025-06-19,7226.4,363.6,980.6,Drip,50.32,Male,45
587,Nyanza,Rice,11.47,2025-05-23,2025-09-02,10047.0,389.7,354.1,Drip,61.22,Female,21
588,Western,Rice,4.72,2025-04-26,2025-08-08,4879.7,26.4,297.2,Flood,105.23,Female,66
589,Rift Valley,Rice,2.78,2025-03-28,2025-08-24,1132.5,105.1,844.7,Flood,118.18,Male,47
590,Nyanza,Maize,18.09,2025-04-20,2025-10-11,9971.5,476.9,404.7,Sprinkler,92.35,Male,64
591,Eastern,Potatoes,15.7,2025-03-14,2025-05-14,10657.0,20.5,162.0,Drip,27.03,Male,26
592,Nyanza,Beans,14.85,2025-03-31,2025-06-20,1490.4,282.3,1120.6,Rain-fed,95.32,Male,27
593,Western,Wheat,6.75,2025-06-15,2025-10-25,11538.9,497.1,544.0,Rain-fed,55.79,Female,53
594,Rift Valley,Rice,13.18,2025-02-09,2025-05-23,5378.7,400.5,619.2,Flood,112.85,Male,53
595,Western,Maize,12.15,2025-03-20,2025-08-02,3507.0,142.3,544.6,Rain-fed,109.71,Female,28
596,Nyanza,Maize,13.68,2025-01-17,2025-04-20,11421.1,283.8,173.2,Flood,117.13,Female,72
597,Western,Rice,19.17,2025-04-25,2025-08-09,8148.7,356.5,823.2,Drip,89.22,Female,70
598,Nyanza,Wheat,18.13,2025-01-26,2025-04-14,9004.0,424.8,955.2,Drip,20.1,Female,40
599,Nyanza,Rice,17.67,2025-06-06,2025-10-24,9571.8,348.2,877.1,Flood,94.55,Male,50
600,Eastern,Wheat,8.03,2025-06-06,2025-11-07,6965.4,287.9,667.2,Flood,71.22,Male,49
601,Eastern,maiz,18.95,2025-06-30,2025-10-02,9766.2,74.1,332.7,Sprinkler,103.53,Male,54
602,Western,Beans,3.76,2025-04-14,2025-10-02,8054.9,410.4,907.6,Sprinkler,21.29,Male,78
603,Nyanza,Wheat,9.46,2025-01-05,2025-03-31,751.4,466.0,451.1,Rain-fed,108.79,Male,66
604,Rift Valley,Maize,9.12,2025-02-28,2025-07-11,3809.2,370.5,698.4,Flood,42.59,Female,47
605,Eastern,Maize,4.93,2025-01-25,2025-05-02,5359.1,87.6,350.1,Drip,74.91,Male,72
606,Nyanza,Beans,10.39,2025-04-20,2025-10-05,695.6,251.5,1079.3,Drip,76.38,Female,24
607,Central,Wheat,12.82,2025-02-08,2025-07-09,9597.6,315.8,885.8,Rain-fed,83.09,Male,66
608,Eastern,Maize,1.73,2025-06-19,2025-12-13,4221.3,140.0,726.8,Sprinkler,76.65,Male,30
609,Nyanza,Beans,11.33,2025-05-25,2025-11-03,4586.6,284.2,474.9,Flood,67.42,Female,28
610,Rift Valley,Wheat,9.01,2025-06-12,2025-08-21,7605.4,478.9,1055.1,Drip,97.45,Male,37
611,Rift Valley,Beans,5.41,2025-01-02,2025-06-22,11985.0,193.4,705.0,Sprinkler,40.05,Male,44
612,Eastern,Rice,10.98,2025-05-20,2025-08-11,938.0,479.5,544.1,Sprinkler,29.95,Male,40
613,Rift Valley,Beans,14.36,2025-05-01,2025-08-14,9097.1,81.2,843.0,Rain-fed,39.69,Female,49
614,Rift Valley,Maize,14.01,2025-02-16,2025-06-10,7505.7,394.3,685.0,Drip,32.02,Male,74
615,Central,Wheat,2.53,2025-06-19,2025-11-16,3540.3,215.3,1132.6,Flood,107.88,Female,56
616,Rift Valley,Beans,11.21,2025-01-05,2025-05-16,9851.0,303.8,352.3,Flood,43.96,Male,77
617,Western,Wheat,17.45,2025-02-14,2025-05-22,3209.1,63.5,303.7,Drip,40.01,Male,53
618,Eastern,Wheat,6.72,2025-04-04,2025-08-11,10799.5,155.7,575.5,Sprinkler,38.84,Female,68
619,Nyanza,Beans,14.84,2025-03-31,2025-06-26,8037.7,357.0,1062.6,Drip,72.1,Male,26
620,Central,Beans,10.98,2025-02-17,2025-04-19,5750.6,126.0,847.0,Rain-fed,112.55,Female,80
621,Nyanza,Potatoes,10.76,2025-05-24,2025-11-12,747.5,26.3,470.4,Drip,70.08,Female,67
622,Central,Maize,19.03,2025-06-07,2025-10-01,3029.3,313.6,961.2,Sprinkler,62.38,Female,62
623,Central,Beans,14.94,2025-03-13,2025-08-27,10271.5,148.6,209.1,Sprinkler,60.88,Female,59
624,Central,Potatoes,5.84,2025-06-04,2025-08-13,2480.6,477.0,244.1,Flood,75.38,Female,47
625,Nyanza,Rice,4.24,2025-04-25,2025-10-14,3480.5,125.0,1133.9,Rain-fed,56.6,Female,70
626,Central,Beans,19.76,2025-04-20,2025-07-26,6973.5,410.5,116.6,Sprinkler,89.23,Male,68
627,Nyanza,Beans,13.97,2025-06-28,2025-12-10,8819.2,369.0,300.9,Flood,102.11,Male,64
628,Rift Valley,Rice,15.21,2025-05-16,2025-07-17,8697.3,315.2,455.3,Flood,30.36,Male,63
629,Central,Rice,17.07,2025-04-29,2025-07-07,2325.3,214.9,429.7,Drip,20.95,Male,40
630,Central,Wheat,15.04,2025-05-08,2025-10-01,3066.4,86.2,1127.2,Drip,105.97,Male,46
631,Central,Potatoes,9.71,2025-04-14,2025-06-24,8738.1,165.4,738.0,Flood,78.06,Female,77
632,Eastern,Rice,17.06,2025-06-12,2025-10-06,7982.3,40.2,755.5,Flood,49.64,Female,49
633,Rift Valley,Potatoes,11.9,2025-01-28,2025-06-14,7354.3,153.8,448.4,Rain-fed,105.21,Female,25
634,Western,Potatoes,13.57,2025-03-21,2025-07-12,6471.5,44.2,411.4,Flood,84.15,Female,22
635,Western,Maize,12.63,2025-04-22,2025-09-03,9042.1,477.7,1048.2,Sprinkler,38.7,Male,61
636,Central,Potatoes,17.19,2025-05-05,2025-10-13,3166.0,170.2,316.5,Sprinkler,114.58,Male,45
637,Western,Beans,12.79,2025-01-09,2025-05-17,10349.8,303.6,566.5,Drip,44.47,Male,80
638,Nyanza,Wheat,10.86,2025-05-29,2025-10-05,11101.5,324.5,1115.4,Rain-fed,85.7,Male,66
639,Rift Valley,Beans,8.24,2025-04-17,2025-09-22,6954.3,29.7,992.5,Flood,42.25,Female,71
640,Rift Valley,Beans,19.06,2025-06-23,2025-10-14,10287.9,272.2,170.6,Drip,56.51,Female,55
641,Nyanza,Maize,5.17,2025-03-06,2025-07-11,4108.3,51.2,323.5,Flood,115.79,Female,60
642,Central,Beans,13.1,2025-05-17,2025-10-26,1012.7,291.5,308.3,Rain-fed,41.36,Female,32
643,Nyanza,Potatoes,4.21,2025-01-10,2025-07-05,3850.3,366.6,693.6,Drip,27.1,Male,49
644,Eastern,Beans,4.2,2025-06-16,2025-09-01,1146.1,64.1,720.5,Sprinkler,65.31,Female,75
645,Western,Potatoes,3.25,2025-05-30,2025-09-24,4002.5,304.6,268.7,Flood,82.53,Male,27
646,Nyanza,Rice,12.12,2025-04-13,2025-06-22,6973.1,194.2,195.5,Rain-fed,81.69,Female,69
647,Central,Wheat,8.23,2025-04-24,2025-09-14,9221.9,470.6,935.2,Flood,72.06,Male,73
648,Rift Valley,Maize,7.62,2025-03-31,2025-08-24,2535.7,372.1,748.6,Drip,104.95,Female,63
649,Rift Valley,Maize,8.73,2025-03-31,2025-08-03,1825.8,88.5,515.4,Flood,28.99,Female,42
650,Western,Potatoes,1.48,2025-01-28,2025-07-14,2268.1,153.2,468.4,Sprinkler,47.55,Male,20
651,Central,Rice,14.67,2025-06-01,2025-11-03,6995.5,197.4,1053.0,Drip,86.01,Female,68
652,Nyanza,Maize,12.45,2025-05-18,2025-09-27,7835.2,92.1,1054.9,Flood,80.62,Female,28
653,Central,Rice,2.31,2025-06-09,2025-09-22,1072.6,258.4,839.9,Sprinkler,27.33,Female,50
654,Eastern,Wheat,9.3,2025-06-16,2025-10-27,4094.7,88.5,513.1,Sprinkler,26.84,Female,42
655,Western,Maize,5.44,2025-03-28,2025-07-10,2898.8,70.0,920.0,Drip,75.34,Male,68
656,Rift Valley,Potatoes,8.17,2025-03-02,2025-08-24,2461.2,64.6,1087.4,Sprinkler,90.28,Female,67
657,Nyanza,Maize,9.61,2025-04-22,2025-09-30,10023.1,421.4,784.6,Flood,114.66,Male,64
658,Nyanza,Beans,13.91,2025-06-01,2025-11-19,2886.0,194.8,433.5,Drip,118.95,Female,67
659,Rift Valley,Maize,2.38,2025-05-03,2025-09-21,1967.6,386.5,536.6,Sprinkler,22.82,Male,27
660,Nyanza,Wheat,11.51,2025-05-09,2025-10-08,7275.5,29.4,322.0,Drip,104.56,Female,75
661,Nyanza,Beans,18.1,2025-03-18,2025-06-03,5885.3,476.3,715.5,Drip,42.83,Male,33
662,Eastern,Rice,13.77,2025-03-28,2025-07-13,6384.2,194.8,989.3,Drip,42.07,Female,60
663,Western,Beans,17.61,2025-02-25,2025-08-01,2737.0,412.5,470.1,Drip,28.6,Male,77
664,Central,Potatoes,17.65,2025-04-03,2025-07-24,3048.8,304.2,124.0,Rain-fed,26.84,Male,72
665,Rift Valley,Rice,2.04,2025-02-28,2025-06-13,1156.0,373.7,795.7,Drip,77.84,Male,33
666,Nyanza,Wheat,19.71,2025-06-06,2025-10-25,6401.5,279.5,897.1,Flood,21.95,Female,80
667,Eastern,Rice,16.11,2025-04-02,2025-08-17,5749.6,183.0,531.3,Rain-fed,112.56,Male,77
668,Central,Wheat,17.55,2025-03-10,2025-09-03,556.2,230.1,298.0,Sprinkler,119.89,Female,63
669,Western,Potatoes,14.58,2025-04-29,2025-09-28,11731.1,265.4,785.4,Sprinkler,111.37,Male,77
670,Eastern,Maize,11.54,2025-06-04,2025-11-29,2617.3,416.6,394.1,Flood,117.37,Female,78
671,Nyanza,Maize,4.26,2025-02-03,2025-05-21,5041.8,482.2,100.9,Sprinkler,92.6,Male,30
672,Rift Valley,Rice,1.5,2025-03-14,2025-07-17,6130.8,349.9,530.5,Drip,39.51,Male,59
673,Central,Maize,7.64,2025-06-15,2025-10-10,10330.1,273.2,271.1,Sprinkler,104.96,Female,71
674,Rift Valley,Maize,10.66,2025-04-11,2025-09-30,2901.5,56.4,1163.0,Rain-fed,114.38,Female,51
675,Nyanza,Rice,16.96,2025-04-12,2025-08-13,3189.4,380.3,280.7,Rain-fed,99.51,Female,28
676,Eastern,Potatoes,18.31,2025-05-12,2025-09-09,6748.3,323.7,1080.7,Drip,36.29,Female,22
677,Western,Maize,19.7,2025-01-14,2025-05-05,4148.0,283.5,951.9,Flood,111.17,Female,73
678,Rift Valley,Maize,17.67,2025-05-11,2025-09-04,10668.9,234.1,956.3,Sprinkler,77.3,Female,24
679,Nyanza,Rice,18.34,2025-02-25,2025-07-31,9250.3,199.5,415.9,Rain-fed,29.54,Male,22
680,Eastern,Beans,1.35,2025-02-26,2025-07-21,7204.0,355.1,300.6,Flood,104.96,Male,69
681,Rift Valley,Maize,15.99,2025-04-18,2025-08-15,9924.5,40.8,923.7,Drip,75.37,Male,56
682,Nyanza,Rice,18.58,2025-03-13,2025-06-02,9218.7,420.8,623.3,Drip,31.87,Female,64
683,Eastern,Potatoes,2.16,2025-04-05,2025-10-02,6709.2,330.4,563.4,Sprinkler,86.14,Male,44
684,Eastern,Maize,12.77,2025-03-16,2025-07-12,850.5,389.4,382.4,Rain-fed,33.49,Female,21
685,Western,Potatoes,13.74,2025-04-22,2025-09-19,2829.9,87.4,796.6,Drip,53.81,Female,33
686,Eastern,Potatoes,17.4,2025-01-26,2025-05-24,11438.0,62.9,771.4,Rain-fed,23.95,Male,59
687,Nyanza,Wheat,3.12,2025-05-15,2025-08-13,2395.2,182.8,711.2,Sprinkler,28.18,Male,75
688,Eastern,Beans,16.53,2025-01-15,2025-05-02,2227.7,466.3,1043.3,Drip,50.92,Female,21
689,Central,Beans,10.84,2025-05-26,2025-10-25,2662.8,440.2,394.2,Drip,109.85,Male,54
690,Central,Potatoes,15.98,2025-05-29,2025-08-27,8597.6,149.1,623.3,Drip,85.71,Male,71
691,Central,Rice,12.43,2025-04-27,2025-09-18,3596.2,498.1,539.5,Drip,51.04,Female,40
692,Rift Valley,Maize,10.46,2025-05-25,2025-10-04,4108.8,119.6,439.6,Sprinkler,60.46,Female,67
693,Rift Valley,Maize,14.01,2025-01-19,2025-07-13,3109.6,484.4,363.7,Sprinkler,48.93,Female,64
694,Rift Valley,Beans,12.78,2025-05-05,2025-10-26,6412.8,462.0,462.0,Drip,92.2,Male,79
695,Nyanza,Wheat,7.02,2025-06-04,2025-09-30,10865.9,232.8,108.5,Sprinkler,67.33,Female,61
696,Eastern,Rice,16.85,2025-05-17,2025-09-12,851.9,216.5,590.7,Drip,92.77,Female,37
697,Rift Valley,Maize,9.15,2025-02-26,2025-08-02,3096.3,138.6,1001.2,Flood,57.52,Female,75
698,Eastern,Maize,10.34,2025-06-17,2025-11-26,11990.6,335.7,695.3,Rain-fed,22.5,Male,25
699,Eastern,Rice,18.51,2025-03-23,2025-09-11,3988.7,193.3,777.8,Drip,110.82,Male,53
700,Rift Valley,Rice,12.77,2025-02-21,2025-05-19,6968.1,273.2,116.6,Sprinkler,27.63,Male,26
701,Rift Valley,Potatoes,18.87,2025-04-26,2025-08-20,3553.6,226.6,1001.8,Flood,85.88,Female,36
702,Central,Potatoes,10.22,2025-04-29,2025-08-30,1664.9,312.4,782.2,Rain-fed,71.94,Female,33
703,Central,Potatoes,12.11,2025-03-17,2025-08-20,7205.1,127.0,1141.9,Rain-fed,35.39,Male,69
704,Eastern,Potatoes,7.05,2025-06-14,2025-11-14,11531.3,444.5,885.5,Rain-fed,83.5,Female,75
705,Eastern,Rice,4.85,2025-06-11,2025-09-22,9783.7,103.7,313.3,Sprinkler,58.21,Female,41
706,Rift Valley,Potatoes,15.04,2025-06-30,2025-12-03,11278.3,243.7,227.4,Sprinkler,53.97,Male,34
707,Central,Maize,16.88,2025-04-28,2025-10-06,8932.9,87.5,926.7,Flood,60.22,Female,26
708,Western,Beans,8.37,2025-04-09,2025-07-22,3774.4,186.8,983.5,Flood,105.43,Male,42
709,Eastern,Rice,17.9,2025-01-20,2025-06-27,4925.7,44.1,127.4,Rain-fed,31.74,Female,42
710,Eastern,Wheat,19.67,2025-01-25,2025-05-02,2744.4,306.7,829.8,Rain-fed,103.57,Female,67
711,Rift Valley,Beans,6.57,2025-06-06,2025-11-25,4819.9,284.7,1153.9,Sprinkler,80.52,Male,20
712,Central,Wheat,2.2,2025-04-10,2025-08-15,3460.9,455.3,958.9,Drip,51.95,Male,20
713,Eastern,Maize,14.74,2025-01-12,2025-04-18,7640.5,316.7,361.7,Rain-fed,38.45,Female,63
714,Central,Rice,2.46,2025-03-15,2025-05-24,9842.0,166.7,350.9,Rain-fed,61.06,Male,43
715,Western,Potatoes,14.99,2025-02-11,2025-06-13,10813.1,142.6,639.8,Drip,30.55,Female,57
716,Western,Potatoes,10.08,2025-03-14,2025-05-30,6516.2,379.7,596.8,Rain-fed,106.53,Female,21
717,Eastern,Beans,10.91,2025-05-22,2025-09-19,8431.5,48.4,690.7,Rain-fed,74.38,Male,52
718,Eastern,Maize,15.86,2025-01-08,2025-06-01,4964.0,35.9,1139.6,Drip,107.56,Male,61
719,Rift Valley,Rice,10.19,2025-05-31,2025-11-11,4335.8,126.7,318.5,Sprinkler,38.13,Female,55
720,Western,Rice,1.27,2025-03-13,2025-06-26,6669.3,119.8,451.8,Rain-fed,26.84,Female,30
721,Eastern,Maize,2.04,2025-01-09,2025-05-09,6798.3,422.0,572.8,Drip,40.73,Male,26
722,Eastern,Potatoes,10.24,2025-03-01,2025-08-22,8471.0,23.4,870.2,Sprinkler,59.26,Female,49
723,Central,Wheat,18.92,2025-03-06,2025-07-14,2991.1,119.5,142.5,Rain-fed,40.84,Female,54
724,Eastern,Wheat,10.51,2025-02-22,2025-05-30,3265.5,128.5,662.5,Drip,69.39,Female,53
725,Rift Valley,Beans,9.7,2025-04-20,2025-07-25,4330.6,202.2,106.4,Drip,55.34,Male,22
726,Eastern,Rice,9.7,2025-01-29,2025-04-14,565.6,449.0,677.5,Rain-fed,78.27,Female,74
727,Eastern,Beans,5.67,2025-04-12,2025-06-21,7982.7,172.7,128.6,Drip,119.56,Male,65
728,Western,Wheat,4.88,2025-01-20,2025-07-19,2096.5,297.5,1140.6,Sprinkler,27.51,Female,37
729,Central,Beans,13.27,2025-04-20,2025-08-05,10738.5,179.8,538.0,Rain-fed,82.88,Male,31
730,Central,Potatoes,5.15,2025-01-11,2025-05-08,9417.3,95.1,381.7,Sprinkler,96.57,Male,53
731,Western,Beans,5.18,2025-06-23,2025-12-01,4227.0,28.5,278.7,Sprinkler,30.64,Male,72
732,Nyanza,Wheat,17.88,2025-01-28,2025-05-06,8704.6,41.1,234.3,Sprinkler,37.78,Female,41
733,Western,Potatoes,9.49,2025-05-10,2025-08-27,997.1,97.9,864.4,Drip,85.99,Female,59
734,Rift Valley,Potatoes,15.63,2025-05-31,2025-07-30,4492.7,319.8,215.7,Sprinkler,54.32,Female,74
735,Western,Wheat,3.08,2025-05-20,2025-08-30,4456.4,287.2,458.2,Flood,63.54,Female,60
736,Central,Maize,12.88,2025-06-09,2025-09-06,8505.3,298.7,358.5,Drip,104.46,Female,43
737,Eastern,Beans,18.84,2025-03-19,2025-08-30,1101.8,156.9,982.9,Flood,52.38,Female,35
738,Central,Maize,16.28,2025-03-26,2025-09-10,3064.4,171.3,1033.1,Flood,24.03,Female,46
739,Central,Beans,8.37,2025-05-26,2025-09-26,8573.4,150.2,1090.6,Drip,99.26,Male,48
740,Rift Valley,Rice,18.76,2025-06-11,2025-09-30,2614.6,196.8,668.8,Sprinkler,45.54,Male,25
741,Rift Valley,Potatoes,2.83,2025-06-19,2025-11-21,983.1,262.2,889.5,Sprinkler,21.16,Male,76
742,Nyanza,Maize,3.67,2025-04-21,2025-10-05,10026.6,256.2,947.2,Drip,43.88,Male,59
743,Western,Beans,3.96,2025-04-24,2025-06-23,11509.7,71.1,476.6,Sprinkler,57.71,Female,56
744,Rift Valley,Potatoes,4.14,2025-06-05,2025-11-15,1291.4,330.2,1136.3,Drip,62.94,Female,47
745,Eastern,Maize,3.13,2025-06-10,2025-11-21,9378.4,435.7,1043.8,Rain-fed,74.17,Male,34
746,Central,Rice,16.52,2025-04-06,2025-09-27,7622.3,333.9,845.6,Rain-fed,77.69,Female,72
747,Rift Valley,Wheat,2.07,2025-02-13,2025-05-16,912.5,375.4,703.4,Flood,105.55,Male,73
748,Nyanza,Rice,10.3,2025-01-27,2025-07-04,11376.3,444.8,272.7,Flood,105.59,Male,66
749,Central,Potatoes,8.83,2025-01-24,2025-05-01,9417.1,252.0,364.2,Rain-fed,70.15,Male,28
750,Western,Rice,11.14,2025-06-16,2025-11-20,10934.4,310.4,160.3,Flood,95.97,Female,51
751,Nyanza,Rice,9.28,2025-05-13,2025-08-12,5427.6,84.6,1196.2,Drip,69.88,Female,28
752,Eastern,maiz,3.67,2025-06-30,2025-10-15,3364.4,217.3,215.8,Rain-fed,58.87,Male,40
753,Rift Valley,Potatoes,6.34,2025-04-02,2025-07-05,3288.4,429.3,1196.9,Flood,98.43,Female,48
754,Central,Maize,9.05,2025-04-12,2025-07-29,5896.7,213.2,665.6,Drip,77.49,Female,55
755,Western,Beans,8.28,2025-01-19,2025-07-02,4168.1,161.0,1029.1,Flood,59.76,Male,66
756,Eastern,Wheat,7.02,2025-01-01,2025-06-14,4815.6,377.1,659.4,Rain-fed,52.85,Female,37
757,Nyanza,Potatoes,16.76,2025-05-17,2025-09-19,9916.2,395.8,125.1,Rain-fed,58.51,Male,29
758,Central,Beans,6.97,2025-04-11,2025-09-16,10229.1,60.5,133.5,Drip,111.24,Female,33
759,Western,Rice,16.65,2025-02-19,2025-05-28,7262.5,245.9,260.6,Sprinkler,117.81,Female,53
760,Central,Wheat,12.44,2025-04-23,2025-08-17,699.8,341.1,1061.0,Drip,80.62,Male,71
761,Rift Valley,Wheat,14.95,2025-02-16,2025-05-06,8091.1,432.2,1007.3,Sprinkler,67.39,Female,39
762,Nyanza,Rice,17.34,2025-05-22,2025-09-16,11827.4,173.9,435.9,Rain-fed,21.64,Male,29
763,Nyanza,Rice,16.79,2025-03-20,2025-06-27,3803.0,96.7,134.2,Rain-fed,49.0,Male,29
764,Eastern,Potatoes,5.19,2025-02-22,2025-07-19,5034.2,327.9,536.1,Drip,67.57,Male,57
765,Eastern,Wheat,16.12,2025-05-23,2025-10-04,5174.4,335.6,248.4,Sprinkler,111.61,Male,53
766,Central,Maize,14.15,2025-04-20,2025-06-25,6579.9,311.2,1149.1,Rain-fed,54.36,Female,30
767,Rift Valley,Potatoes,17.84,2025-03-05,2025-07-08,1680.4,351.6,703.2,Sprinkler,41.41,Female,64
768,Nyanza,Beans,16.08,2025-02-15,2025-07-05,2383.9,204.8,1092.1,Drip,84.43,Female,52
769,Western,Maize,18.72,2025-06-23,2025-09-17,8122.3,162.5,495.7,Rain-fed,56.78,Female,76
770,Rift Valley,Wheat,7.97,2025-02-08,2025-06-12,9733.3,95.6,332.6,Sprinkler,63.44,Female,20
771,Western,Rice,9.24,2025-05-05,2025-07-24,10385.8,331.3,723.6,Drip,49.04,Female,57
772,Central,Maize,8.57,2025-06-09,2025-08-16,10367.1,298.4,596.3,Flood,95.7,Male,58
773,Nyanza,Wheat,16.07,2025-02-04,2025-04-17,9199.2,298.2,656.4,Flood,104.45,Female,42
774,Rift Valley,Beans,7.96,2025-04-04,2025-08-10,4243.5,226.6,1166.9,Sprinkler,46.95,Female,70
775,Central,Potatoes,10.17,2025-02-14,2025-07-28,8204.6,458.4,739.6,Sprinkler,22.5,Male,53
776,Central,Beans,12.28,2025-04-19,2025-10-05,10918.8,337.1,413.9,Sprinkler,80.39,Male,70
777,Central,Maize,13.29,2025-02-08,2025-06-09,1511.8,111.0,719.1,Rain-fed,77.41,Female,78
778,Eastern,Potatoes,8.92,2025-05-06,2025-10-19,9955.9,443.4,875.9,Sprinkler,96.99,Male,37
779,Western,Beans,15.22,2025-01-07,2025-05-27,6555.1,332.2,170.7,Drip,81.41,Male,25
780,Nyanza,Rice,7.01,2025-03-27,2025-07-10,4520.1,413.2,1112.9,Rain-fed,23.38,Female,32
781,Western,Beans,9.41,2025-01-24,2025-03-27,695.2,298.0,435.6,Sprinkler,48.27,Male,20
782,Rift Valley,Rice,2.65,2025-04-07,2025-08-16,9098.4,42.0,988.7,Drip,81.85,Male,26
783,Rift Valley,Rice,7.97,2025-06-27,2025-12-21,1021.5,295.7,722.6,Flood,33.2,Female,26
784,Eastern,Wheat,10.34,2025-05-25,2025-08-11,3178.7,186.6,861.2,Flood,28.53,Male,31
785,Rift Valley,Wheat,3.47,2025-03-12,2025-07-04,10754.2,45.7,283.2,Sprinkler,95.26,Female,70
786,Eastern,Rice,10.07,2025-05-31,2025-09-28,1084.5,129.8,1053.5,Flood,53.07,Male,20
787,Eastern,maiz,7.32,2025-06-15,2025-09-30,8780.8,330.0,470.1,Rain-fed,98.5,Female,27
788,Nyanza,Maize,3.55,2025-06-24,2025-11-14,10085.0,43.4,813.6,Flood,82.57,Male,30
789,Western,Rice,15.96,2025-02-12,2025-08-02,11870.9,477.3,367.8,Rain-fed,94.14,Female,60
790,Nyanza,Maize,3.37,2025-01-20,2025-06-27,9327.5,291.2,1094.6,Flood,111.93,Male,68
791,Rift Valley,Beans,5.78,2025-01-10,2025-04-27,3743.9,308.4,101.8,Flood,20.31,Female,20
792,Nyanza,Maize,18.42,2025-06-24,2025-09-05,10918.8,62.8,117.1,Flood,118.02,Male,67
793,Eastern,Wheat,13.01,2025-06-07,2025-09-11,4919.3,135.6,1185.1,Drip,47.8,Female,48
794,Central,Wheat,18.72,2025-05-20,2025-11-07,11671.0,34.8,372.4,Drip,22.07,Female,33
795,Central,Wheat,5.72,2025-04-10,2025-06-16,4205.0,63.4,293.1,Drip,59.57,Female,69
796,Western,Wheat,9.53,2025-06-19,2025-11-19,1879.9,242.4,999.8,Flood,106.26,Male,52
797,Eastern,Maize,9.17,2025-03-11,2025-05-17,5865.4,61.2,146.0,Drip,52.66,Male,59
798,Rift Valley,Wheat,11.55,2025-02-16,2025-06-23,11160.0,49.2,458.7,Sprinkler,103.72,Female,28
799,Rift Valley,Rice,13.31,2025-02-02,2025-07-13,8704.7,150.4,348.2,Flood,105.25,Female,36
800,Eastern,Potatoes,3.36,2025-04-22,2025-07-15,7204.4,29.9,927.3,Drip,109.16,Male,39
801,Western,Wheat,15.79,2025-03-12,2025-09-01,1585.8,351.2,570.5,Drip,22.65,Male,31
802,Western,Maize,10.46,2025-05-17,2025-11-09,3601.3,175.0,948.1,Flood,42.21,Female,70
803,Central,Beans,18.45,2025-06-09,2025-08-26,5543.0,55.9,509.6,Drip,109.93,Male,72
804,Rift Valley,Wheat,15.83,2025-06-16,2025-09-09,7852.3,380.6,931.5,Drip,42.12,Male,58
805,Nyanza,Beans,3.99,2025-06-06,2025-11-27,2142.8,154.3,693.8,Drip,113.93,Male,29
806,Central,Rice,14.6,2025-04-22,2025-08-04,1783.1,56.3,813.0,Flood,102.21,Female,21
807,Eastern,Wheat,8.77,2025-02-22,2025-06-07,1428.9,87.2,998.1,Rain-fed,98.4,Male,27
808,Central,Rice,12.86,2025-04-29,2025-10-11,5726.6,111.4,693.1,Flood,85.67,Male,37
809,Eastern,Maize,17.34,2025-01-13,2025-05-09,3942.6,316.5,122.7,Drip,25.51,Female,63
810,Central,Potatoes,16.29,2025-04-09,2025-06-30,8239.3,220.1,1091.5,Sprinkler,42.69,Female,77
811,Eastern,Rice,13.93,2025-01-22,2025-05-17,5151.8,148.7,564.2,Sprinkler,34.3,Male,79
812,Eastern,Beans,10.68,2025-06-20,2025-09-15,10121.7,258.6,1104.7,Drip,51.36,Male,61
813,Western,Wheat,13.7,2025-02-18,2025-08-10,5738.3,462.5,217.8,Flood,51.71,Female,69
814,Rift Valley,Beans,2.08,2025-03-02,2025-06-30,2438.2,440.7,261.0,Flood,92.73,Female,67
815,Nyanza,Beans,7.57,2025-02-18,2025-05-02,9590.9,159.2,681.9,Sprinkler,85.11,Female,70
816,Central,Beans,17.23,2025-02-03,2025-04-27,11520.5,359.8,622.9,Rain-fed,92.57,Male,42
817,Nyanza,Beans,13.17,2025-04-09,2025-09-23,7050.6,29.1,514.9,Drip,98.37,Female,47
818,Western,Wheat,19.6,2025-05-01,2025-08-12,5801.7,242.3,1100.8,Rain-fed,73.62,Male,47
819,Nyanza,Maize,7.81,2025-02-11,2025-04-26,9589.1,240.1,1054.9,Flood,44.06,Female,75
820,Rift Valley,Wheat,18.63,2025-05-03,2025-08-17,2062.0,364.6,1183.3,Sprinkler,87.91,Female,41
821,Rift Valley,Rice,9.65,2025-05-09,2025-07-27,7888.8,187.4,117.1,Sprinkler,26.38,Female,33
822,Rift Valley,Maize,8.63,2025-02-27,2025-06-23,3164.9,289.4,113.7,Rain-fed,23.49,Male,30
823,Nyanza,Beans,3.49,2025-02-24,2025-07-03,2980.4,362.4,379.5,Sprinkler,68.91,Male,21
824,Western,Potatoes,13.47,2025-02-02,2025-06-11,8855.0,257.3,658.5,Drip,63.17,Female,79
825,Nyanza,Maize,9.41,2025-03-11,2025-06-19,4421.3,195.1,452.4,Rain-fed,79.59,Male,20
826,Eastern,Rice,1.7,2025-05-05,2025-09-03,2809.0,215.4,1070.3,Sprinkler,86.02,Male,46
827,Rift Valley,Beans,18.68,2025-05-19,2025-10-18,2820.1,236.6,609.4,Drip,21.04,Male,22
828,Western,Maize,7.04,2025-06-06,2025-11-07,3768.4,417.2,628.8,Rain-fed,74.73,Male,61
829,Nyanza,Rice,9.3,2025-02-27,2025-05-05,10728.7,416.3,269.5,Rain-fed,100.27,Female,45
830,Rift Valley,Maize,19.44,2025-01-06,2025-06-10,8431.9,460.3,635.8,Flood,98.6,Male,34
831,Eastern,Maize,4.3,2025-05-27,2025-08-08,8366.2,258.6,111.0,Rain-fed,61.0,Female,40
832,Eastern,Potatoes,1.98,2025-02-13,2025-05-15,3944.8,113.6,106.1,Flood,66.59,Female,49
833,Central,Wheat,8.02,2025-02-15,2025-05-17,7454.6,441.3,176.1,Sprinkler,111.08,Male,46
834,Eastern,Wheat,18.33,2025-01-06,2025-04-10,4183.8,105.9,1132.1,Flood,41.33,Male,45
835,Nyanza,Potatoes,10.42,2025-04-30,2025-07-02,3107.4,149.1,611.5,Drip,114.97,Male,32
836,Nyanza,Potatoes,17.37,2025-06-01,2025-09-07,9229.6,30.6,395.4,Drip,100.14,Female,54
837,Eastern,Wheat,10.19,2025-02-23,2025-07-28,7325.2,409.2,819.3,Sprinkler,61.36,Female,26
838,Rift Valley,Beans,9.89,2025-02-19,2025-05-05,6684.7,455.4,443.8,Drip,35.65,Female,70
839,Central,Maize,11.18,2025-03-21,2025-06-10,9133.1,230.9,772.5,Sprinkler,54.87,Male,80
840,Eastern,Maize,2.33,2025-04-11,2025-07-11,9497.0,434.5,211.7,Rain-fed,116.89,Male,30
841,Eastern,Beans,14.32,2025-02-04,2025-05-23,1573.3,261.4,579.2,Sprinkler,115.27,Female,53
842,Rift Valley,Potatoes,18.41,2025-04-08,2025-08-13,7278.1,21.5,956.7,Drip,42.48,Female,24
843,Western,Wheat,1.48,2025-05-14,2025-11-02,9745.0,367.1,655.2,Rain-fed,111.96,Female,50
844,Nyanza,Beans,15.41,2025-04-09,2025-07-22,7579.1,354.1,1026.9,Rain-fed,108.08,Female,63
845,Rift Valley,Potatoes,14.82,2025-02-15,2025-05-24,11477.4,110.7,1161.6,Sprinkler,83.66,Female,32
846,Rift Valley,Beans,9.1,2025-04-12,2025-07-15,5041.5,399.0,1109.9,Flood,49.79,Male,65
847,Nyanza,Rice,10.99,2025-05-14,2025-11-07,11741.1,435.5,114.7,Sprinkler,24.65,Male,59
848,Central,Beans,1.6,2025-01-09,2025-07-03,3427.7,438.7,454.8,Sprinkler,91.6,Male,79
849,Eastern,Wheat,16.7,2025-03-26,2025-08-24,3306.2,473.5,266.0,Flood,100.32,Male,41
850,Western,Potatoes,17.97,2025-06-10,2025-11-20,3598.7,338.0,323.3,Drip,61.91,Female,47
851,Eastern,Potatoes,3.78,2025-02-04,2025-06-08,7823.8,227.4,311.7,Drip,46.22,Female,64
852,Western,Wheat,5.2,2025-04-15,2025-08-30,10453.8,469.9,655.5,Flood,105.64,Female,70
853,Eastern,Potatoes,6.61,2025-05-17,2025-07-26,3255.9,51.5,558.3,Sprinkler,105.6,Male,64
854,Western,Beans,9.24,2025-05-19,2025-08-16,11888.7,202.9,528.7,Sprinkler,87.52,Male,47
855,Eastern,Maize,18.48,2025-02-05,2025-05-17,9751.5,166.4,1191.3,Sprinkler,50.86,Male,76
856,Central,Rice,3.56,2025-01-07,2025-04-27,2997.4,437.4,279.6,Drip,33.08,Female,26
857,Western,Potatoes,8.59,2025-03-18,2025-07-19,1334.2,70.7,1161.1,Sprinkler,86.47,Female,30
858,Central,Maize,13.91,2025-03-20,2025-07-03,3853.7,110.3,511.2,Drip,43.46,Female,73
859,Western,Beans,4.97,2025-06-21,2025-10-18,3867.9,283.6,624.7,Sprinkler,112.26,Female,38
860,Western,Beans,16.14,2025-03-15,2025-08-02,10920.2,309.9,1024.2,Rain-fed,87.63,Female,37
861,Rift Valley,Wheat,2.13,2025-03-17,2025-07-15,7431.2,494.9,626.6,Flood,52.42,Female,39
862,Rift Valley,Maize,14.9,2025-05-09,2025-08-03,936.7,43.8,856.4,Rain-fed,93.78,Male,45
863,Nyanza,Rice,9.32,2025-02-06,2025-07-25,11546.0,279.4,716.9,Flood,24.12,Female,68
864,Western,Potatoes,3.0,2025-01-28,2025-06-17,10910.0,174.7,375.5,Flood,85.58,Male,49
865,Rift Valley,Wheat,14.75,2025-06-04,2025-11-07,3127.5,188.8,1172.4,Flood,40.6,Male,33
866,Central,Rice,6.91,2025-02-13,2025-04-17,6036.3,380.7,799.9,Flood,41.4,Female,49
867,Nyanza,Rice,1.11,2025-06-10,2025-11-22,7873.2,42.2,955.1,Flood,69.51,Female,30
868,Rift Valley,Beans,5.99,2025-04-24,2025-08-27,10138.1,215.4,238.0,Flood,107.77,Female,52
869,Eastern,Potatoes,19.84,2025-03-29,2025-06-11,7336.7,391.8,816.4,Flood,61.17,Male,37
870,Eastern,Rice,1.73,2025-05-24,2025-10-16,11185.9,27.2,1149.8,Rain-fed,111.26,Male,54
871,Eastern,Wheat,12.5,2025-06-08,2025-10-30,9884.4,246.9,665.4,Sprinkler,53.7,Female,61
872,Rift Valley,Maize,4.7,2025-02-15,2025-05-27,2757.6,150.5,1049.3,Sprinkler,22.83,Female,21
873,Rift Valley,Beans,6.63,2025-02-19,2025-07-30,5560.4,470.7,360.2,Drip,97.34,Male,37
874,Western,Potatoes,8.61,2025-03-05,2025-05-05,4017.7,53.9,745.8,Rain-fed,26.86,Male,46
875,Rift Valley,Maize,3.08,2025-01-10,2025-06-01,4250.7,334.6,815.7,Rain-fed,97.0,Male,61
876,Rift Valley,Potatoes,1.88,2025-03-24,2025-08-14,11761.6,275.1,352.6,Sprinkler,115.11,Male,49
877,Eastern,Potatoes,8.48,2025-05-10,2025-07-28,8290.5,431.8,1188.2,Sprinkler,79.93,Female,59
878,Rift Valley,Rice,3.63,2025-01-24,2025-07-06,3832.0,231.6,1090.1,Sprinkler,102.59,Female,25
879,Central,Potatoes,11.09,2025-06-17,2025-10-14,4079.3,271.5,773.2,Sprinkler,30.89,Female,32
880,Western,Beans,6.37,2025-02-25,2025-04-30,3238.2,162.7,551.8,Drip,86.64,Female,74
881,Eastern,Rice,6.76,2025-03-15,2025-07-20,9022.5,493.8,880.4,Rain-fed,119.19,Male,74
882,Rift Valley,Rice,12.86,2025-05-09,2025-10-17,4894.2,393.7,1104.4,Sprinkler,44.39,Male,79
883,Nyanza,Wheat,11.04,2025-01-21,2025-06-18,956.5,215.2,786.7,Sprinkler,107.22,Male,74
884,Rift Valley,Beans,2.88,2025-04-21,2025-08-21,11519.5,225.0,261.3,Flood,34.89,Female,61
885,Eastern,Rice,8.14,2025-05-23,2025-08-23,6392.5,230.8,666.0,Rain-fed,22.78,Female,43
886,Western,Beans,19.97,2025-05-30,2025-11-09,10799.2,410.7,1047.3,Drip,88.25,Male,37
887,Nyanza,Beans,6.0,2025-05-30,2025-10-24,6209.5,473.4,707.7,Rain-fed,84.38,Female,32
888,Central,Potatoes,10.95,2025-04-26,2025-08-29,1827.3,169.2,255.1,Flood,89.08,Male,62
889,Western,Beans,5.3,2025-06-06,2025-09-06,1020.2,117.9,839.6,Drip,48.74,Female,56
890,Eastern,Wheat,3.12,2025-02-05,2025-07-24,9387.5,406.2,478.3,Drip,102.34,Male,41
891,Western,Beans,9.29,2025-05-01,2025-07-07,1290.4,215.8,101.0,Drip,38.84,Female,80
892,Western,Wheat,13.83,2025-03-17,2025-08-10,4110.1,124.8,400.4,Sprinkler,101.95,Female,27
893,Eastern,Maize,4.93,2025-02-21,2025-07-16,8095.0,87.1,322.2,Rain-fed,47.06,Male,68
894,Western,Maize,18.48,2025-04-05,2025-09-11,10722.7,497.6,966.5,Rain-fed,102.87,Female,73
895,Central,Beans,5.11,2025-04-08,2025-08-06,846.8,298.5,1138.5,Rain-fed,60.5,Female,80
896,Nyanza,Wheat,3.48,2025-01-18,2025-04-16,2830.8,428.6,717.2,Sprinkler,39.11,Female,33
897,Eastern,Maize,14.07,2025-02-14,2025-07-11,1638.0,390.5,709.4,Drip,96.93,Female,59
898,Eastern,Rice,8.82,2025-01-29,2025-07-13,9246.7,469.1,790.2,Flood,34.03,Male,49
899,Rift Valley,Wheat,18.88,2025-05-13,2025-09-28,7275.2,478.1,651.6,Sprinkler,98.47,Male,62
900,Western,Rice,12.05,2025-06-30,2025-09-20,5258.9,464.0,1033.2,Sprinkler,21.67,Male,63
901,Nyanza,Wheat,2.02,2025-04-01,2025-09-02,7176.1,263.7,962.7,Drip,31.9,Female,65
902,Nyanza,Maize,7.09,2025-02-20,2025-07-29,1925.5,100.1,1014.3,Flood,83.38,Female,67
903,Western,Rice,17.7,2025-05-25,2025-11-16,939.6,108.7,350.6,Flood,42.34,Female,24
904,Nyanza,maiz,12.5,2025-03-27,2025-06-05,10361.9,182.9,667.4,Rain-fed,112.53,Male,30
905,Rift Valley,Maize,19.89,2025-04-17,2025-09-26,3868.2,435.2,358.1,Rain-fed,38.33,Female,26
906,Rift Valley,Maize,16.73,2025-06-20,2025-12-09,2195.2,165.7,805.0,Drip,84.46,Male,72
907,Rift Valley,Beans,6.37,2025-05-08,2025-08-23,10463.0,242.9,873.4,Drip,118.25,Female,42
908,Rift Valley,Wheat,16.0,2025-02-02,2025-07-10,4863.2,342.9,1095.3,Rain-fed,47.64,Male,32
909,Central,Rice,6.18,2025-02-02,2025-05-29,2346.3,349.7,672.2,Drip,98.4,Female,60
910,Western,Maize,19.87,2025-03-16,2025-08-17,8928.8,428.6,792.4,Drip,74.9,Female,23
911,Western,Wheat,11.75,2025-03-10,2025-05-13,6355.2,74.0,621.1,Rain-fed,100.92,Male,43
912,Nyanza,Rice,11.79,2025-04-20,2025-07-23,5725.1,406.5,816.9,Drip,89.23,Female,77
913,Nyanza,Maize,14.72,2025-05-28,2025-08-20,9675.1,327.8,1108.1,Sprinkler,57.68,Male,76
914,Nyanza,Wheat,10.24,2025-03-07,2025-05-22,3083.8,182.6,689.7,Flood,119.11,Female,70
915,Western,Maize,16.0,2025-05-29,2025-08-26,8180.7,191.5,985.0,Sprinkler,75.64,Male,47
916,Central,Maize,16.22,2025-01-27,2025-06-13,8010.2,165.0,657.6,Flood,111.46,Female,70
917,Central,Rice,13.92,2025-04-28,2025-09-01,3490.2,155.0,446.1,Flood,49.24,Male,58
918,Rift Valley,Rice,6.96,2025-04-08,2025-07-22,1683.3,431.8,316.1,Sprinkler,70.83,Male,51
919,Central,Rice,4.81,2025-04-06,2025-08-03,8447.7,418.5,387.2,Sprinkler,53.61,Female,29
920,Western,Rice,15.16,2025-01-17,2025-05-30,11938.0,167.8,227.7,Sprinkler,30.78,Male,58
921,Eastern,Wheat,10.33,2025-02-25,2025-07-08,9532.2,139.2,648.6,Drip,104.54,Male,74
922,Nyanza,Maize,14.18,2025-04-07,2025-09-02,7960.6,32.6,872.5,Rain-fed,99.85,Male,25
923,Rift Valley,Wheat,5.2,2025-05-04,2025-07-08,9520.2,122.6,465.5,Flood,71.75,Male,23
924,Rift Valley,Rice,6.16,2025-06-16,2025-08-25,2705.8,193.1,493.3,Rain-fed,35.84,Male,55
925,Nyanza,Rice,12.77,2025-06-05,2025-11-28,11808.8,188.4,1194.5,Drip,94.68,Female,29
926,Eastern,Beans,19.01,2025-02-13,2025-06-27,11801.5,387.0,207.0,Sprinkler,42.09,Male,22
927,Eastern,Potatoes,8.39,2025-06-10,2025-09-22,10941.6,70.7,1082.6,Rain-fed,42.32,Female,79
928,Eastern,Beans,18.99,2025-01-31,2025-05-02,6648.0,496.1,491.7,Flood,28.85,Female,53
929,Rift Valley,Beans,9.58,2025-04-08,2025-08-09,10834.1,261.2,222.5,Drip,70.65,Male,32
930,Central,Rice,2.0,2025-02-17,2025-07-06,4650.1,25.6,193.4,Sprinkler,41.15,Male,71
931,Nyanza,Potatoes,3.56,2025-06-09,2025-11-15,7642.1,321.3,194.1,Flood,52.33,Male,46
932,Central,Maize,1.62,2025-04-21,2025-10-11,10410.2,441.2,299.5,Flood,55.96,Female,29
933,Rift Valley,Potatoes,17.97,2025-02-18,2025-06-09,6765.6,403.6,148.3,Sprinkler,100.64,Female,76
934,Rift Valley,Potatoes,15.52,2025-01-15,2025-06-10,9081.1,234.2,1069.7,Drip,54.64,Male,47
935,Nyanza,Rice,13.1,2025-05-12,2025-10-26,4256.0,40.2,1199.8,Rain-fed,78.24,Female,78
936,Eastern,Beans,2.07,2025-01-04,2025-06-08,4405.4,119.9,418.4,Sprinkler,61.5,Female,58
937,Eastern,Rice,9.03,2025-03-01,2025-07-16,10358.8,449.0,1016.4,Rain-fed,91.38,Female,32
938,Nyanza,Beans,17.65,2025-05-15,2025-08-20,2435.5,438.4,241.9,Rain-fed,77.41,Male,48
939,Eastern,Rice,2.53,2025-03-18,2025-06-17,9377.4,294.9,243.1,Drip,22.78,Female,51
940,Central,Beans,14.05,2025-06-16,2025-09-29,4531.6,324.7,802.7,Rain-fed,80.1,Male,64
941,Nyanza,Rice,17.02,2025-04-07,2025-09-05,7146.8,479.9,1107.5,Drip,52.09,Male,21
942,Nyanza,Potatoes,19.2,2025-05-07,2025-08-15,7858.5,458.5,288.9,Rain-fed,32.53,Female,39
943,Western,Potatoes,5.11,2025-03-04,2025-05-06,1241.6,236.8,593.8,Rain-fed,111.24,Female,27
944,Nyanza,Beans,17.62,2025-03-12,2025-05-25,1279.2,230.1,453.5,Sprinkler,62.33,Female,66
945,Western,Maize,18.21,2025-04-30,2025-10-21,671.4,286.2,407.9,Rain-fed,64.35,Male,20
946,Central,Maize,10.22,2025-06-14,2025-12-06,5176.3,128.9,537.3,Flood,85.21,Female,41
947,Rift Valley,Rice,8.33,2025-03-26,2025-09-08,10733.4,175.5,925.4,Flood,67.77,Male,49
948,Nyanza,Potatoes,2.62,2025-06-02,2025-11-27,5917.3,387.2,989.0,Rain-fed,32.33,Male,61
949,Nyanza,Wheat,10.84,2025-01-29,2025-05-05,1054.3,102.3,127.5,Sprinkler,75.91,Male,78
950,Western,Potatoes,2.1,2025-02-15,2025-07-25,1349.6,189.6,1012.2,Sprinkler,86.65,Female,65
951,Rift Valley,Wheat,18.99,2025-04-29,2025-08-26,4895.7,82.3,954.5,Flood,45.94,Female,69
952,Eastern,Beans,18.56,2025-04-24,2025-10-10,2382.0,269.9,897.5,Drip,79.31,Male,38
953,Rift Valley,Maize,15.62,2025-04-01,2025-09-05,4400.3,102.0,773.8,Sprinkler,44.52,Male,55
954,Nyanza,Wheat,19.93,2025-03-04,2025-08-11,2184.8,434.5,731.1,Rain-fed,36.53,Male,60
955,Eastern,Wheat,3.57,2025-03-03,2025-07-21,563.6,34.9,897.9,Sprinkler,38.53,Female,22
956,Rift Valley,Maize,11.35,2025-05-11,2025-08-05,10066.6,42.5,1161.8,Drip,98.6,Female,43
957,Rift Valley,Rice,14.9,2025-01-20,2025-07-16,1294.3,301.7,419.3,Rain-fed,40.29,Female,26
958,Rift Valley,Potatoes,13.83,2025-06-28,2025-11-04,11117.7,263.1,678.5,Flood,118.61,Male,25
959,Nyanza,Maize,16.27,2025-06-29,2025-10-08,10950.8,79.6,968.0,Drip,115.35,Female,66
960,Eastern,Beans,5.9,2025-01-25,2025-06-02,9660.9,478.5,823.4,Flood,39.36,Male,37
961,Eastern,Beans,2.08,2025-06-05,2025-08-12,7608.4,171.1,992.1,Rain-fed,44.79,Male,33
962,Central,Wheat,2.0,2025-03-05,2025-07-24,3450.7,382.8,1068.3,Sprinkler,105.17,Male,72
963,Rift Valley,Potatoes,12.99,2025-04-30,2025-09-20,2841.0,444.4,152.3,Drip,96.69,Male,63
964,Nyanza,Potatoes,13.93,2025-05-22,2025-08-29,7803.3,170.0,108.6,Flood,75.37,Male,32
965,Central,Wheat,6.55,2025-01-28,2025-07-19,1502.0,61.0,513.4,Drip,68.49,Female,22
966,Central,Maize,14.59,2025-01-24,2025-06-02,2137.6,310.0,122.2,Sprinkler,33.77,Female,51
967,Eastern,Wheat,15.12,2025-05-14,2025-10-27,7629.4,88.8,275.6,Flood,114.77,Male,56
968,Central,Maize,2.92,2025-02-04,2025-05-22,11313.0,474.8,793.8,Rain-fed,118.51,Female,47
969,Central,Rice,10.29,2025-05-07,2025-08-21,5288.5,393.2,985.0,Drip,85.62,Male,52
970,Western,Beans,18.87,2025-05-31,2025-11-07,3902.3,392.3,964.3,Sprinkler,105.27,Male,24
971,Central,Wheat,11.44,2025-04-25,2025-07-31,4703.5,209.0,882.3,Flood,48.45,Female,26
972,Western,Beans,8.62,2025-01-19,2025-06-13,6713.9,115.0,592.6,Drip,63.47,Male,63
973,Eastern,Potatoes,16.2,2025-05-28,2025-11-14,6258.4,339.8,725.6,Rain-fed,33.94,Female,54
974,Nyanza,Potatoes,18.24,2025-06-23,2025-10-21,9524.2,48.0,241.2,Rain-fed,51.53,Male,48
975,Rift Valley,Potatoes,3.17,2025-05-02,2025-07-09,7878.6,123.9,305.1,Flood,119.9,Female,71
976,Rift Valley,Maize,12.71,2025-06-22,2025-08-31,6668.9,170.3,171.7,Rain-fed,50.39,Male,22
977,Eastern,Maize,2.95,2025-05-25,2025-07-29,6149.9,67.7,1133.2,Flood,75.52,Male,56
978,Central,Wheat,6.22,2025-01-25,2025-07-02,5844.3,303.0,851.1,Drip,26.56,Male,46
979,Eastern,Rice,5.94,2025-05-21,2025-10-13,6649.9,285.0,1128.0,Drip,88.28,Male,48
980,Western,Rice,2.23,2025-02-20,2025-07-27,2308.6,386.1,1129.5,Rain-fed,26.09,Male,50
981,Central,Rice,1.82,2025-05-12,2025-08-31,3408.0,428.2,892.5,Drip,31.93,Male,41
982,Central,Beans,13.34,2025-05-16,2025-08-19,10476.0,260.2,473.2,Sprinkler,32.64,Female,78
983,Rift Valley,Maize,3.32,2025-01-01,2025-03-29,2090.2,456.0,432.4,Sprinkler,113.95,Male,52
984,Western,Maize,19.39,2025-02-11,2025-06-16,2778.4,31.2,566.8,Rain-fed,117.18,Female,62
985,Central,Wheat,19.56,2025-02-07,2025-05-21,11599.9,315.2,224.5,Drip,70.74,Male,39
986,Nyanza,Wheat,7.35,2025-05-23,2025-09-04,7217.3,69.3,119.4,Rain-fed,72.02,Male,23
987,Western,Potatoes,3.0,2025-05-12,2025-08-11,5141.2,223.1,442.7,Drip,69.81,Female,35
988,Nyanza,Maize,17.69,2025-06-06,2025-10-03,1692.5,37.1,942.7,Rain-fed,23.53,Female,55
989,Western,Rice,7.73,2025-04-12,2025-07-29,11940.8,266.4,876.5,Flood,57.27,Female,70
990,Western,Beans,18.64,2025-02-11,2025-05-29,1110.4,462.1,981.0,Sprinkler,83.92,Female,22
991,Nyanza,Potatoes,9.5,2025-04-11,2025-08-10,2442.7,308.9,211.8,Rain-fed,27.16,Male,72
992,Central,Beans,12.28,2025-06-14,2025-10-01,1082.5,105.4,545.0,Sprinkler,77.4,Male,63
993,Central,Potatoes,18.02,2025-02-20,2025-06-19,2267.6,273.0,558.5,Sprinkler,82.54,Female,75
994,Nyanza,Beans,8.22,2025-02-18,2025-06-27,6855.6,269.3,369.5,Flood,95.74,Male,29
995,Central,Rice,12.8,2025-06-05,2025-11-06,4527.1,327.2,1078.8,Drip,88.23,Male,34
996,Rift Valley,Rice,4.4,2025-05-24,2025-08-29,11719.0,466.6,772.5,Rain-fed,104.52,Female,32
997,Rift Valley,Maize,17.01,2025-02-11,2025-07-26,8952.9,114.0,303.1,Rain-fed,33.87,Male,60
998,Central,Potatoes,1.74,2025-01-14,2025-04-11,979.3,409.7,821.2,Flood,25.91,Male,35
999,Central,Potatoes,3.43,2025-02-21,2025-05-12,11143.3,129.0,1188.6,Drip,77.0,Female,60
1000,Nyanza,Maize,13.51,2025-01-24,2025-04-07,7299.7,365.3,116.6,Sprinkler,67.33,Male,31
1001,Rift Valley,Wheat,2.83,2025-06-10,2025-11-04,2914.0,129.0,827.7,Drip,38.91,Male,27
1002,Western,Rice,1.18,2025-04-30,2025-08-04,8834.7,236.1,871.4,Rain-fed,67.19,Female,75
1003,Rift Valley,Beans,12.91,2025-05-17,2025-08-19,11426.7,497.6,907.2,Sprinkler,107.13,Male,32
1004,Central,Beans,12.69,2025-03-18,2025-05-18,1317.0,352.6,1136.7,Drip,68.18,Male,49
1005,Nyanza,Potatoes,9.05,2025-01-22,2025-06-15,3473.8,239.0,1156.6,Flood,93.5,Female,28
1006,Eastern,Potatoes,3.1,2025-06-08,2025-08-10,3822.7,27.9,583.3,Flood,45.06,Male,36
1007,Western,Rice,14.95,2025-01-04,2025-05-19,9194.7,100.4,1120.2,Flood,23.88,Female,73
1008,Central,Potatoes,16.62,2025-01-14,2025-04-26,4228.6,224.0,1009.9,Sprinkler,92.74,Male,80
1009,Eastern,Beans,6.15,2025-02-17,2025-08-16,1579.3,474.9,476.4,Sprinkler,57.82,Male,40
1010,Rift Valley,Rice,15.91,2025-06-02,2025-11-20,8111.4,371.9,962.7,Flood,58.72,Female,78
1011,Eastern,Potatoes,8.12,2025-06-05,2025-09-12,6563.3,311.2,1027.7,Sprinkler,55.77,Male,33
1012,Western,Maize,13.86,2025-05-29,2025-08-27,2804.7,97.7,338.8,Sprinkler,87.29,Male,70
1013,Nyanza,Beans,19.98,2025-04-15,2025-08-21,2381.6,217.2,175.9,Drip,91.46,Male,72
1014,Central,Wheat,4.79,2025-06-09,2025-11-24,10471.4,226.1,277.8,Flood,64.61,Male,47
1015,Rift Valley,Rice,1.45,2025-01-22,2025-06-28,5569.0,189.9,969.0,Flood,99.96,Male,50
1016,Central,Maize,5.26,2025-03-26,2025-09-14,3458.5,116.4,388.9,Sprinkler,51.33,Male,67
1017,Eastern,Maize,18.14,2025-04-24,2025-08-17,7345.6,237.3,237.9,Sprinkler,81.17,Male,56
1018,Rift Valley,Beans,12.06,2025-06-25,2025-09-17,5209.0,163.4,914.0,Flood,54.37,Male,34
1019,Western,Maize,3.96,2025-02-26,2025-08-03,8898.1,51.0,563.7,Sprinkler,103.05,Male,30
1020,Western,Wheat,6.32,2025-02-12,2025-04-14,2808.0,372.8,843.3,Drip,32.67,Female,43
1021,Eastern,Rice,10.76,2025-03-21,2025-07-12,9589.9,61.0,1168.0,Drip,80.19,Male,46
1022,Western,Rice,1.66,2025-05-04,2025-10-18,4680.0,285.5,885.4,Sprinkler,89.31,Female,64
1023,Eastern,Potatoes,9.65,2025-05-07,2025-10-14,9247.4,267.7,977.1,Drip,119.53,Male,40
1024,Rift Valley,Potatoes,18.21,2025-06-29,2025-11-14,9827.3,422.4,785.7,Rain-fed,28.63,Male,53
1025,Central,Wheat,8.88,2025-02-15,2025-07-24,9761.8,386.3,204.5,Sprinkler,37.34,Female,66
1026,Nyanza,Potatoes,19.41,2025-04-02,2025-09-12,10139.4,70.1,261.5,Flood,93.15,Male,76
1027,Nyanza,Rice,5.19,2025-06-03,2025-10-19,2794.0,233.1,406.7,Rain-fed,94.14,Male,26
1028,Eastern,Potatoes,9.81,2025-06-13,2025-08-25,676.0,322.2,1172.7,Sprinkler,80.64,Male,57
1029,Central,Wheat,9.05,2025-06-07,2025-11-22,1628.0,26.5,231.4,Drip,36.32,Female,43
1030,Central,Potatoes,4.58,2025-04-18,2025-08-25,6464.6,402.1,1014.8,Rain-fed,92.35,Female,42
1031,Central,Wheat,15.61,2025-05-04,2025-08-31,570.9,192.0,793.9,Rain-fed,91.55,Male,68
1032,Western,Maize,18.67,2025-06-04,2025-11-07,10514.4,261.8,549.4,Rain-fed,73.18,Female,54
1033,Eastern,Maize,10.96,2025-04-30,2025-10-02,3157.8,125.5,810.0,Rain-fed,39.19,Female,67
1034,Rift Valley,Rice,7.43,2025-03-05,2025-06-23,8979.3,53.8,810.4,Flood,114.61,Female,68
1035,Eastern,Maize,8.43,2025-03-16,2025-07-10,10545.7,414.3,385.1,Flood,41.65,Female,47
1036,Rift Valley,Rice,19.72,2025-02-10,2025-05-09,528.1,59.4,1192.0,Sprinkler,107.39,Female,60
1037,Eastern,Wheat,12.35,2025-05-21,2025-10-26,9969.8,333.0,834.9,Sprinkler,106.59,Male,47
1038,Western,Beans,5.39,2025-03-29,2025-06-14,7148.3,247.2,889.6,Flood,84.44,Female,80
1039,Nyanza,Beans,10.81,2025-04-12,2025-08-02,7228.8,152.1,1036.3,Sprinkler,49.2,Female,29
1040,Eastern,Maize,2.33,2025-05-04,2025-08-18,10880.4,362.1,1005.0,Sprinkler,58.21,Female,80
1041,Rift Valley,Wheat,1.94,2025-03-11,2025-08-07,4236.7,354.3,432.1,Rain-fed,110.1,Male,25
1042,Western,Wheat,13.55,2025-05-01,2025-07-11,10876.7,245.9,379.4,Flood,109.25,Female,20
1043,Western,Potatoes,4.06,2025-01-18,2025-04-08,4825.3,253.6,703.1,Drip,116.87,Female,28
1044,Western,Potatoes,17.22,2025-06-25,2025-09-22,11664.8,356.4,918.2,Sprinkler,93.44,Male,53
1045,Nyanza,Maize,1.49,2025-01-30,2025-06-22,5471.0,238.3,217.3,Drip,118.6,Male,41
1046,Western,Rice,8.78,2025-04-12,2025-08-06,8003.9,297.6,1079.5,Drip,59.31,Female,46
1047,Rift Valley,Maize,15.84,2025-06-05,2025-08-17,6517.2,451.6,471.2,Sprinkler,31.67,Female,74
1048,Nyanza,Maize,12.01,2025-05-11,2025-09-12,5011.3,416.0,948.3,Sprinkler,36.0,Female,53
1049,Western,Beans,15.51,2025-05-14,2025-08-22,5016.6,433.4,386.5,Drip,105.41,Male,49
1050,Eastern,Wheat,2.09,2025-01-13,2025-03-29,3692.1,168.5,1069.3,Sprinkler,107.82,Female,40
1051,Rift Valley,Rice,14.86,2025-04-04,2025-07-08,1294.6,483.9,1063.5,Rain-fed,26.59,Female,23
1052,Central,Wheat,14.19,2025-02-03,2025-07-12,9221.9,49.9,389.5,Drip,88.67,Male,38
1053,Rift Valley,Rice,9.96,2025-01-23,2025-06-27,3754.2,440.2,1012.3,Sprinkler,85.44,Male,28
1054,Central,Beans,2.91,2025-03-04,2025-06-17,8339.7,203.0,816.3,Flood,117.17,Female,76
1055,Nyanza,Beans,6.05,2025-06-03,2025-10-20,650.6,160.9,151.0,Drip,59.77,Male,35
1056,Eastern,Maize,3.39,2025-04-07,2025-07-14,5452.2,269.7,300.6,Drip,92.59,Male,39
1057,Western,Potatoes,1.17,2025-05-10,2025-10-03,6040.4,446.1,397.7,Rain-fed,45.54,Female,36
1058,Eastern,Beans,19.05,2025-01-10,2025-05-29,10546.1,233.8,562.4,Rain-fed,37.17,Male,80
1059,Nyanza,Wheat,12.58,2025-04-29,2025-10-03,7911.9,225.2,192.1,Flood,90.26,Male,22
1060,Western,Wheat,4.3,2025-02-17,2025-08-15,6032.8,480.5,1190.7,Flood,97.22,Male,57
1061,Central,Wheat,3.88,2025-05-23,2025-08-09,9530.2,58.0,547.8,Flood,59.95,Female,31
1062,Central,Potatoes,1.55,2025-02-13,2025-04-29,8190.9,186.4,990.2,Flood,67.07,Male,60
1063,Western,Wheat,2.17,2025-02-22,2025-08-12,7280.1,94.6,861.4,Sprinkler,69.01,Female,43
1064,Central,Rice,17.46,2025-02-20,2025-04-25,3909.3,189.9,266.2,Rain-fed,22.18,Female,28
1065,Rift Valley,Beans,3.34,2025-06-02,2025-08-15,2911.7,166.5,188.0,Drip,29.54,Male,32
1066,Nyanza,Beans,6.42,2025-02-01,2025-05-19,4648.1,102.8,137.8,Drip,62.93,Male,49
1067,Central,Potatoes,6.24,2025-03-06,2025-05-16,530.4,401.9,1078.7,Sprinkler,32.06,Female,42
1068,Rift Valley,Maize,1.71,2025-05-16,2025-08-27,9212.2,340.3,871.7,Drip,25.46,Female,23
1069,Nyanza,Maize,4.59,2025-01-29,2025-07-20,6144.2,498.3,1004.5,Sprinkler,56.71,Male,66
1070,Western,Potatoes,15.68,2025-04-22,2025-10-07,1291.9,187.1,1160.2,Rain-fed,105.43,Male,49
1071,Western,Rice,10.83,2025-02-19,2025-05-22,9515.7,372.0,442.9,Flood,43.41,Male,70
1072,Rift Valley,Wheat,12.06,2025-05-04,2025-08-17,8287.8,62.6,919.2,Drip,111.64,Female,34
1073,Central,Rice,14.11,2025-02-21,2025-05-29,7834.6,217.6,1032.4,Drip,84.96,Female,63
1074,Central,Potatoes,16.04,2025-05-24,2025-09-22,1007.7,282.5,313.1,Rain-fed,73.04,Female,62
1075,Western,Rice,10.09,2025-01-09,2025-06-11,3269.5,227.6,468.4,Rain-fed,107.3,Male,58
1076,Eastern,maiz,8.92,2025-04-30,2025-10-13,6278.6,345.4,883.4,Sprinkler,91.86,Male,62
1077,Nyanza,Beans,8.99,2025-06-04,2025-10-23,7275.9,332.8,577.2,Sprinkler,102.57,Male,49
1078,Central,Rice,8.27,2025-01-17,2025-04-09,2255.7,52.0,572.8,Flood,113.56,Male,59
1079,Nyanza,Rice,12.44,2025-06-12,2025-10-25,11573.9,403.1,1002.5,Sprinkler,74.04,Female,33
1080,Central,Maize,7.79,2025-04-29,2025-07-02,4158.1,363.4,407.4,Drip,23.14,Male,73
1081,Western,Beans,2.14,2025-02-16,2025-07-21,6261.1,191.2,170.8,Drip,31.43,Female,73
1082,Western,Potatoes,8.82,2025-03-29,2025-06-03,6074.4,486.6,652.8,Rain-fed,66.64,Female,65
1083,Western,Maize,2.98,2025-06-09,2025-10-17,7395.5,51.7,883.1,Sprinkler,102.67,Male,47
1084,Nyanza,Beans,14.5,2025-02-17,2025-05-14,9959.0,132.7,775.2,Flood,94.72,Male,28
1085,Rift Valley,maiz,9.53,2025-01-13,2025-05-02,11824.1,495.2,1153.1,Flood,33.96,Female,58
1086,Central,Maize,15.23,2025-05-10,2025-09-11,8400.6,52.0,228.6,Flood,58.78,Male,62
1087,Central,Maize,12.43,2025-04-18,2025-07-26,10949.0,66.2,746.1,Sprinkler,45.24,Female,55
1088,Western,Maize,11.57,2025-05-13,2025-07-29,1241.6,118.6,333.8,Flood,73.46,Female,69
1089,Central,maiz,16.51,2025-02-21,2025-06-14,7017.7,189.9,422.4,Sprinkler,60.55,Male,75
1090,Central,Potatoes,14.14,2025-01-31,2025-07-20,4977.6,295.8,213.5,Flood,27.14,Female,78
1091,Rift Valley,Rice,10.01,2025-02-03,2025-05-28,1455.1,41.5,251.1,Drip,61.52,Female,36
1092,Western,Maize,18.51,2025-06-04,2025-11-06,6338.4,391.8,1173.6,Rain-fed,56.52,Female,69
1093,Rift Valley,Wheat,18.99,2025-04-14,2025-09-24,5693.6,26.0,1149.5,Flood,95.3,Male,46
1094,Nyanza,Rice,11.86,2025-05-24,2025-08-16,5164.4,209.6,643.0,Rain-fed,44.17,Male,73
1095,Eastern,Beans,1.21,2025-03-31,2025-08-09,1130.0,140.2,890.1,Rain-fed,48.87,Male,77
1096,Eastern,Beans,8.16,2025-03-08,2025-07-27,3102.5,90.1,1120.1,Sprinkler,107.62,Male,33
1097,Nyanza,Maize,11.07,2025-06-10,2025-09-02,4508.3,464.4,803.0,Drip,86.16,Male,39
1098,Central,Maize,11.69,2025-03-12,2025-05-11,11663.9,25.2,232.2,Flood,24.76,Male,54
1099,Western,Potatoes,7.37,2025-05-05,2025-08-29,643.9,416.6,1199.3,Flood,84.26,Male,70
1100,Nyanza,Rice,15.39,2025-02-07,2025-06-29,1615.6,491.9,107.3,Drip,72.02,Female,71
1101,Western,Maize,4.68,2025-03-23,2025-08-30,4417.2,232.9,498.9,Flood,106.13,Female,35
1102,Nyanza,Wheat,3.84,2025-02-14,2025-05-09,1142.4,491.7,869.5,Drip,50.35,Female,46
1103,Eastern,Maize,1.14,2025-06-30,2025-11-06,9488.1,186.6,1079.6,Rain-fed,109.16,Male,74
1104,Rift Valley,maiz,17.62,2025-02-18,2025-05-25,3956.7,488.5,361.0,Drip,93.49,Female,56
1105,Eastern,Beans,16.45,2025-06-17,2025-08-29,6818.7,266.2,756.8,Flood,79.86,Male,46
1106,Nyanza,Beans,14.94,2025-01-12,2025-05-31,10412.2,211.4,1150.5,Rain-fed,32.63,Male,41
1107,Nyanza,Potatoes,7.76,2025-02-02,2025-06-19,1737.8,207.0,872.2,Drip,117.07,Female,49
1108,Nyanza,Rice,5.86,2025-06-27,2025-10-20,9918.9,418.0,540.0,Sprinkler,90.65,Male,42
1109,Rift Valley,Potatoes,10.51,2025-03-31,2025-07-01,3615.5,216.3,1129.1,Sprinkler,49.8,Female,65
1110,Eastern,Maize,15.67,2025-06-17,2025-10-20,10931.0,449.7,312.6,Rain-fed,107.69,Female,61
1111,Rift Valley,Beans,5.98,2025-05-07,2025-07-19,3740.7,486.2,585.1,Drip,56.86,Female,40
1112,Nyanza,Potatoes,1.45,2025-02-15,2025-05-23,1699.8,326.5,541.8,Sprinkler,74.96,Male,52
1113,Central,Wheat,10.48,2025-05-27,2025-10-29,9271.5,288.6,768.5,Drip,32.53,Male,22
1114,Eastern,Potatoes,3.68,2025-03-13,2025-08-21,3732.4,408.4,641.6,Sprinkler,45.09,Female,52
1115,Central,Rice,11.38,2025-01-14,2025-05-18,2215.7,214.7,1027.3,Flood,28.09,Male,33
1116,Eastern,Wheat,15.15,2025-02-12,2025-06-15,5490.3,456.3,526.9,Sprinkler,28.2,Female,41
1117,Western,Potatoes,16.36,2025-06-01,2025-11-11,10161.3,64.5,587.3,Drip,67.07,Male,58
1118,Rift Valley,Wheat,16.41,2025-05-30,2025-09-28,2800.8,75.7,958.5,Drip,106.74,Male,48
1119,Rift Valley,Rice,16.35,2025-04-02,2025-06-02,7127.4,60.2,738.4,Rain-fed,90.76,Male,75
1120,Central,Maize,14.37,2025-03-09,2025-08-23,1881.9,263.9,594.7,Flood,101.84,Female,30
1121,Nyanza,Potatoes,4.57,2025-02-24,2025-08-02,1231.3,233.6,1030.2,Rain-fed,51.36,Male,29
1122,Western,Maize,9.7,2025-05-03,2025-10-10,1303.7,485.0,532.5,Flood,47.4,Male,22
1123,Central,Beans,17.93,2025-03-14,2025-06-10,1936.2,203.8,182.0,Sprinkler,95.08,Male,35
1124,Central,Wheat,7.79,2025-04-23,2025-09-26,7745.8,313.9,1093.4,Flood,45.35,Male,28
1125,Rift Valley,Wheat,10.14,2025-05-12,2025-08-06,7863.9,360.4,895.4,Flood,22.3,Female,48
1126,Western,Rice,19.36,2025-02-12,2025-07-16,2442.7,91.3,904.0,Sprinkler,84.18,Female,39
1127,Western,Wheat,2.37,2025-05-26,2025-11-18,9514.9,300.2,1197.2,Sprinkler,24.95,Female,59
1128,Western,Wheat,16.26,2025-05-15,2025-09-12,8394.4,111.7,424.2,Sprinkler,85.21,Male,69
1129,Eastern,Maize,14.24,2025-04-12,2025-09-29,10778.8,397.0,240.6,Flood,40.24,Female,52
1130,Nyanza,Beans,1.47,2025-03-09,2025-08-27,724.0,304.2,1184.2,Rain-fed,108.47,Female,35
1131,Central,Beans,12.77,2025-05-02,2025-10-22,10391.0,368.0,186.3,Drip,63.25,Male,66
1132,Eastern,Maize,7.17,2025-04-07,2025-10-02,4030.8,52.2,344.6,Rain-fed,57.79,Male,60
1133,Western,Wheat,11.78,2025-03-31,2025-06-19,5065.9,125.7,901.0,Sprinkler,96.44,Female,28
1134,Rift Valley,Maize,1.13,2025-01-05,2025-06-15,6674.5,356.7,676.1,Rain-fed,54.44,Male,34
1135,Eastern,Maize,10.32,2025-04-05,2025-08-10,4774.7,240.1,783.6,Drip,39.14,Female,56
1136,Eastern,Beans,7.64,2025-01-19,2025-05-09,7537.8,370.9,1175.5,Drip,118.5,Female,33
1137,Central,Wheat,12.89,2025-01-19,2025-07-11,2148.7,86.6,450.8,Rain-fed,67.03,Male,51
1138,Eastern,Maize,17.4,2025-04-12,2025-06-25,6706.5,439.0,1035.9,Rain-fed,69.46,Male,27
1139,Nyanza,Rice,10.71,2025-01-04,2025-06-18,1524.0,469.4,511.9,Flood,58.46,Male,38
1140,Central,Beans,6.06,2025-03-28,2025-07-04,2726.2,415.3,944.2,Drip,110.24,Male,35
1141,Rift Valley,Rice,18.15,2025-03-31,2025-07-31,5869.0,478.9,813.2,Flood,52.95,Female,54
1142,Nyanza,Wheat,3.55,2025-04-18,2025-06-28,2391.5,30.8,792.5,Flood,54.55,Female,54
1143,Rift Valley,Rice,16.28,2025-03-27,2025-06-30,5627.3,67.1,209.6,Sprinkler,47.93,Female,31
1144,Rift Valley,Beans,12.87,2025-04-16,2025-07-24,6688.8,52.4,807.7,Flood,87.55,Female,32
1145,Eastern,Rice,8.78,2025-06-08,2025-12-04,2834.9,212.4,1190.5,Drip,52.6,Female,26
1146,Western,Rice,15.9,2025-04-04,2025-06-16,4901.1,493.7,632.8,Flood,46.11,Male,68
1147,Nyanza,Wheat,17.28,2025-05-28,2025-10-07,1745.1,380.8,556.1,Sprinkler,38.3,Male,58
1148,Nyanza,Beans,4.53,2025-05-02,2025-07-25,11498.3,397.7,739.6,Flood,60.93,Male,20
1149,Central,Wheat,19.75,2025-03-22,2025-07-13,4328.7,429.2,537.1,Sprinkler,66.14,Male,51
1150,Nyanza,Rice,11.41,2025-01-26,2025-04-28,11908.5,384.4,125.4,Flood,114.82,Female,75
1151,Central,Potatoes,16.11,2025-02-15,2025-04-16,731.9,105.0,733.2,Sprinkler,58.47,Female,28
1152,Central,Maize,10.92,2025-03-28,2025-08-22,5960.8,348.3,1112.8,Drip,80.59,Male,22
1153,Western,Beans,9.84,2025-04-09,2025-06-24,7512.2,142.0,508.0,Flood,71.53,Female,50
1154,Western,Maize,7.88,2025-02-18,2025-06-15,7253.1,351.6,752.4,Drip,105.07,Female,59
1155,Eastern,Beans,8.91,2025-04-18,2025-07-24,5132.7,316.2,771.7,Flood,34.58,Female,40
1156,Nyanza,Rice,15.57,2025-06-21,2025-10-12,4014.5,333.7,819.1,Drip,37.36,Female,56
1157,Nyanza,Rice,11.27,2025-01-18,2025-06-17,4415.5,178.5,411.9,Drip,95.68,Female,65
1158,Nyanza,Wheat,11.82,2025-03-18,2025-09-13,2918.6,332.9,307.7,Drip,44.9,Male,65
1159,Rift Valley,Maize,14.99,2025-03-04,2025-06-07,3241.4,440.4,488.9,Drip,72.53,Female,71
1160,Central,Potatoes,19.36,2025-01-20,2025-06-11,2639.0,190.2,411.9,Flood,118.99,Male,33
1161,Rift Valley,Wheat,18.33,2025-05-14,2025-10-25,1144.7,438.3,214.5,Drip,117.08,Female,72
1162,Central,Potatoes,2.78,2025-02-05,2025-04-24,10181.3,77.9,1093.3,Flood,100.43,Female,25
1163,Eastern,Beans,11.44,2025-06-21,2025-12-03,10748.1,205.0,501.2,Drip,29.64,Female,65
1164,Rift Valley,Beans,5.72,2025-03-02,2025-06-20,3325.6,300.7,598.9,Flood,103.07,Male,45
1165,Central,Rice,10.12,2025-06-09,2025-12-01,3688.0,393.0,210.8,Sprinkler,100.72,Female,72
1166,Central,Wheat,11.08,2025-02-02,2025-06-09,9871.2,123.5,316.6,Rain-fed,77.62,Female,79
1167,Central,Beans,1.37,2025-03-06,2025-08-18,7974.0,101.5,714.4,Sprinkler,69.56,Male,72
1168,Nyanza,Potatoes,18.17,2025-03-25,2025-08-12,1572.1,148.1,523.0,Sprinkler,34.53,Female,28
1169,Western,Beans,16.25,2025-05-21,2025-10-20,4801.7,215.5,917.7,Sprinkler,103.99,Female,77
1170,Nyanza,Maize,11.09,2025-04-25,2025-08-19,5324.9,105.5,465.6,Sprinkler,83.2,Male,28
1171,Rift Valley,Potatoes,11.52,2025-03-25,2025-09-20,8468.1,381.0,872.8,Sprinkler,112.28,Female,27
1172,Central,Wheat,3.61,2025-01-20,2025-03-30,9741.7,61.2,1139.9,Rain-fed,69.61,Male,29
1173,Rift Valley,Beans,4.94,2025-04-29,2025-08-26,8777.1,323.5,469.7,Sprinkler,59.53,Female,68
1174,Eastern,Potatoes,8.89,2025-04-02,2025-06-29,3341.8,189.3,795.6,Sprinkler,39.68,Female,77
1175,Rift Valley,Wheat,14.19,2025-06-28,2025-11-27,3962.5,43.2,305.3,Flood,37.9,Male,65
1176,Rift Valley,Beans,14.95,2025-01-17,2025-05-05,6534.2,382.0,222.0,Rain-fed,76.33,Female,36
1177,Central,Beans,7.25,2025-01-27,2025-06-17,10122.8,160.5,982.9,Sprinkler,57.48,Male,33
1178,Rift Valley,Potatoes,13.72,2025-03-04,2025-05-21,7931.6,487.6,115.1,Flood,102.99,Female,67
1179,Nyanza,Potatoes,19.54,2025-06-06,2025-11-06,7996.1,250.6,885.9,Drip,74.35,Male,29
1180,Nyanza,Beans,14.14,2025-05-07,2025-08-22,8428.2,320.8,184.1,Sprinkler,109.01,Male,76
1181,Nyanza,Maize,16.05,2025-04-14,2025-07-01,10010.8,101.5,822.2,Sprinkler,47.22,Male,57
1182,Eastern,Potatoes,12.91,2025-04-08,2025-07-12,1448.6,179.1,371.0,Sprinkler,112.69,Male,65
1183,Rift Valley,Wheat,5.28,2025-03-10,2025-05-30,10796.4,464.3,547.0,Flood,107.4,Female,45
1184,Nyanza,Wheat,1.61,2025-06-13,2025-09-19,704.5,419.9,787.3,Sprinkler,89.31,Male,67
1185,Rift Valley,Maize,13.99,2025-01-03,2025-06-12,8528.6,289.6,163.5,Drip,31.67,Male,70
1186,Rift Valley,Wheat,3.87,2025-04-17,2025-08-11,8986.5,383.6,892.8,Sprinkler,41.93,Male,48
1187,Central,Potatoes,2.31,2025-03-14,2025-07-03,7544.5,496.7,132.0,Rain-fed,57.47,Female,54
1188,Western,Wheat,12.43,2025-04-22,2025-09-29,8345.1,76.4,1023.6,Flood,28.43,Male,64
1189,Western,Wheat,16.95,2025-01-24,2025-05-05,9613.3,142.8,368.6,Flood,64.8,Male,21
1190,Western,Wheat,1.01,2025-05-15,2025-07-24,11503.9,324.1,799.9,Flood,79.4,Female,57
1191,Western,Maize,9.4,2025-04-08,2025-09-14,9476.3,36.2,641.9,Drip,84.25,Male,37
1192,Western,Rice,8.05,2025-06-30,2025-11-12,10431.3,313.8,410.0,Flood,23.11,Female,75
1193,Central,Potatoes,15.7,2025-06-29,2025-12-06,11758.2,436.6,431.1,Rain-fed,46.11,Male,73
1194,Central,Beans,6.56,2025-06-19,2025-08-28,6151.7,262.4,452.1,Drip,57.98,Male,32
1195,Western,Rice,13.07,2025-01-24,2025-07-03,7142.5,298.8,1053.6,Sprinkler,44.95,Male,80
1196,Central,Beans,19.54,2025-04-20,2025-08-20,8472.2,146.7,611.7,Drip,20.41,Male,44
1197,Eastern,Maize,18.25,2025-05-13,2025-08-26,3248.4,277.9,678.9,Flood,77.25,Male,56
1198,Central,Wheat,7.1,2025-04-06,2025-09-15,2370.8,496.1,522.8,Sprinkler,113.91,Female,29
1199,Central,Beans,13.92,2025-05-15,2025-10-28,4400.5,276.5,472.1,Rain-fed,107.43,Female,59
1200,Rift Valley,Beans,18.56,2025-05-31,2025-09-01,1508.8,258.9,1177.3,Sprinkler,38.54,Female,32
1201,Western,Beans,15.98,2025-01-26,2025-06-02,5050.4,480.6,470.7,Sprinkler,93.67,Female,51
1202,Rift Valley,Beans,9.66,2025-04-04,2025-06-21,5343.9,143.0,989.4,Rain-fed,108.65,Male,25
1203,Rift Valley,Potatoes,3.63,2025-06-06,2025-10-11,7360.6,73.9,220.9,Sprinkler,20.4,Male,43
1204,Nyanza,Beans,17.37,2025-05-16,2025-09-22,8527.8,419.5,1077.1,Flood,52.58,Male,37
1205,Eastern,Potatoes,9.05,2025-02-25,2025-07-23,946.8,179.3,603.7,Sprinkler,91.67,Male,35
1206,Central,Potatoes,11.48,2025-03-19,2025-07-25,1234.3,452.2,864.2,Rain-fed,27.59,Male,68
1207,Central,Rice,18.01,2025-01-01,2025-06-18,10106.3,217.4,973.8,Sprinkler,26.27,Male,71
1208,Rift Valley,Rice,1.73,2025-03-30,2025-09-13,3914.9,259.9,205.3,Flood,31.86,Male,53
1209,Central,Wheat,14.31,2025-05-06,2025-09-08,2358.7,284.9,885.1,Rain-fed,90.27,Female,66
1210,Central,Wheat,18.42,2025-01-14,2025-03-28,1044.9,378.4,1108.6,Drip,63.29,Female,72
1211,Nyanza,Beans,8.29,2025-05-23,2025-11-05,6595.8,347.5,328.3,Flood,40.44,Female,56
1212,Central,Beans,7.54,2025-01-28,2025-04-04,2865.7,23.2,174.7,Sprinkler,51.05,Female,51
1213,Rift Valley,Wheat,7.74,2025-04-22,2025-07-18,6945.1,109.9,553.6,Flood,31.44,Male,26
1214,Nyanza,Beans,12.14,2025-04-01,2025-09-19,4590.6,390.9,586.8,Rain-fed,26.26,Female,80
1215,Eastern,Beans,7.84,2025-06-02,2025-09-29,2379.5,238.6,978.0,Rain-fed,72.33,Female,62
1216,Rift Valley,Rice,12.74,2025-06-24,2025-10-17,4252.8,25.9,588.3,Flood,77.93,Male,36
1217,Central,Potatoes,9.06,2025-03-19,2025-08-26,9589.5,171.7,336.0,Sprinkler,115.61,Female,65
1218,Eastern,Beans,11.39,2025-01-04,2025-03-10,9145.7,386.5,421.9,Flood,52.26,Male,39
1219,Eastern,Beans,9.11,2025-02-20,2025-05-08,7133.8,446.3,744.1,Sprinkler,26.67,Female,31
1220,Rift Valley,Wheat,15.53,2025-06-28,2025-09-24,6853.8,261.4,1189.0,Drip,50.62,Female,79
1221,Central,Beans,2.29,2025-04-24,2025-08-14,1279.4,193.6,686.1,Rain-fed,22.76,Female,75
1222,Rift Valley,Maize,4.17,2025-02-05,2025-07-10,11898.9,126.5,424.5,Rain-fed,82.48,Female,57
1223,Western,Rice,6.44,2025-01-22,2025-04-12,5947.4,306.9,718.9,Rain-fed,69.51,Female,78
1224,Western,Wheat,12.76,2025-05-21,2025-09-15,10185.6,425.7,202.5,Drip,44.11,Female,77
1225,Eastern,Rice,6.71,2025-02-18,2025-06-06,3175.6,204.9,878.7,Sprinkler,99.66,Male,79
1226,Western,Potatoes,14.68,2025-01-27,2025-04-24,2878.7,497.2,400.9,Sprinkler,81.41,Male,80
1227,Central,Wheat,2.44,2025-03-02,2025-08-15,6431.4,21.8,893.7,Rain-fed,34.72,Female,23
1228,Central,Beans,1.34,2025-03-14,2025-08-16,6048.0,200.0,513.5,Rain-fed,65.37,Female,32
1229,Western,Potatoes,18.71,2025-05-23,2025-08-06,4657.2,343.6,246.3,Drip,24.69,Male,43
1230,Rift Valley,Beans,13.36,2025-01-30,2025-04-16,2227.7,455.0,517.1,Sprinkler,35.65,Female,77
1231,Central,Beans,8.49,2025-06-08,2025-09-16,799.5,295.7,731.0,Drip,56.26,Female,43
1232,Central,Beans,17.61,2025-01-08,2025-05-10,4982.7,175.7,608.0,Rain-fed,38.59,Male,64
1233,Rift Valley,Rice,3.86,2025-03-04,2025-08-17,7388.1,189.4,660.9,Rain-fed,97.74,Female,47
1234,Rift Valley,Wheat,6.97,2025-05-21,2025-10-26,2791.4,260.0,1127.5,Sprinkler,100.05,Female,32
1235,Nyanza,Maize,10.66,2025-02-19,2025-07-14,3101.6,273.5,303.0,Sprinkler,93.78,Female,54
1236,Eastern,Beans,12.44,2025-01-24,2025-03-28,4337.8,109.5,1002.3,Flood,62.06,Male,76
1237,Eastern,Potatoes,17.62,2025-03-25,2025-06-06,7829.3,102.6,1004.2,Rain-fed,81.61,Male,59
1238,Eastern,Rice,8.41,2025-06-29,2025-10-22,11371.0,206.4,808.6,Flood,43.53,Female,47
1239,Eastern,Potatoes,13.66,2025-02-20,2025-08-17,9738.1,126.1,795.5,Rain-fed,44.08,Female,48
1240,Central,Potatoes,16.15,2025-06-23,2025-09-12,3217.6,83.7,100.3,Drip,28.1,Male,78
1241,Eastern,Wheat,10.54,2025-04-05,2025-09-15,6087.3,105.7,579.0,Flood,116.3,Male,63
1242,Eastern,Wheat,13.05,2025-03-07,2025-06-12,2687.3,289.3,746.5,Rain-fed,24.78,Female,21
1243,Nyanza,Wheat,2.8,2025-03-21,2025-07-21,10938.6,407.3,706.4,Drip,94.12,Male,63
1244,Eastern,Maize,5.87,2025-02-12,2025-08-10,3027.0,71.9,216.3,Sprinkler,65.14,Male,65
1245,Eastern,Potatoes,16.33,2025-06-01,2025-08-08,5964.9,413.4,569.8,Sprinkler,100.82,Female,77
1246,Central,Maize,5.23,2025-05-04,2025-08-17,9970.9,486.1,401.6,Rain-fed,26.92,Male,77
1247,Rift Valley,Potatoes,7.12,2025-05-15,2025-10-16,6882.2,383.0,572.4,Drip,99.82,Female,28
1248,Central,Maize,17.8,2025-03-01,2025-08-03,2678.1,38.3,303.4,Drip,107.74,Female,59
1249,Rift Valley,Potatoes,1.11,2025-03-15,2025-07-29,7088.1,354.9,1128.9,Sprinkler,38.88,Male,75
1250,Western,Rice,11.62,2025-04-28,2025-06-30,3310.1,415.9,444.1,Drip,87.6,Male,55
1251,Central,Maize,11.82,2025-06-25,2025-11-23,6178.8,225.7,1198.3,Drip,96.07,Female,37
1252,Rift Valley,Beans,13.46,2025-04-19,2025-07-24,3206.4,427.3,573.0,Sprinkler,84.76,Female,55
1253,Central,Wheat,7.41,2025-02-07,2025-04-28,8855.3,159.9,934.3,Sprinkler,71.51,Male,68
1254,Western,Potatoes,16.8,2025-06-28,2025-10-25,10874.1,312.0,571.5,Flood,89.58,Male,27
1255,Rift Valley,Potatoes,18.21,2025-06-11,2025-08-21,11170.4,73.7,339.2,Rain-fed,90.6,Female,78
1256,Nyanza,Potatoes,4.33,2025-02-19,2025-08-06,4187.9,194.3,499.8,Flood,85.01,Male,37
1257,Central,Rice,14.47,2025-06-24,2025-09-03,4566.5,53.2,422.4,Drip,97.57,Male,20
1258,Nyanza,Rice,7.07,2025-03-10,2025-05-24,1005.2,415.1,791.3,Rain-fed,96.76,Male,71
1259,Rift Valley,Beans,3.23,2025-02-10,2025-05-04,5595.3,478.0,1130.6,Sprinkler,28.74,Female,71
1260,Eastern,Rice,4.83,2025-04-16,2025-07-17,3529.3,73.6,603.4,Sprinkler,23.63,Male,32
1261,Rift Valley,Maize,13.5,2025-04-02,2025-06-11,7844.4,494.7,749.3,Rain-fed,29.68,Male,46
1262,Rift Valley,Potatoes,3.93,2025-05-15,2025-10-08,8464.0,237.0,1093.5,Sprinkler,62.66,Male,60
1263,Rift Valley,Rice,18.62,2025-01-27,2025-06-03,7381.2,320.8,258.5,Flood,104.29,Female,35
1264,Nyanza,Potatoes,17.9,2025-04-22,2025-09-29,10407.2,357.8,396.1,Sprinkler,112.18,Female,44
1265,Nyanza,Wheat,9.81,2025-01-03,2025-06-12,4761.1,121.7,974.3,Sprinkler,22.79,Female,63
1266,Nyanza,Beans,5.06,2025-03-28,2025-06-14,1908.5,332.4,893.7,Rain-fed,89.06,Female,33
1267,Western,Wheat,2.74,2025-02-10,2025-08-04,11225.8,267.4,782.0,Flood,94.55,Female,35
1268,Western,Maize,18.24,2025-03-16,2025-08-22,618.5,183.3,620.1,Flood,90.02,Female,31
1269,Rift Valley,Rice,4.8,2025-02-14,2025-06-06,3374.2,285.5,892.1,Drip,117.39,Male,78
1270,Eastern,Wheat,1.09,2025-04-02,2025-08-01,3365.7,499.2,971.0,Flood,100.68,Male,78
1271,Rift Valley,Maize,17.07,2025-03-17,2025-06-18,11585.8,150.9,556.3,Drip,50.26,Male,33
1272,Rift Valley,Wheat,17.01,2025-04-16,2025-09-10,10698.1,41.1,995.1,Sprinkler,71.2,Male,64
1273,Eastern,Rice,11.21,2025-05-10,2025-08-09,8508.9,205.7,306.8,Rain-fed,111.72,Female,49
1274,Western,Maize,19.8,2025-02-14,2025-06-13,6421.9,50.1,347.5,Drip,42.12,Female,44
1275,Rift Valley,Beans,11.67,2025-03-13,2025-07-23,1657.3,349.1,674.3,Rain-fed,50.17,Male,35
1276,Nyanza,Beans,7.06,2025-03-08,2025-05-11,11493.0,207.3,1109.6,Drip,43.24,Male,46
1277,Eastern,Wheat,18.44,2025-04-14,2025-06-28,6308.0,23.2,1138.6,Sprinkler,56.01,Male,44
1278,Rift Valley,Beans,17.01,2025-05-12,2025-08-01,3233.1,35.5,948.2,Rain-fed,23.03,Male,78
1279,Central,Beans,11.44,2025-05-25,2025-10-07,4306.4,312.1,1179.9,Drip,26.61,Female,26
1280,Western,Beans,11.79,2025-02-19,2025-05-06,8422.6,37.1,652.5,Sprinkler,95.7,Female,67
1281,Nyanza,Rice,17.88,2025-03-02,2025-05-16,3551.2,81.9,284.9,Rain-fed,99.84,Female,60
1282,Eastern,Wheat,16.93,2025-03-06,2025-08-05,11894.1,288.3,503.2,Sprinkler,65.57,Female,56
1283,Eastern,Wheat,14.71,2025-03-25,2025-06-01,6616.6,116.4,259.1,Flood,54.25,Male,73
1284,Nyanza,Beans,1.68,2025-04-28,2025-07-08,6197.4,176.1,621.0,Drip,116.35,Female,23
1285,Central,Wheat,1.03,2025-06-03,2025-11-07,2813.4,39.5,181.6,Drip,43.4,Female,45
1286,Nyanza,Potatoes,4.13,2025-02-27,2025-05-16,3059.7,473.4,1069.0,Drip,86.59,Female,65
1287,Eastern,Beans,4.76,2025-05-16,2025-08-07,10994.2,67.9,553.8,Rain-fed,53.23,Male,43
1288,Central,Wheat,10.6,2025-05-22,2025-09-14,2483.6,294.3,158.9,Sprinkler,41.18,Female,60
1289,Central,Rice,14.57,2025-04-18,2025-07-24,9205.8,79.3,234.0,Drip,112.64,Male,50
1290,Eastern,Potatoes,3.15,2025-04-14,2025-07-21,656.0,74.8,222.5,Rain-fed,41.55,Male,35
1291,Central,Maize,6.03,2025-04-10,2025-09-27,10049.4,298.2,158.1,Drip,106.86,Female,47
1292,Eastern,Beans,14.44,2025-05-24,2025-09-19,4235.2,63.1,947.6,Flood,71.39,Male,49
1293,Eastern,Rice,1.58,2025-04-09,2025-10-04,7774.0,446.6,714.4,Sprinkler,60.45,Male,34
1294,Western,Beans,19.04,2025-03-24,2025-07-09,2809.9,226.9,121.0,Flood,103.02,Female,48
1295,Nyanza,Wheat,5.37,2025-04-07,2025-06-16,6713.9,162.5,1084.6,Sprinkler,64.49,Male,54
1296,Rift Valley,Maize,2.31,2025-04-26,2025-07-08,9838.5,117.0,988.2,Rain-fed,85.59,Male,20
1297,Rift Valley,Wheat,5.59,2025-04-04,2025-06-07,10801.6,216.4,1096.3,Drip,60.39,Male,68
1298,Central,Potatoes,18.89,2025-04-15,2025-07-05,3924.7,181.8,709.6,Rain-fed,86.42,Female,62
1299,Eastern,Wheat,4.98,2025-01-14,2025-03-25,11741.5,442.5,204.2,Flood,107.09,Female,25
1300,Nyanza,Wheat,1.93,2025-01-04,2025-04-14,5519.9,221.2,254.9,Flood,31.09,Male,43
1301,Nyanza,maiz,7.58,2025-01-07,2025-05-21,10110.9,401.3,596.1,Drip,42.16,Male,65
1302,Eastern,Wheat,13.71,2025-04-28,2025-07-16,4283.8,143.8,685.8,Rain-fed,66.9,Male,75
1303,Rift Valley,Wheat,6.53,2025-02-04,2025-07-04,4617.2,180.8,729.4,Drip,80.09,Male,58
1304,Western,Beans,11.06,2025-02-20,2025-07-10,2379.5,220.4,657.1,Flood,63.03,Male,46
1305,Central,Maize,9.69,2025-03-26,2025-06-23,9137.3,138.0,450.4,Flood,49.9,Male,68
1306,Nyanza,Beans,9.56,2025-05-19,2025-08-11,5582.9,226.0,746.0,Sprinkler,112.37,Female,26
1307,Western,Beans,19.8,2025-01-03,2025-04-09,9982.6,315.6,731.8,Drip,92.05,Male,39
1308,Nyanza,Potatoes,6.1,2025-04-08,2025-08-30,2133.3,99.2,1010.6,Sprinkler,74.44,Female,79
1309,Western,Beans,4.58,2025-05-29,2025-10-11,8418.7,455.4,446.5,Rain-fed,114.64,Female,57
1310,Nyanza,Potatoes,1.47,2025-01-23,2025-04-22,4114.6,215.5,253.6,Rain-fed,23.16,Female,58
1311,Nyanza,Maize,19.63,2025-01-11,2025-07-10,4895.8,308.3,941.0,Rain-fed,36.83,Female,41
1312,Eastern,Potatoes,17.48,2025-01-14,2025-06-23,5822.9,33.8,828.9,Rain-fed,55.32,Female,79
1313,Western,Wheat,5.51,2025-03-25,2025-06-17,10204.7,461.4,310.6,Flood,116.87,Male,71
1314,Eastern,Maize,17.88,2025-06-22,2025-12-14,2080.5,219.4,664.1,Rain-fed,83.85,Male,23
1315,Eastern,Potatoes,19.21,2025-04-14,2025-07-28,636.7,22.4,101.6,Rain-fed,89.43,Male,72
1316,Nyanza,Beans,17.6,2025-05-24,2025-11-02,4212.7,401.3,872.7,Flood,73.65,Female,70
1317,Rift Valley,Potatoes,16.5,2025-04-03,2025-08-28,6487.4,442.4,218.9,Sprinkler,52.21,Male,45
1318,Western,Rice,10.3,2025-02-22,2025-05-29,10583.8,195.4,441.6,Rain-fed,85.54,Male,61
1319,Central,Potatoes,14.8,2025-02-11,2025-07-08,8629.8,45.8,737.7,Sprinkler,30.62,Male,52
1320,Nyanza,Potatoes,7.85,2025-02-02,2025-04-16,3490.6,434.1,368.9,Rain-fed,106.19,Female,77
1321,Rift Valley,Rice,4.27,2025-02-04,2025-07-01,6619.7,399.6,275.8,Drip,98.25,Male,71
1322,Central,Wheat,3.99,2025-03-16,2025-06-20,2715.7,198.5,788.8,Drip,72.86,Female,71
1323,Nyanza,Maize,2.91,2025-04-22,2025-09-09,6457.2,66.5,768.1,Sprinkler,63.82,Male,36
1324,Central,Wheat,1.28,2025-06-25,2025-11-20,5390.4,491.0,294.7,Flood,105.13,Female,25
1325,Eastern,Wheat,2.31,2025-03-05,2025-05-19,2226.1,44.8,349.4,Flood,62.59,Female,57
1326,Nyanza,Wheat,14.1,2025-02-20,2025-06-06,11048.2,141.7,610.2,Sprinkler,41.41,Male,54
1327,Central,Beans,17.47,2025-02-16,2025-05-13,2865.3,495.0,518.8,Drip,25.39,Male,52
1328,Western,Wheat,2.4,2025-02-13,2025-07-04,11221.7,448.1,433.4,Flood,77.02,Male,71
1329,Western,Wheat,19.94,2025-02-08,2025-05-21,6524.6,240.8,958.1,Rain-fed,89.61,Female,22
1330,Western,Potatoes,18.2,2025-04-29,2025-07-16,1841.7,375.8,213.5,Sprinkler,73.98,Male,67
1331,Rift Valley,Potatoes,16.12,2025-05-12,2025-10-21,601.4,347.8,584.3,Sprinkler,85.44,Male,36
1332,Eastern,Beans,2.09,2025-02-14,2025-04-19,3661.6,293.7,223.5,Drip,41.45,Female,54
1333,Eastern,Maize,7.1,2025-03-02,2025-07-09,3297.4,175.8,956.0,Drip,97.74,Female,74
1334,Western,Potatoes,1.64,2025-01-09,2025-06-11,645.0,227.6,1182.0,Flood,92.78,Male,66
1335,Rift Valley,Rice,4.89,2025-06-30,2025-09-22,5875.0,152.0,769.4,Drip,49.12,Female,56
1336,Western,Maize,11.45,2025-03-13,2025-06-25,5046.6,192.7,771.1,Rain-fed,65.34,Female,64
1337,Eastern,Beans,5.52,2025-03-12,2025-08-28,11911.7,419.7,622.5,Drip,69.29,Female,72
1338,Eastern,Maize,18.96,2025-04-29,2025-08-30,1922.3,297.7,111.5,Sprinkler,57.0,Male,42
1339,Nyanza,Beans,4.94,2025-04-25,2025-09-12,969.4,230.0,697.4,Rain-fed,44.36,Male,41
1340,Nyanza,Maize,16.64,2025-03-26,2025-07-22,11074.3,140.7,176.4,Sprinkler,50.83,Female,27
1341,Nyanza,Rice,17.35,2025-04-17,2025-07-13,10966.9,320.2,485.5,Rain-fed,61.98,Female,74
1342,Western,Beans,14.8,2025-05-05,2025-07-16,2339.1,311.0,557.1,Drip,72.31,Male,65
1343,Eastern,Beans,11.75,2025-04-10,2025-09-10,8362.6,167.7,1099.8,Rain-fed,51.07,Female,52
1344,Central,Maize,6.46,2025-06-28,2025-12-01,9415.9,356.4,915.4,Drip,91.53,Female,65
1345,Nyanza,Maize,6.71,2025-04-30,2025-07-19,11055.9,25.8,1058.9,Flood,48.69,Male,29
1346,Eastern,Rice,15.05,2025-05-26,2025-11-01,6972.0,21.7,679.2,Rain-fed,92.05,Male,43
1347,Nyanza,Rice,17.36,2025-06-27,2025-11-15,4097.7,304.9,212.4,Sprinkler,22.99,Female,62
1348,Nyanza,Beans,4.35,2025-02-25,2025-07-22,11813.2,406.1,1158.2,Rain-fed,35.87,Female,45
1349,Nyanza,Wheat,6.42,2025-04-14,2025-08-21,4109.1,62.9,102.3,Rain-fed,21.8,Female,38
1350,Central,Wheat,10.62,2025-03-09,2025-07-04,9171.1,187.7,931.4,Flood,101.35,Male,40
1351,Eastern,Maize,7.21,2025-02-03,2025-05-05,7096.0,169.8,712.0,Rain-fed,95.25,Male,35
1352,Rift Valley,Beans,2.31,2025-04-29,2025-08-11,4877.0,147.1,687.2,Drip,24.91,Male,46
1353,Eastern,Potatoes,8.0,2025-02-25,2025-07-15,6148.8,219.0,216.4,Sprinkler,39.03,Female,40
1354,Central,Potatoes,19.71,2025-01-01,2025-05-14,4014.5,337.7,890.0,Sprinkler,51.81,Male,31
1355,Central,Rice,7.32,2025-03-11,2025-08-10,7136.6,497.7,503.0,Sprinkler,73.2,Female,35
1356,Central,Beans,11.08,2025-02-21,2025-08-12,2137.4,111.6,879.5,Sprinkler,54.39,Female,39
1357,Nyanza,Wheat,14.61,2025-03-10,2025-07-13,8998.3,288.0,860.7,Flood,27.18,Female,29
1358,Central,Wheat,14.65,2025-05-02,2025-08-23,6115.4,384.8,828.0,Drip,20.85,Male,41
1359,Rift Valley,Wheat,19.45,2025-06-10,2025-09-13,11049.4,94.6,246.9,Flood,80.46,Female,76
1360,Nyanza,Wheat,10.87,2025-04-25,2025-08-21,7774.1,231.5,1170.3,Rain-fed,40.22,Male,65
1361,Central,Beans,12.74,2025-04-03,2025-08-22,4564.0,202.6,1030.7,Flood,105.47,Female,20
1362,Eastern,Maize,14.3,2025-05-01,2025-09-11,2018.3,481.7,456.6,Sprinkler,63.3,Male,25
1363,Rift Valley,Beans,16.58,2025-06-01,2025-11-11,3707.0,150.5,345.4,Rain-fed,116.01,Female,51
1364,Western,Rice,8.26,2025-01-22,2025-07-11,5254.8,235.5,324.9,Flood,37.22,Female,70
1365,Central,Beans,10.83,2025-05-16,2025-09-04,5138.8,172.7,110.1,Rain-fed,26.97,Female,39
1366,Nyanza,Maize,3.13,2025-03-26,2025-07-29,3543.8,475.4,1174.1,Rain-fed,51.62,Male,45
1367,Central,Potatoes,7.74,2025-05-04,2025-08-11,7403.2,376.1,849.9,Rain-fed,110.31,Female,36
1368,Rift Valley,Wheat,7.34,2025-04-03,2025-06-23,8197.9,375.0,641.2,Rain-fed,84.44,Male,48
1369,Nyanza,Rice,17.61,2025-03-28,2025-08-25,4271.3,139.7,734.4,Sprinkler,55.94,Female,73
1370,Western,Beans,9.45,2025-04-08,2025-08-29,7967.3,144.0,426.9,Sprinkler,112.85,Male,32
1371,Central,Wheat,7.47,2025-02-06,2025-04-27,2167.6,98.5,291.3,Rain-fed,31.96,Male,63
1372,Western,Maize,18.1,2025-05-14,2025-11-01,10508.4,199.5,692.6,Drip,72.51,Male,50
1373,Central,Wheat,10.28,2025-03-16,2025-07-02,10731.2,159.3,628.4,Sprinkler,92.1,Male,74
1374,Central,Rice,16.63,2025-04-10,2025-07-20,11670.7,129.4,615.1,Flood,115.18,Male,65
1375,Nyanza,Maize,8.45,2025-04-03,2025-07-25,5279.6,484.5,854.9,Rain-fed,110.76,Male,45
1376,Central,Maize,11.64,2025-03-25,2025-06-22,4195.1,318.8,481.3,Flood,91.52,Male,79
1377,Rift Valley,Wheat,12.52,2025-02-18,2025-07-22,1049.9,415.4,1001.2,Flood,79.14,Male,33
1378,Rift Valley,Rice,7.91,2025-03-30,2025-08-11,3048.8,49.2,613.9,Sprinkler,55.67,Male,36
1379,Nyanza,Wheat,11.7,2025-04-11,2025-09-23,6770.8,32.9,832.6,Drip,70.39,Female,50
1380,Eastern,Potatoes,12.87,2025-05-12,2025-09-19,6014.2,455.9,629.8,Rain-fed,88.63,Female,27
1381,Eastern,Maize,18.32,2025-02-04,2025-07-27,5519.9,40.8,469.7,Rain-fed,57.28,Male,77
1382,Nyanza,Maize,17.67,2025-06-05,2025-10-10,8778.3,486.4,786.9,Sprinkler,99.52,Male,53
1383,Eastern,Potatoes,18.76,2025-01-01,2025-05-05,8986.5,175.0,1129.7,Flood,115.86,Female,69
1384,Western,Beans,17.73,2025-02-11,2025-07-22,9802.5,117.3,575.6,Flood,48.52,Female,45
1385,Rift Valley,Maize,8.51,2025-03-23,2025-09-14,521.2,482.9,862.3,Rain-fed,105.91,Male,78
1386,Central,Potatoes,14.13,2025-04-21,2025-10-09,6845.1,249.9,755.3,Rain-fed,99.01,Male,68
1387,Rift Valley,Rice,16.63,2025-05-20,2025-10-01,7275.5,160.1,521.2,Flood,115.01,Female,29
1388,Western,Beans,11.91,2025-05-01,2025-08-16,7845.2,398.0,383.3,Flood,43.65,Female,43
1389,Nyanza,Rice,7.67,2025-04-16,2025-09-16,842.9,199.1,715.4,Flood,64.47,Female,47
1390,Western,Potatoes,8.52,2025-01-11,2025-03-31,7575.7,282.0,877.7,Rain-fed,58.19,Male,51
1391,Nyanza,Rice,12.92,2025-06-24,2025-08-23,9235.9,75.1,476.3,Rain-fed,30.49,Male,52
1392,Central,Beans,11.31,2025-06-19,2025-10-30,7994.0,410.9,823.1,Sprinkler,94.04,Male,50
1393,Western,Maize,5.62,2025-04-10,2025-06-09,5980.3,268.1,849.5,Drip,94.63,Female,21
1394,Western,Potatoes,1.56,2025-01-03,2025-03-25,626.0,353.9,649.2,Sprinkler,115.72,Female,54
1395,Eastern,Beans,9.85,2025-01-22,2025-04-14,6308.3,97.5,169.1,Drip,85.63,Male,23
1396,Central,Maize,8.62,2025-02-18,2025-05-03,1091.8,395.5,477.9,Rain-fed,73.45,Male,50
1397,Central,Maize,13.16,2025-03-04,2025-05-18,7357.8,36.5,1179.7,Drip,105.11,Male,76
1398,Central,Maize,13.78,2025-02-04,2025-06-07,8035.7,319.8,358.5,Drip,106.52,Male,79
1399,Nyanza,Maize,15.87,2025-01-05,2025-06-20,2729.6,241.3,104.7,Flood,25.53,Female,68
1400,Western,Wheat,8.88,2025-02-09,2025-04-30,5792.2,351.5,674.5,Rain-fed,44.41,Female,66
1401,Eastern,Maize,13.23,2025-02-08,2025-06-22,5278.4,485.3,657.5,Rain-fed,114.16,Female,36
1402,Nyanza,Wheat,15.18,2025-01-15,2025-06-19,1605.1,293.1,352.2,Flood,23.65,Male,29
1403,Eastern,Wheat,2.06,2025-01-29,2025-04-04,4363.2,266.6,124.3,Drip,98.57,Female,21
1404,Eastern,Maize,13.21,2025-06-08,2025-11-22,6431.9,74.4,1064.3,Drip,45.94,Female,28
1405,Western,Rice,14.57,2025-02-23,2025-07-18,3950.4,158.6,139.1,Rain-fed,106.16,Female,74
1406,Rift Valley,Rice,3.47,2025-06-30,2025-09-29,714.3,123.5,502.7,Sprinkler,91.14,Male,50
1407,Central,Maize,18.39,2025-02-11,2025-06-23,9643.1,415.4,1084.5,Flood,66.44,Female,56
1408,Central,Wheat,18.98,2025-01-21,2025-06-25,1563.8,60.3,1017.1,Rain-fed,76.5,Male,40
1409,Rift Valley,Maize,16.68,2025-03-10,2025-08-29,2312.0,220.3,532.3,Drip,33.97,Female,34
1410,Eastern,Rice,16.64,2025-04-04,2025-06-10,3033.2,482.5,1018.0,Flood,29.52,Male,47
1411,Rift Valley,Rice,13.11,2025-01-27,2025-07-02,9888.9,283.3,405.4,Rain-fed,100.99,Male,80
1412,Nyanza,Maize,10.01,2025-04-07,2025-06-08,5907.1,433.3,761.1,Sprinkler,55.47,Male,49
1413,Nyanza,Beans,1.11,2025-01-17,2025-06-10,9097.7,344.3,566.4,Sprinkler,38.02,Male,27
1414,Eastern,Rice,11.85,2025-02-18,2025-07-06,7461.8,401.0,384.7,Drip,65.42,Male,47
1415,Rift Valley,Wheat,11.37,2025-05-16,2025-08-08,11704.3,324.6,881.0,Sprinkler,25.81,Female,54
1416,Eastern,Potatoes,16.14,2025-03-11,2025-08-25,7077.0,173.1,400.0,Sprinkler,82.08,Female,32
1417,Nyanza,Beans,11.55,2025-02-17,2025-06-17,6404.1,487.9,1034.1,Sprinkler,41.86,Female,61
1418,Rift Valley,Potatoes,1.14,2025-03-16,2025-06-23,11125.4,311.2,1136.3,Flood,29.55,Male,49
1419,Rift Valley,Wheat,13.48,2025-01-29,2025-05-07,2662.1,37.4,1064.9,Rain-fed,88.38,Male,41
1420,Western,Rice,4.04,2025-02-15,2025-06-15,10763.9,223.9,186.2,Sprinkler,60.04,Male,28
1421,Eastern,Maize,1.07,2025-05-31,2025-10-05,7008.2,428.1,845.9,Sprinkler,92.46,Female,27
1422,Central,Potatoes,12.3,2025-06-14,2025-11-24,8199.9,54.0,331.8,Sprinkler,27.88,Female,33
1423,Rift Valley,Rice,3.45,2025-03-13,2025-08-19,8602.1,340.7,231.4,Rain-fed,119.0,Male,20
1424,Western,Rice,9.37,2025-03-03,2025-07-21,11383.4,341.5,163.3,Rain-fed,97.91,Male,69
1425,Central,Wheat,11.09,2025-01-07,2025-04-22,3183.2,289.6,346.8,Drip,34.63,Female,25
1426,Western,Rice,14.95,2025-04-10,2025-06-23,8800.4,281.8,841.9,Flood,80.8,Female,67
1427,Central,Wheat,1.47,2025-02-10,2025-07-31,2387.1,245.9,867.8,Flood,81.53,Male,25
1428,Nyanza,Potatoes,14.36,2025-03-20,2025-06-14,1390.0,127.8,705.5,Flood,119.69,Male,70
1429,Nyanza,Potatoes,12.03,2025-03-24,2025-07-24,4578.6,94.7,851.9,Rain-fed,80.66,Male,63
1430,Western,Wheat,5.86,2025-04-13,2025-08-22,8006.8,306.6,902.4,Rain-fed,84.56,Female,57
1431,Rift Valley,Wheat,12.39,2025-03-27,2025-07-20,7755.0,245.7,305.3,Drip,60.81,Male,67
1432,Rift Valley,Maize,9.28,2025-06-17,2025-08-25,9330.0,299.3,401.5,Rain-fed,63.56,Female,53
1433,Eastern,Wheat,9.04,2025-05-20,2025-09-12,1095.5,256.0,456.4,Drip,41.29,Female,58
1434,Rift Valley,Rice,7.21,2025-05-14,2025-09-25,8059.1,470.3,1039.8,Sprinkler,92.39,Male,70
1435,Western,Wheat,4.76,2025-06-26,2025-10-11,4634.2,217.2,536.8,Drip,98.36,Female,58
1436,Rift Valley,Potatoes,15.53,2025-03-10,2025-08-18,3812.1,63.6,290.5,Rain-fed,50.19,Male,20
1437,Western,Rice,5.75,2025-03-02,2025-05-10,7915.1,389.8,397.4,Flood,81.0,Female,55
1438,Central,Rice,17.98,2025-02-17,2025-06-06,11021.4,479.5,925.2,Drip,72.13,Male,41
1439,Central,Maize,19.73,2025-03-10,2025-06-29,8403.5,328.4,127.1,Drip,56.23,Male,68
1440,Nyanza,Potatoes,3.99,2025-03-17,2025-06-25,5761.5,350.7,469.5,Flood,86.7,Male,40
1441,Nyanza,Beans,2.47,2025-04-16,2025-10-12,11238.1,359.0,377.8,Rain-fed,59.15,Male,59
1442,Nyanza,Wheat,12.66,2025-05-01,2025-08-27,10828.4,23.5,415.5,Sprinkler,112.71,Male,68
1443,Rift Valley,Potatoes,16.82,2025-03-09,2025-05-26,8237.1,287.6,747.2,Rain-fed,57.4,Male,24
1444,Nyanza,Beans,10.84,2025-06-15,2025-10-02,9506.1,288.4,537.0,Rain-fed,44.96,Male,72
1445,Eastern,Maize,11.22,2025-02-22,2025-05-21,6234.8,214.6,464.4,Drip,82.83,Male,29
1446,Nyanza,Beans,9.82,2025-03-02,2025-07-06,1244.2,447.1,953.9,Sprinkler,84.21,Male,58
1447,Nyanza,Beans,2.21,2025-03-02,2025-05-31,9336.8,343.9,894.9,Drip,86.96,Female,24
1448,Nyanza,Maize,16.07,2025-01-11,2025-05-07,2313.6,127.0,931.0,Flood,34.51,Male,24
1449,Rift Valley,Potatoes,12.01,2025-04-14,2025-07-11,3203.2,39.7,592.0,Flood,83.21,Female,80
1450,Eastern,Wheat,16.02,2025-04-07,2025-08-16,3267.3,435.9,939.9,Flood,24.13,Female,63
1451,Rift Valley,Wheat,10.53,2025-05-27,2025-07-26,8460.7,311.6,615.4,Drip,114.77,Female,62
1452,Nyanza,Potatoes,17.91,2025-01-21,2025-04-30,7376.5,488.0,561.7,Rain-fed,113.86,Male,21
1453,Nyanza,Wheat,11.85,2025-05-22,2025-11-04,4751.4,256.1,1155.5,Sprinkler,50.03,Female,64
1454,Central,Rice,3.6,2025-04-22,2025-07-22,2243.3,134.7,879.5,Flood,83.08,Male,24
1455,Eastern,Wheat,8.96,2025-05-08,2025-10-04,7010.7,480.5,690.5,Rain-fed,75.22,Male,55
1456,Eastern,Beans,19.58,2025-02-25,2025-06-05,6988.2,221.0,949.0,Flood,29.15,Male,39
1457,Central,Potatoes,9.41,2025-01-07,2025-04-04,2405.4,349.0,515.6,Sprinkler,50.35,Male,37
1458,Nyanza,Potatoes,11.27,2025-02-13,2025-05-07,8269.9,158.0,244.5,Rain-fed,70.46,Male,55
1459,Rift Valley,Potatoes,15.08,2025-03-11,2025-07-29,985.6,120.6,1077.0,Drip,33.96,Female,29
1460,Rift Valley,Rice,19.42,2025-04-18,2025-08-25,1212.4,321.8,162.9,Sprinkler,109.37,Male,74
1461,Western,Wheat,5.1,2025-06-25,2025-12-01,2991.1,438.4,745.7,Flood,70.47,Female,77
1462,Eastern,Rice,3.87,2025-01-31,2025-04-05,1014.6,393.3,1123.0,Sprinkler,59.04,Female,75
1463,Western,Maize,16.7,2025-06-06,2025-08-12,9780.3,210.3,1184.7,Flood,73.41,Female,76
1464,Nyanza,Beans,13.94,2025-02-13,2025-05-04,8413.6,144.5,1155.4,Flood,32.79,Male,43
1465,Eastern,Beans,16.9,2025-03-27,2025-05-27,2366.9,159.0,366.7,Flood,67.96,Female,21
1466,Western,Potatoes,7.64,2025-02-22,2025-08-07,3489.3,260.0,506.4,Rain-fed,85.25,Female,23
1467,Western,Wheat,6.93,2025-03-21,2025-08-25,4055.5,288.1,522.6,Flood,48.42,Male,60
1468,Nyanza,Rice,19.04,2025-01-02,2025-06-10,8758.1,310.8,269.5,Sprinkler,30.92,Male,67
1469,Rift Valley,Potatoes,19.51,2025-01-23,2025-04-13,10635.8,59.1,957.4,Sprinkler,49.83,Female,55
1470,Eastern,Maize,11.4,2025-04-30,2025-09-04,11804.8,84.1,614.7,Rain-fed,75.42,Female,43
1471,Nyanza,Beans,14.58,2025-04-29,2025-09-28,8019.7,418.7,1110.7,Flood,46.89,Male,42
1472,Western,Beans,4.76,2025-04-30,2025-09-22,641.6,406.4,488.2,Flood,84.53,Male,26
1473,Western,Potatoes,1.17,2025-06-01,2025-11-25,9810.8,448.0,650.4,Drip,115.73,Female,56
1474,Eastern,Beans,19.92,2025-03-20,2025-05-26,1709.1,93.9,1133.4,Flood,71.47,Male,78
1475,Nyanza,Maize,8.92,2025-03-24,2025-05-23,7164.4,302.3,387.6,Drip,114.22,Male,38
1476,Western,Maize,9.34,2025-05-14,2025-09-09,9063.0,323.9,1144.4,Rain-fed,113.07,Male,59
1477,Eastern,Rice,4.94,2025-02-28,2025-07-10,10049.3,30.0,974.7,Sprinkler,87.53,Male,20
1478,Central,Wheat,7.23,2025-03-24,2025-08-04,9922.2,115.4,275.7,Flood,98.29,Female,74
1479,Central,Maize,13.24,2025-05-22,2025-10-29,2827.4,212.6,734.5,Flood,47.17,Female,68
1480,Central,Maize,3.58,2025-02-26,2025-08-06,11047.0,163.7,1192.5,Sprinkler,57.31,Male,77
1481,Eastern,Potatoes,14.44,2025-03-16,2025-07-07,7345.5,104.4,333.0,Rain-fed,38.58,Male,77
1482,Western,Beans,9.19,2025-04-02,2025-09-21,7796.7,279.0,654.4,Drip,26.95,Male,30
1483,Central,Potatoes,18.64,2025-04-20,2025-10-16,9485.5,171.3,163.2,Drip,63.8,Male,59
1484,Rift Valley,Rice,11.17,2025-01-05,2025-04-14,4200.7,492.6,234.5,Drip,81.85,Male,50
1485,Central,Rice,19.42,2025-02-09,2025-05-06,6731.9,229.3,564.2,Rain-fed,57.12,Female,56
1486,Eastern,Wheat,19.89,2025-01-01,2025-03-18,3878.9,322.2,169.0,Rain-fed,81.09,Male,75
1487,Central,Potatoes,18.63,2025-06-17,2025-09-05,2578.7,343.9,726.0,Drip,75.36,Female,70
1488,Nyanza,Rice,1.71,2025-01-23,2025-07-05,6832.0,369.0,335.1,Drip,98.54,Male,38
1489,Nyanza,Wheat,11.97,2025-03-31,2025-06-27,9526.7,105.5,366.8,Sprinkler,74.11,Male,26
1490,Nyanza,Beans,4.71,2025-02-06,2025-07-24,2485.1,471.9,801.8,Flood,55.83,Female,42
1491,Rift Valley,Beans,4.61,2025-04-08,2025-09-27,8620.0,310.8,108.1,Rain-fed,59.12,Female,48
1492,Western,Potatoes,19.41,2025-06-26,2025-10-13,6533.0,497.1,1175.8,Rain-fed,39.69,Female,43
1493,Nyanza,maiz,10.9,2025-01-20,2025-04-03,2569.9,433.3,747.9,Rain-fed,82.52,Male,57
1494,Central,Beans,9.95,2025-03-11,2025-05-11,6756.9,241.5,915.8,Rain-fed,74.19,Female,38
1495,Eastern,Rice,9.37,2025-02-28,2025-05-16,7146.8,250.4,1100.9,Drip,36.77,Male,73
1496,Nyanza,Beans,4.68,2025-06-20,2025-09-25,8244.0,47.3,755.9,Drip,89.8,Female,52
1497,Rift Valley,Rice,10.72,2025-05-25,2025-08-20,2577.2,120.5,1084.7,Drip,30.45,Female,65
1498,Nyanza,Potatoes,2.36,2025-03-14,2025-07-14,2866.9,214.9,454.9,Flood,20.93,Female,77
1499,Eastern,Potatoes,9.46,2025-06-23,2025-12-20,5713.5,272.7,278.6,Flood,96.59,Male,26
1500,Eastern,Maize,10.29,2025-04-02,2025-08-18,7261.4,430.7,1024.9,Drip,54.63,Male,72
1501,Eastern,Beans,19.03,2025-06-29,2025-12-09,511.3,271.8,615.4,Sprinkler,57.29,Female,66
1502,Nyanza,Potatoes,16.09,2025-01-08,2025-04-12,5687.6,165.6,783.3,Drip,36.77,Male,76
1503,Rift Valley,Wheat,13.51,2025-01-13,2025-05-07,1381.9,104.6,555.6,Flood,60.13,Male,40
1504,Nyanza,Potatoes,5.59,2025-04-11,2025-07-18,10450.3,132.7,757.8,Drip,28.38,Female,54
1505,Central,Maize,11.95,2025-05-06,2025-08-02,7410.9,356.7,834.7,Rain-fed,112.02,Female,64
1506,Western,Wheat,13.09,2025-04-26,2025-10-17,5128.6,208.6,316.0,Flood,107.65,Male,47
1507,Nyanza,Rice,5.42,2025-01-04,2025-03-22,3624.9,349.4,312.5,Flood,72.12,Male,63
1508,Western,Beans,10.44,2025-05-30,2025-10-12,6357.2,160.0,1063.1,Rain-fed,66.59,Female,28
1509,Eastern,Maize,5.08,2025-06-23,2025-10-24,7748.8,224.9,578.0,Flood,71.8,Female,25
1510,Nyanza,Maize,11.23,2025-04-13,2025-07-31,5083.5,179.6,429.7,Rain-fed,40.22,Male,24
1511,Eastern,Potatoes,6.68,2025-01-10,2025-03-28,3934.5,410.9,754.4,Sprinkler,46.69,Male,25
1512,Nyanza,Beans,13.87,2025-03-26,2025-07-03,10221.8,394.1,416.9,Flood,104.37,Female,35
1513,Nyanza,Wheat,19.16,2025-06-06,2025-10-19,9411.3,74.2,536.3,Flood,77.43,Female,71
1514,Eastern,Beans,11.83,2025-04-14,2025-07-14,2263.1,78.5,1115.8,Flood,22.69,Female,74
1515,Western,Maize,3.77,2025-03-01,2025-06-25,5198.4,258.0,276.9,Flood,70.83,Female,37
1516,Eastern,Rice,1.97,2025-05-29,2025-10-13,9040.2,148.7,192.7,Rain-fed,79.77,Female,20
1517,Western,Rice,16.67,2025-03-23,2025-08-13,7167.5,39.3,743.5,Drip,62.83,Male,56
1518,Central,Potatoes,15.39,2025-03-19,2025-05-27,7157.4,108.4,674.9,Sprinkler,99.52,Male,46
1519,Central,Rice,18.66,2025-04-29,2025-09-02,10270.6,284.0,1124.9,Drip,68.24,Female,51
1520,Nyanza,Rice,8.75,2025-03-17,2025-06-29,7294.6,374.5,1060.5,Rain-fed,72.0,Male,28
1521,Eastern,maiz,12.79,2025-02-02,2025-04-26,2569.3,166.9,402.9,Flood,68.58,Female,21
1522,Eastern,Potatoes,1.65,2025-01-30,2025-04-18,11527.6,416.9,582.5,Drip,20.51,Female,74
1523,Western,Wheat,16.12,2025-06-25,2025-09-05,3488.4,137.7,979.5,Drip,24.48,Female,42
1524,Western,Beans,16.76,2025-01-18,2025-05-29,3969.4,73.7,634.2,Rain-fed,39.75,Male,60
1525,Eastern,Beans,11.34,2025-06-16,2025-12-12,3108.8,166.6,610.3,Flood,69.12,Female,48
1526,Nyanza,Beans,16.69,2025-04-04,2025-06-03,7319.1,144.4,971.6,Drip,102.36,Female,70
1527,Western,Beans,3.69,2025-04-26,2025-07-29,1319.9,282.6,1018.1,Sprinkler,74.32,Male,37
1528,Rift Valley,Potatoes,17.06,2025-04-14,2025-07-29,1825.4,276.1,1028.0,Sprinkler,49.96,Female,74
1529,Eastern,Beans,17.42,2025-01-06,2025-05-15,9080.3,218.2,795.7,Drip,91.05,Male,59
1530,Eastern,Potatoes,18.15,2025-06-27,2025-10-14,2412.5,323.3,128.9,Flood,71.22,Female,42
1531,Rift Valley,Wheat,13.62,2025-01-31,2025-05-06,4344.0,174.7,521.2,Flood,50.0,Female,57
1532,Central,Maize,10.11,2025-02-03,2025-05-06,676.2,490.9,384.2,Flood,37.49,Female,36
1533,Western,Maize,5.5,2025-03-30,2025-07-06,5623.5,309.1,328.8,Drip,66.11,Male,27
1534,Central,Potatoes,18.76,2025-05-23,2025-10-22,5972.4,305.0,381.1,Drip,85.46,Female,61
1535,Rift Valley,Potatoes,3.89,2025-01-10,2025-04-26,10418.3,376.6,688.7,Flood,64.51,Female,36
1536,Nyanza,Beans,5.8,2025-03-06,2025-07-15,11794.9,106.9,575.2,Drip,96.51,Male,77
1537,Eastern,Maize,4.65,2025-01-02,2025-04-13,9132.1,428.3,1179.7,Sprinkler,25.98,Female,26
1538,Eastern,Rice,9.28,2025-04-12,2025-10-05,10351.0,267.4,1038.2,Drip,39.34,Female,80
1539,Western,Maize,7.48,2025-02-13,2025-07-13,2469.0,354.0,724.6,Rain-fed,50.34,Male,55
1540,Nyanza,Potatoes,18.68,2025-06-12,2025-09-21,9459.1,321.0,197.0,Sprinkler,50.92,Male,46
1541,Eastern,Beans,17.0,2025-03-18,2025-05-19,592.6,347.4,436.5,Sprinkler,74.12,Female,69
1542,Nyanza,Potatoes,4.98,2025-01-25,2025-05-06,800.6,499.3,1037.9,Drip,56.22,Male,32
1543,Central,Wheat,6.72,2025-02-15,2025-05-04,3206.8,304.3,829.3,Drip,52.92,Male,42
1544,Nyanza,Rice,13.78,2025-05-02,2025-10-18,1790.3,274.4,352.5,Drip,72.95,Male,66
1545,Rift Valley,Wheat,9.82,2025-04-10,2025-09-19,8822.4,141.2,744.9,Flood,68.95,Male,78
1546,Eastern,Rice,16.08,2025-05-02,2025-08-04,8037.4,22.3,418.2,Flood,91.69,Female,29
1547,Rift Valley,Maize,7.98,2025-01-04,2025-03-23,8234.5,436.4,1124.9,Flood,78.84,Female,56
1548,Rift Valley,Potatoes,3.37,2025-02-02,2025-07-10,504.9,232.7,1105.6,Rain-fed,59.33,Female,41
1549,Western,Wheat,3.68,2025-01-18,2025-07-03,1155.8,246.6,597.4,Rain-fed,28.14,Male,37
1550,Central,Potatoes,8.88,2025-04-29,2025-09-05,2231.0,451.6,962.4,Rain-fed,56.43,Female,60
1551,Eastern,Potatoes,18.78,2025-02-01,2025-06-08,2831.9,65.2,863.3,Flood,60.32,Female,25
1552,Eastern,Wheat,17.07,2025-01-22,2025-06-18,2880.5,396.6,173.4,Drip,100.83,Male,25
1553,Central,Beans,18.62,2025-02-09,2025-04-29,4610.8,376.2,215.1,Drip,72.59,Female,59
1554,Eastern,maiz,4.52,2025-03-30,2025-08-14,5718.6,459.5,1023.5,Sprinkler,72.42,Female,77
1555,Nyanza,Rice,14.98,2025-03-10,2025-07-31,7632.9,193.4,413.0,Rain-fed,62.54,Male,76
1556,Central,Potatoes,1.06,2025-05-14,2025-09-29,1814.3,235.8,560.2,Flood,53.11,Female,61
1557,Nyanza,Rice,5.0,2025-03-12,2025-09-07,4436.9,210.6,626.7,Flood,81.59,Male,32
1558,Central,Wheat,11.76,2025-05-30,2025-10-08,788.8,127.1,930.4,Sprinkler,92.78,Female,27
1559,Rift Valley,Maize,12.14,2025-03-06,2025-08-03,3531.3,253.5,668.9,Rain-fed,99.72,Female,45
1560,Rift Valley,Maize,5.83,2025-02-28,2025-07-27,11770.8,409.1,252.9,Rain-fed,28.88,Female,21
1561,Rift Valley,Rice,14.16,2025-02-17,2025-07-21,3672.8,37.1,917.6,Rain-fed,50.81,Male,73
1562,Rift Valley,Potatoes,8.41,2025-06-02,2025-11-07,11043.7,167.9,1021.5,Rain-fed,90.19,Female,43
1563,Nyanza,Potatoes,17.8,2025-01-04,2025-06-22,10489.1,297.9,172.2,Rain-fed,80.38,Female,54
1564,Nyanza,Rice,5.91,2025-03-16,2025-07-24,7983.2,134.4,171.2,Sprinkler,64.61,Male,68
1565,Eastern,Potatoes,9.78,2025-06-21,2025-10-16,5734.2,331.5,1169.1,Sprinkler,115.88,Male,39
1566,Western,Wheat,1.29,2025-02-21,2025-06-12,3672.4,139.6,741.3,Flood,113.47,Male,31
1567,Western,Potatoes,15.33,2025-03-13,2025-05-25,7502.1,405.9,740.7,Drip,58.67,Male,56
1568,Nyanza,Maize,2.45,2025-03-24,2025-08-03,10854.5,260.9,846.8,Rain-fed,49.44,Male,70
1569,Eastern,Potatoes,10.85,2025-05-17,2025-10-15,1399.8,497.7,798.0,Drip,71.08,Female,63
1570,Nyanza,Maize,18.83,2025-01-11,2025-06-27,809.3,21.0,775.7,Rain-fed,113.37,Male,39
1571,Central,Potatoes,9.06,2025-06-21,2025-09-25,6173.3,88.5,1015.9,Sprinkler,70.45,Female,78
1572,Nyanza,Rice,9.85,2025-06-20,2025-09-30,4807.7,229.9,556.4,Drip,87.02,Male,22
1573,Nyanza,Potatoes,14.94,2025-02-11,2025-07-15,10107.4,65.9,285.4,Rain-fed,48.45,Female,54
1574,Western,Beans,2.61,2025-04-18,2025-08-05,10385.8,150.1,469.9,Flood,31.91,Male,40
1575,Nyanza,Wheat,13.48,2025-01-04,2025-06-02,6887.5,407.9,441.3,Sprinkler,25.38,Female,33
1576,Eastern,Beans,17.96,2025-04-05,2025-06-17,6407.3,336.4,934.7,Sprinkler,92.45,Female,49
1577,Central,Beans,1.65,2025-05-11,2025-10-30,2280.2,208.5,773.1,Sprinkler,73.64,Female,46
1578,Rift Valley,Rice,5.61,2025-03-08,2025-05-21,10853.0,316.5,961.1,Drip,68.59,Male,67
1579,Nyanza,Rice,2.29,2025-05-21,2025-09-29,10307.9,305.3,432.6,Drip,31.76,Male,50
1580,Rift Valley,Rice,17.55,2025-03-27,2025-08-08,11721.9,397.5,489.6,Drip,87.17,Female,32
1581,Eastern,Maize,13.6,2025-05-24,2025-08-05,9787.2,192.9,176.2,Flood,62.83,Male,68
1582,Western,Rice,11.44,2025-06-08,2025-10-14,5816.6,237.4,1199.4,Flood,25.81,Male,61
1583,Western,Potatoes,1.24,2025-03-29,2025-08-17,3799.6,146.4,667.8,Sprinkler,97.3,Female,36
1584,Eastern,Rice,13.53,2025-04-11,2025-06-15,776.9,234.4,593.6,Sprinkler,106.12,Female,39
1585,Nyanza,Maize,1.24,2025-03-08,2025-05-30,2641.1,162.7,953.2,Rain-fed,21.49,Female,52
1586,Eastern,Wheat,9.92,2025-02-11,2025-05-22,11322.1,263.0,1033.4,Drip,55.95,Female,43
1587,Western,Wheat,1.3,2025-04-02,2025-09-26,5721.7,143.6,1049.0,Flood,37.75,Male,25
1588,Nyanza,Potatoes,6.12,2025-04-13,2025-08-05,4066.2,235.4,911.2,Sprinkler,82.72,Female,41
1589,Western,Beans,19.3,2025-03-06,2025-05-25,1058.6,251.3,184.4,Flood,83.63,Male,40
1590,Central,Wheat,19.71,2025-03-31,2025-07-28,1105.0,326.2,381.5,Flood,48.64,Male,36
1591,Eastern,Wheat,12.4,2025-06-04,2025-09-14,7342.7,191.8,1090.9,Drip,89.6,Male,58
1592,Eastern,Rice,1.01,2025-01-28,2025-06-29,2799.3,47.5,230.0,Rain-fed,106.01,Male,80
1593,Eastern,Rice,14.65,2025-01-05,2025-04-30,8223.7,138.4,322.4,Drip,92.33,Female,39
1594,Eastern,Beans,14.43,2025-06-02,2025-11-03,4301.1,396.6,1196.1,Sprinkler,117.18,Male,32
1595,Rift Valley,Beans,9.13,2025-01-17,2025-03-26,8666.7,188.1,582.5,Sprinkler,74.83,Female,38
1596,Eastern,Maize,8.73,2025-02-22,2025-06-29,9280.3,355.7,998.1,Flood,67.99,Female,29
1597,Central,Maize,11.73,2025-03-24,2025-05-23,11283.0,112.4,636.5,Flood,37.42,Female,53
1598,Nyanza,Rice,17.83,2025-04-24,2025-07-27,3890.9,84.6,1184.1,Flood,103.14,Male,27
1599,Rift Valley,Maize,10.29,2025-04-07,2025-08-19,3404.3,436.7,361.2,Drip,106.86,Female,49
1600,Western,Rice,15.68,2025-03-06,2025-06-10,6820.5,281.6,972.0,Rain-fed,84.87,Female,52
1601,Central,Beans,16.61,2025-03-29,2025-08-30,4813.1,362.0,853.6,Flood,51.6,Female,71
1602,Central,Wheat,6.58,2025-04-09,2025-06-13,8253.3,279.3,373.2,Rain-fed,53.32,Female,32
1603,Western,Rice,17.28,2025-01-28,2025-07-21,6713.6,387.3,618.0,Rain-fed,98.79,Male,62
1604,Eastern,Potatoes,12.1,2025-06-03,2025-10-30,2951.4,43.2,671.4,Sprinkler,66.07,Male,80
1605,Nyanza,Potatoes,1.98,2025-04-03,2025-07-14,5139.9,479.8,919.0,Rain-fed,45.76,Female,70
1606,Nyanza,Maize,6.63,2025-06-27,2025-12-09,2081.7,394.0,768.2,Flood,83.21,Male,23
1607,Central,Beans,6.92,2025-02-09,2025-05-18,6470.6,88.4,357.1,Rain-fed,46.8,Male,34
1608,Western,Potatoes,7.67,2025-02-12,2025-07-18,4252.2,103.8,119.9,Rain-fed,62.12,Female,53
1609,Central,Beans,16.92,2025-02-21,2025-08-05,11810.9,255.3,210.9,Sprinkler,71.34,Male,48
1610,Nyanza,Potatoes,13.78,2025-05-17,2025-11-11,3270.1,452.8,231.2,Sprinkler,29.5,Female,35
1611,Rift Valley,Maize,4.3,2025-04-29,2025-08-29,10372.8,284.0,904.4,Rain-fed,92.65,Female,68
1612,Nyanza,Potatoes,10.78,2025-05-22,2025-11-06,3861.3,274.9,459.5,Drip,109.73,Male,33
1613,Central,Rice,14.4,2025-01-04,2025-03-30,2971.0,154.4,498.7,Drip,108.47,Female,21
1614,Central,Rice,5.08,2025-06-02,2025-11-15,4177.1,352.7,930.7,Rain-fed,31.05,Female,27
1615,Nyanza,Maize,4.59,2025-04-02,2025-09-04,3951.3,155.8,142.8,Drip,71.36,Male,78
1616,Western,Wheat,15.28,2025-01-07,2025-05-25,8610.6,101.7,759.4,Drip,35.23,Male,77
1617,Central,Beans,10.65,2025-04-21,2025-08-04,9154.0,96.6,278.0,Flood,42.51,Female,45
1618,Nyanza,Rice,1.34,2025-02-19,2025-07-18,2488.4,302.0,1106.7,Drip,30.43,Male,73
1619,Western,Maize,8.09,2025-01-16,2025-03-18,3087.5,303.8,163.8,Sprinkler,66.66,Male,36
1620,Eastern,Maize,5.82,2025-05-09,2025-07-09,11924.2,84.3,731.7,Flood,54.02,Female,20
1621,Eastern,Beans,5.18,2025-03-11,2025-06-12,6607.4,394.0,1163.0,Drip,42.42,Female,50
1622,Central,Rice,13.5,2025-01-28,2025-05-24,1958.0,149.4,628.3,Drip,92.27,Female,79
1623,Western,Rice,4.94,2025-05-28,2025-10-30,1969.7,91.9,214.1,Flood,95.6,Male,67
1624,Rift Valley,Beans,2.89,2025-04-26,2025-06-28,3745.0,204.5,390.2,Rain-fed,20.97,Male,63
1625,Western,Potatoes,8.89,2025-02-21,2025-06-15,5679.4,76.1,444.4,Rain-fed,103.44,Male,56
1626,Eastern,Rice,19.7,2025-03-31,2025-08-24,9664.4,426.4,127.0,Sprinkler,112.36,Female,57
1627,Nyanza,Wheat,1.63,2025-04-03,2025-08-13,1520.2,440.2,629.6,Flood,36.32,Female,20
1628,Central,Wheat,5.52,2025-03-21,2025-09-02,11257.5,302.9,460.6,Sprinkler,118.19,Female,66
1629,Western,Wheat,16.22,2025-03-13,2025-06-18,1391.5,148.4,302.0,Drip,20.59,Female,73
1630,Nyanza,Potatoes,1.62,2025-05-22,2025-08-10,1947.8,265.2,562.0,Rain-fed,117.01,Male,51
1631,Western,Wheat,5.64,2025-02-07,2025-04-28,5002.2,489.6,472.1,Sprinkler,59.31,Female,49
1632,Nyanza,Potatoes,19.51,2025-05-27,2025-10-02,3744.5,310.1,836.9,Flood,102.62,Female,44
1633,Eastern,Wheat,9.44,2025-02-03,2025-04-17,9378.6,149.3,241.6,Rain-fed,45.5,Female,52
1634,Rift Valley,Potatoes,17.28,2025-06-11,2025-09-07,3736.9,286.2,271.8,Rain-fed,26.67,Male,34
1635,Rift Valley,Beans,11.82,2025-04-19,2025-07-03,3567.9,214.7,335.1,Drip,71.89,Female,62
1636,Central,Rice,12.96,2025-01-09,2025-05-14,6822.0,20.8,542.3,Flood,100.35,Female,23
1637,Western,Rice,6.13,2025-04-19,2025-08-11,2379.4,441.7,797.6,Drip,73.66,Female,23
1638,Nyanza,Beans,6.5,2025-06-11,2025-12-08,8436.5,145.7,1088.3,Rain-fed,35.42,Female,44
1639,Rift Valley,Beans,8.59,2025-02-08,2025-04-10,4416.8,469.0,372.7,Sprinkler,89.73,Male,78
1640,Nyanza,Rice,9.38,2025-05-30,2025-08-21,4490.2,361.7,667.0,Drip,47.16,Female,46
1641,Central,Beans,18.86,2025-06-10,2025-08-13,10299.7,164.2,760.7,Flood,114.93,Female,49
1642,Eastern,Beans,19.03,2025-05-14,2025-09-27,7786.7,163.4,541.7,Flood,112.1,Female,27
1643,Eastern,Beans,19.55,2025-04-30,2025-10-25,7868.6,73.0,916.7,Sprinkler,68.93,Male,26
1644,Eastern,Maize,19.99,2025-03-15,2025-06-27,6962.2,266.5,400.4,Drip,111.98,Female,39
1645,Western,maiz,2.4,2025-01-12,2025-07-02,9226.3,62.8,344.3,Sprinkler,105.48,Male,47
1646,Rift Valley,Beans,19.53,2025-01-01,2025-04-18,11168.3,431.4,1124.9,Drip,53.05,Female,61
1647,Eastern,Maize,10.46,2025-03-01,2025-05-18,4705.5,106.1,541.3,Sprinkler,57.12,Female,40
1648,Rift Valley,Wheat,7.52,2025-02-20,2025-07-11,7597.6,384.0,1132.7,Rain-fed,107.51,Male,40
1649,Rift Valley,Maize,3.5,2025-05-11,2025-09-11,4749.4,282.1,188.5,Sprinkler,72.42,Female,72
1650,Rift Valley,Beans,9.43,2025-03-30,2025-07-15,5923.3,481.4,724.9,Drip,63.03,Female,70
1651,Eastern,Maize,19.95,2025-05-21,2025-09-17,5496.8,176.0,1158.4,Sprinkler,93.46,Male,20
1652,Central,Beans,14.08,2025-03-22,2025-09-05,4410.2,413.6,301.7,Sprinkler,26.95,Male,72
1653,Western,Potatoes,11.47,2025-05-31,2025-11-06,5274.1,207.4,741.2,Drip,43.26,Female,33
1654,Central,Potatoes,18.76,2025-03-11,2025-08-26,4059.1,118.9,160.6,Sprinkler,62.14,Female,21
1655,Eastern,Beans,7.32,2025-05-23,2025-09-24,5984.3,95.4,503.1,Sprinkler,32.92,Male,56
1656,Rift Valley,Wheat,8.1,2025-02-15,2025-07-27,11162.2,89.9,300.4,Flood,59.17,Male,65
1657,Rift Valley,Beans,14.8,2025-01-25,2025-06-28,3626.5,369.7,364.4,Flood,95.43,Female,30
1658,Western,Rice,2.89,2025-02-02,2025-06-26,5488.7,411.4,906.0,Sprinkler,27.64,Female,43
1659,Nyanza,Beans,1.08,2025-05-04,2025-10-15,5905.9,232.4,997.4,Drip,99.19,Female,73
1660,Rift Valley,Rice,17.67,2025-01-18,2025-07-09,3152.4,271.6,1029.8,Rain-fed,72.4,Female,67
1661,Central,Rice,4.9,2025-06-02,2025-10-11,5743.3,39.8,399.5,Rain-fed,44.42,Female,74
1662,Central,Potatoes,18.79,2025-01-04,2025-06-07,915.4,347.2,717.5,Sprinkler,29.91,Female,34
1663,Eastern,Potatoes,13.83,2025-01-05,2025-06-28,2908.4,159.1,615.8,Flood,89.79,Male,28
1664,Eastern,Potatoes,9.71,2025-01-29,2025-04-04,6472.0,132.6,566.9,Flood,106.59,Female,25
1665,Western,Wheat,2.93,2025-02-08,2025-06-17,6378.2,414.7,948.6,Sprinkler,23.47,Female,78
1666,Nyanza,Maize,7.86,2025-03-02,2025-07-10,2496.2,174.8,483.3,Rain-fed,51.83,Female,65
1667,Eastern,Maize,17.42,2025-02-07,2025-06-06,11841.8,306.5,630.7,Flood,35.71,Male,49
1668,Nyanza,Potatoes,7.06,2025-02-19,2025-06-05,10756.2,51.4,739.6,Rain-fed,88.35,Female,40
1669,Western,Potatoes,11.59,2025-04-09,2025-09-01,9153.1,197.2,687.4,Rain-fed,69.98,Male,26
1670,Eastern,Rice,4.1,2025-06-20,2025-08-22,10616.9,320.0,349.7,Sprinkler,113.55,Female,75
1671,Eastern,Beans,5.66,2025-06-05,2025-11-29,769.0,21.0,530.0,Flood,31.41,Female,47
1672,Western,Potatoes,5.23,2025-02-17,2025-05-07,4500.0,45.7,711.0,Flood,90.44,Female,53
1673,Western,Wheat,13.34,2025-01-26,2025-06-06,1237.3,141.5,351.3,Rain-fed,93.02,Female,67
1674,Eastern,Potatoes,10.23,2025-03-29,2025-05-28,8012.5,258.8,857.0,Rain-fed,49.23,Male,62
1675,Western,Beans,17.49,2025-04-15,2025-09-01,9312.9,324.2,1040.1,Drip,63.3,Female,31
1676,Rift Valley,Potatoes,13.87,2025-06-17,2025-10-16,10633.2,48.8,546.6,Drip,90.89,Male,41
1677,Eastern,Maize,12.81,2025-06-27,2025-12-07,10431.3,485.9,1108.4,Rain-fed,45.88,Female,23
1678,Eastern,Beans,17.03,2025-04-01,2025-09-08,1976.6,324.1,801.2,Drip,88.81,Male,62
1679,Nyanza,Rice,10.33,2025-06-27,2025-12-08,2557.0,438.1,620.5,Sprinkler,29.04,Male,39
1680,Central,Rice,7.3,2025-01-06,2025-03-26,3158.8,279.7,285.8,Rain-fed,85.42,Male,59
1681,Rift Valley,Wheat,16.59,2025-04-19,2025-06-22,1538.9,118.1,1173.8,Rain-fed,50.46,Female,32
1682,Western,Potatoes,8.34,2025-04-21,2025-07-20,1436.0,299.8,731.4,Rain-fed,32.66,Male,57
1683,Rift Valley,Rice,16.96,2025-02-09,2025-05-01,7648.9,302.1,1149.0,Sprinkler,81.05,Male,33
1684,Eastern,Rice,1.19,2025-02-17,2025-08-07,4638.6,414.4,381.5,Flood,96.5,Male,54
1685,Eastern,Maize,5.03,2025-04-17,2025-07-18,9386.0,205.5,647.4,Sprinkler,25.64,Male,20
1686,Eastern,Wheat,5.59,2025-05-15,2025-10-20,10320.7,365.2,177.5,Rain-fed,118.07,Female,75
1687,Nyanza,Maize,4.87,2025-05-05,2025-09-02,4713.3,55.5,526.5,Drip,34.53,Female,50
1688,Western,Potatoes,13.02,2025-05-21,2025-08-25,2846.7,412.0,152.6,Sprinkler,108.78,Male,20
1689,Eastern,Maize,19.5,2025-04-13,2025-06-14,9955.4,429.0,976.9,Sprinkler,81.46,Female,74
1690,Rift Valley,Rice,10.53,2025-02-01,2025-07-06,11804.2,139.7,704.2,Drip,110.16,Female,37
1691,Central,Beans,11.86,2025-06-30,2025-09-22,10137.7,361.6,355.6,Flood,91.59,Male,63
1692,Eastern,Beans,9.69,2025-06-14,2025-10-28,10627.1,235.8,926.4,Flood,31.88,Male,39
1693,Eastern,Potatoes,1.6,2025-04-11,2025-06-26,8971.5,91.6,1105.0,Rain-fed,39.9,Male,38
1694,Eastern,Beans,3.03,2025-05-10,2025-09-13,10727.7,39.7,196.3,Rain-fed,118.52,Male,34
1695,Eastern,Potatoes,5.77,2025-06-20,2025-11-09,2446.1,477.6,410.6,Flood,98.32,Female,35
1696,Eastern,Potatoes,1.83,2025-04-21,2025-10-15,6382.9,477.6,280.9,Sprinkler,63.75,Female,29
1697,Central,Potatoes,19.29,2025-05-14,2025-07-24,8794.8,80.4,487.9,Drip,117.61,Male,77
1698,Central,Maize,1.59,2025-04-22,2025-08-02,1975.1,304.5,915.5,Flood,58.01,Female,63
1699,Nyanza,Rice,2.21,2025-04-29,2025-08-09,1236.6,436.0,875.5,Rain-fed,67.09,Male,61
1700,Rift Valley,Wheat,19.65,2025-03-14,2025-06-21,2962.9,80.0,327.4,Sprinkler,52.34,Female,46
1701,Central,Potatoes,16.51,2025-04-25,2025-08-02,4517.9,380.4,770.0,Rain-fed,80.02,Male,23
1702,Eastern,Maize,8.75,2025-03-07,2025-08-02,2392.7,36.2,483.1,Flood,39.24,Male,28
1703,Eastern,Rice,7.59,2025-06-26,2025-11-28,9255.5,170.9,124.8,Drip,43.93,Female,68
1704,Western,Wheat,15.31,2025-05-25,2025-10-25,1850.8,168.6,1038.8,Sprinkler,49.57,Female,47
1705,Eastern,Potatoes,2.93,2025-06-13,2025-10-05,538.6,310.9,307.9,Sprinkler,65.5,Female,79
1706,Rift Valley,Potatoes,14.21,2025-06-19,2025-11-19,5718.0,51.7,229.0,Flood,61.16,Male,70
1707,Rift Valley,Potatoes,17.23,2025-01-30,2025-04-27,4428.4,321.4,439.6,Rain-fed,24.05,Male,74
1708,Nyanza,Maize,15.67,2025-06-06,2025-11-27,5608.2,413.6,181.5,Sprinkler,87.96,Male,38
1709,Central,Potatoes,4.73,2025-06-02,2025-09-09,10240.6,328.4,441.3,Sprinkler,97.52,Female,20
1710,Rift Valley,Rice,3.39,2025-04-30,2025-10-08,2981.4,255.0,627.8,Sprinkler,43.11,Male,76
1711,Western,Potatoes,19.64,2025-04-01,2025-06-20,675.2,141.2,838.5,Sprinkler,109.05,Female,70
1712,Central,Beans,6.9,2025-03-22,2025-07-19,2339.0,105.3,113.7,Flood,51.65,Male,44
1713,Central,Maize,10.87,2025-05-09,2025-09-11,8789.7,416.5,597.3,Drip,100.31,Male,49
1714,Central,Rice,3.63,2025-02-03,2025-06-14,8955.8,298.3,1085.9,Sprinkler,103.07,Female,78
1715,Nyanza,Rice,18.78,2025-05-21,2025-11-03,5551.3,379.9,656.2,Flood,98.86,Female,70
1716,Central,Maize,9.87,2025-03-08,2025-05-29,8420.4,280.4,901.1,Sprinkler,43.32,Female,26
1717,Rift Valley,Rice,5.0,2025-01-27,2025-04-15,1347.1,438.7,596.8,Drip,104.19,Female,34
1718,Eastern,Rice,7.16,2025-05-16,2025-08-27,7271.2,487.2,1142.8,Flood,90.19,Female,48
1719,Eastern,Rice,2.59,2025-03-13,2025-05-12,7155.3,260.9,348.7,Drip,87.26,Female,21
1720,Rift Valley,Maize,12.52,2025-04-01,2025-09-22,5664.1,461.0,824.2,Rain-fed,95.61,Female,20
1721,Eastern,Maize,3.95,2025-04-09,2025-09-07,4649.3,482.0,417.2,Drip,98.84,Female,42
1722,Eastern,Maize,17.65,2025-01-15,2025-06-08,3360.7,121.9,299.1,Sprinkler,41.71,Male,71
1723,Central,Potatoes,7.27,2025-05-04,2025-10-09,3591.7,103.4,784.8,Rain-fed,25.22,Female,27
1724,Nyanza,Wheat,11.42,2025-02-13,2025-07-23,8241.3,400.4,491.5,Drip,88.97,Male,59
1725,Eastern,Wheat,16.99,2025-04-28,2025-09-09,2349.3,260.7,742.3,Flood,23.13,Female,77
1726,Nyanza,Potatoes,9.27,2025-03-02,2025-07-11,7799.0,164.1,377.0,Sprinkler,116.71,Male,68
1727,Western,Potatoes,9.03,2025-01-01,2025-04-20,4162.0,413.7,407.5,Sprinkler,69.37,Female,60
1728,Rift Valley,Rice,14.06,2025-05-18,2025-11-09,10224.6,342.3,862.6,Flood,117.82,Female,69
1729,Central,Maize,8.41,2025-03-21,2025-09-01,5610.7,236.4,495.1,Flood,30.2,Female,25
1730,Nyanza,Maize,14.98,2025-02-06,2025-06-28,8698.7,396.5,1163.0,Sprinkler,64.13,Female,58
1731,Rift Valley,Beans,19.61,2025-04-07,2025-07-31,5660.4,389.7,658.5,Flood,46.03,Female,31
1732,Western,Wheat,13.11,2025-01-16,2025-03-20,4728.3,426.0,166.7,Rain-fed,28.71,Female,58
1733,Central,Rice,10.62,2025-01-16,2025-05-20,6021.5,374.9,723.9,Sprinkler,64.85,Male,27
1734,Nyanza,Rice,16.11,2025-01-30,2025-04-08,3584.1,133.0,778.0,Rain-fed,96.61,Male,78
1735,Western,Beans,18.42,2025-01-08,2025-06-20,2822.7,389.4,119.1,Rain-fed,52.49,Female,27
1736,Eastern,Beans,9.93,2025-05-09,2025-10-17,8636.5,163.9,540.1,Flood,107.44,Male,46
1737,Nyanza,Rice,1.87,2025-02-11,2025-07-02,6762.4,191.6,427.4,Flood,41.83,Female,47
1738,Rift Valley,Potatoes,6.41,2025-05-19,2025-08-13,11103.2,226.8,529.7,Flood,90.19,Female,66
1739,Western,Potatoes,12.69,2025-03-06,2025-06-28,4504.0,159.7,980.1,Rain-fed,100.9,Female,24
1740,Western,Potatoes,4.83,2025-02-18,2025-06-16,9150.6,356.0,881.9,Drip,97.11,Female,49
1741,Nyanza,Maize,5.24,2025-02-24,2025-06-16,2618.2,166.9,472.6,Sprinkler,94.08,Female,36
1742,Western,Potatoes,15.63,2025-03-21,2025-05-30,2718.3,102.3,919.3,Flood,91.91,Male,65
1743,Nyanza,Maize,17.9,2025-05-01,2025-10-10,1358.0,265.5,189.1,Flood,105.85,Female,23
1744,Central,Maize,11.14,2025-04-26,2025-10-06,10760.8,440.0,942.9,Flood,65.8,Female,58
1745,Eastern,Potatoes,1.08,2025-04-24,2025-07-26,7071.6,236.4,1024.1,Flood,59.83,Male,36
1746,Nyanza,Maize,15.26,2025-01-08,2025-05-11,8907.7,195.5,998.7,Flood,61.47,Female,54
1747,Eastern,Rice,8.02,2025-06-05,2025-11-11,9011.8,370.6,824.9,Rain-fed,43.08,Female,64
1748,Rift Valley,Potatoes,8.26,2025-05-04,2025-10-08,11230.0,57.5,312.8,Drip,41.47,Male,62
1749,Central,Maize,17.74,2025-04-03,2025-08-25,11345.5,22.7,589.0,Sprinkler,111.17,Male,39
1750,Western,Wheat,6.14,2025-01-06,2025-06-28,3492.1,470.0,224.4,Rain-fed,43.72,Female,80
1751,Central,Maize,19.06,2025-05-30,2025-07-29,5185.7,449.4,596.5,Flood,39.67,Male,49
1752,Eastern,Wheat,1.89,2025-04-04,2025-09-16,1994.0,388.5,616.7,Sprinkler,115.43,Female,26
1753,Nyanza,Potatoes,4.63,2025-01-22,2025-06-29,11493.3,419.8,305.1,Sprinkler,71.95,Male,74
1754,Eastern,Maize,17.31,2025-01-03,2025-05-16,11662.8,46.8,1184.2,Drip,37.65,Female,77
1755,Western,Maize,12.27,2025-02-14,2025-07-21,5977.6,315.2,440.6,Rain-fed,78.93,Female,40
1756,Eastern,Beans,2.26,2025-06-26,2025-10-07,11259.1,225.8,517.3,Sprinkler,34.75,Female,43
1757,Central,Rice,3.66,2025-06-17,2025-09-23,8801.1,62.2,298.8,Flood,94.02,Female,70
1758,Rift Valley,Maize,9.05,2025-04-17,2025-09-13,11373.8,125.6,525.3,Sprinkler,104.76,Male,67
1759,Western,Wheat,1.73,2025-01-29,2025-07-22,11226.4,81.2,814.3,Drip,81.11,Male,71
1760,Western,Potatoes,18.58,2025-01-07,2025-04-21,8556.4,435.1,1161.0,Rain-fed,94.32,Female,20
1761,Eastern,Rice,1.81,2025-01-21,2025-05-10,599.8,267.9,412.7,Rain-fed,108.53,Male,49
1762,Central,Rice,9.44,2025-04-02,2025-06-11,5716.8,188.7,144.1,Sprinkler,87.3,Male,71
1763,Rift Valley,Rice,4.59,2025-04-02,2025-09-29,8491.4,157.6,389.0,Sprinkler,106.93,Male,59
1764,Eastern,Maize,6.89,2025-06-09,2025-08-22,2056.9,141.4,694.2,Flood,94.66,Female,24
1765,Nyanza,Potatoes,15.62,2025-06-02,2025-11-05,9249.7,80.1,187.5,Rain-fed,57.53,Female,65
1766,Western,Potatoes,16.95,2025-04-01,2025-07-09,5269.9,426.0,710.5,Sprinkler,84.0,Female,74
1767,Nyanza,Beans,13.17,2025-02-12,2025-08-02,6650.0,109.7,718.0,Rain-fed,61.78,Female,71
1768,Rift Valley,Maize,15.86,2025-02-17,2025-08-02,5602.9,264.2,824.8,Drip,114.33,Male,69
1769,Central,Beans,4.36,2025-02-15,2025-07-06,9592.3,403.1,315.8,Drip,81.74,Female,67
1770,Nyanza,Potatoes,9.21,2025-05-15,2025-10-25,8162.0,43.7,976.8,Drip,72.41,Female,69
1771,Central,Beans,2.29,2025-01-03,2025-06-09,5967.1,30.9,230.3,Rain-fed,85.38,Male,36
1772,Western,Maize,3.61,2025-03-19,2025-07-22,6520.5,253.7,561.9,Flood,61.52,Male,33
1773,Rift Valley,Potatoes,15.13,2025-04-19,2025-10-01,8908.8,297.9,544.3,Rain-fed,68.93,Male,69
1774,Western,Wheat,2.69,2025-01-26,2025-06-12,7456.9,362.9,493.4,Drip,87.74,Male,75
1775,Eastern,Wheat,14.75,2025-03-29,2025-09-13,7057.7,135.5,458.5,Rain-fed,77.21,Female,30
1776,Eastern,Beans,3.32,2025-01-23,2025-06-04,9267.3,246.0,855.8,Drip,84.0,Female,27
1777,Rift Valley,Rice,11.06,2025-01-05,2025-04-26,1581.7,44.9,1172.4,Flood,20.08,Female,23
1778,Rift Valley,Rice,13.08,2025-05-20,2025-10-04,11393.2,49.8,791.2,Rain-fed,74.51,Female,65
1779,Central,Potatoes,14.99,2025-05-07,2025-07-23,3903.8,387.2,466.8,Sprinkler,27.55,Female,53
1780,Eastern,Beans,16.8,2025-02-19,2025-08-13,5915.4,233.0,1076.3,Flood,53.14,Female,61
1781,Nyanza,Maize,8.56,2025-06-13,2025-11-20,11986.4,337.5,736.8,Sprinkler,81.72,Male,36
1782,Eastern,Maize,5.67,2025-04-01,2025-08-07,6327.1,381.6,837.7,Flood,91.35,Male,30
1783,Eastern,Rice,5.72,2025-01-13,2025-07-06,6533.0,303.4,718.2,Drip,23.46,Male,35
1784,Nyanza,Potatoes,4.33,2025-01-29,2025-06-24,6377.2,364.9,1179.3,Rain-fed,70.43,Female,57
1785,Western,Beans,11.25,2025-05-11,2025-07-24,10610.5,289.1,1156.0,Sprinkler,58.36,Male,22
1786,Western,Wheat,13.49,2025-04-19,2025-08-21,1964.2,122.6,888.3,Sprinkler,104.55,Female,58
1787,Rift Valley,Rice,8.3,2025-05-05,2025-10-24,8520.4,418.0,360.9,Rain-fed,72.58,Male,50
1788,Nyanza,Maize,5.08,2025-05-13,2025-07-28,8260.3,199.3,824.0,Drip,43.59,Female,36
1789,Central,Wheat,7.61,2025-06-14,2025-08-31,5544.7,481.8,803.2,Drip,26.09,Male,68
1790,Nyanza,Maize,2.15,2025-02-25,2025-05-26,1489.1,265.0,121.6,Rain-fed,24.12,Male,58
1791,Rift Valley,Rice,15.64,2025-01-30,2025-07-09,5932.6,65.4,929.8,Rain-fed,47.92,Female,56
1792,Central,Wheat,8.23,2025-02-11,2025-07-31,5545.8,113.2,1089.5,Rain-fed,91.3,Female,66
1793,Rift Valley,Wheat,9.04,2025-05-19,2025-10-26,7645.1,61.5,581.1,Flood,25.48,Male,74
1794,Central,Wheat,4.86,2025-04-13,2025-06-30,2346.6,26.9,722.3,Rain-fed,75.56,Female,74
1795,Central,Rice,9.67,2025-06-05,2025-11-20,11619.0,23.9,376.2,Sprinkler,98.5,Female,34
1796,Western,Wheat,16.43,2025-04-09,2025-06-08,11775.8,381.4,657.4,Rain-fed,42.38,Male,36
1797,Central,Maize,1.03,2025-02-20,2025-06-06,8103.0,164.9,803.9,Rain-fed,38.32,Male,64
1798,Central,Wheat,19.99,2025-02-27,2025-05-26,5366.4,214.5,435.9,Flood,91.09,Male,63
1799,Western,Rice,4.25,2025-01-02,2025-06-06,9496.5,177.1,1112.0,Sprinkler,79.0,Female,74
1800,Eastern,Maize,9.85,2025-02-09,2025-05-23,4947.7,71.1,121.9,Flood,102.03,Female,53
1801,Rift Valley,Beans,11.8,2025-01-03,2025-03-29,7960.4,145.4,868.1,Rain-fed,47.98,Female,40
1802,Eastern,Wheat,8.81,2025-06-30,2025-11-20,8155.0,277.9,975.1,Flood,84.19,Male,47
1803,Eastern,Beans,1.23,2025-04-30,2025-10-03,2117.7,26.1,522.7,Sprinkler,54.24,Male,38
1804,Nyanza,Maize,2.86,2025-03-12,2025-06-24,6966.2,68.0,237.7,Flood,50.15,Male,49
1805,Nyanza,Potatoes,10.95,2025-01-20,2025-04-03,2090.4,24.3,635.9,Flood,51.54,Female,64
1806,Central,Beans,11.62,2025-02-04,2025-05-03,6499.6,110.8,800.5,Drip,51.91,Female,42
1807,Rift Valley,Maize,19.64,2025-05-24,2025-08-23,5220.1,491.2,1058.7,Flood,23.78,Female,68
1808,Western,Maize,16.99,2025-05-29,2025-10-21,4013.6,162.0,915.3,Flood,75.0,Female,29
1809,Eastern,Rice,14.26,2025-03-07,2025-05-11,3627.4,369.0,437.7,Rain-fed,111.44,Female,30
1810,Rift Valley,Maize,10.07,2025-04-20,2025-08-03,3673.5,60.8,1007.4,Rain-fed,76.5,Female,25
1811,Western,Maize,7.19,2025-06-14,2025-08-24,11790.5,258.5,147.9,Drip,29.68,Female,51
1812,Nyanza,Wheat,4.94,2025-06-17,2025-12-08,3203.2,291.2,106.5,Sprinkler,87.34,Female,65
1813,Eastern,Rice,13.87,2025-02-07,2025-07-18,9917.0,63.9,654.6,Rain-fed,101.91,Male,46
1814,Central,Beans,17.65,2025-03-14,2025-07-23,10207.0,359.0,823.3,Rain-fed,79.21,Male,27
1815,Central,Potatoes,13.93,2025-04-04,2025-06-19,2163.2,360.0,1128.4,Rain-fed,73.33,Female,28
1816,Rift Valley,Beans,18.95,2025-03-06,2025-08-21,9375.6,71.7,234.3,Flood,47.1,Male,34
1817,Western,Potatoes,1.21,2025-02-02,2025-06-19,4224.7,465.8,511.9,Drip,91.79,Male,49
1818,Nyanza,Maize,18.31,2025-01-27,2025-07-12,7744.9,78.6,776.6,Drip,81.02,Female,37
1819,Rift Valley,Potatoes,17.13,2025-01-24,2025-05-13,2395.8,131.4,880.6,Drip,24.68,Female,80
1820,Rift Valley,Wheat,11.0,2025-02-16,2025-06-23,8395.2,481.4,878.2,Rain-fed,116.58,Female,58
1821,Western,Rice,12.64,2025-04-13,2025-06-19,1211.8,455.5,495.9,Sprinkler,81.01,Male,34
1822,Western,Maize,19.14,2025-06-04,2025-08-06,1846.9,332.2,1108.2,Rain-fed,31.13,Male,29
1823,Western,Maize,9.55,2025-01-24,2025-07-08,6445.8,230.2,711.5,Flood,80.83,Male,20
1824,Western,Beans,15.7,2025-06-30,2025-09-26,8671.1,45.6,186.7,Flood,50.65,Female,74
1825,Rift Valley,Potatoes,3.6,2025-05-22,2025-09-03,775.8,477.5,511.6,Rain-fed,26.53,Female,69
1826,Eastern,Wheat,4.64,2025-05-01,2025-08-14,2954.8,243.1,775.7,Sprinkler,108.42,Male,66
1827,Rift Valley,Potatoes,19.53,2025-06-18,2025-10-08,10369.4,439.8,797.7,Drip,73.53,Female,46
1828,Rift Valley,Maize,3.27,2025-04-16,2025-08-08,4165.3,360.0,773.1,Sprinkler,43.24,Female,37
1829,Nyanza,Potatoes,10.93,2025-01-25,2025-06-01,3292.7,106.6,866.4,Flood,68.37,Female,51
1830,Eastern,Rice,12.84,2025-05-14,2025-11-06,10325.8,198.3,1073.7,Sprinkler,81.62,Female,59
1831,Central,Rice,17.86,2025-02-01,2025-05-28,8177.5,378.6,952.5,Drip,91.06,Female,62
1832,Rift Valley,Potatoes,19.3,2025-06-04,2025-11-25,4676.6,34.6,253.0,Flood,22.97,Female,69
1833,Eastern,Wheat,16.35,2025-05-08,2025-10-05,2576.6,362.9,173.2,Sprinkler,81.0,Male,48
1834,Nyanza,Wheat,8.29,2025-02-21,2025-05-29,5319.9,196.7,953.8,Rain-fed,106.17,Female,43
1835,Rift Valley,Maize,4.18,2025-05-22,2025-08-17,9695.0,113.0,790.1,Rain-fed,22.71,Female,66
1836,Central,Potatoes,2.77,2025-05-28,2025-10-15,10555.8,36.5,380.1,Rain-fed,75.52,Female,47
1837,Western,Rice,16.23,2025-06-26,2025-09-08,7219.1,149.2,227.8,Rain-fed,32.94,Female,34
1838,Central,Beans,12.37,2025-03-11,2025-07-04,5462.2,427.2,755.0,Sprinkler,82.66,Male,58
1839,Nyanza,Wheat,18.15,2025-04-13,2025-08-23,6745.1,42.4,1198.0,Rain-fed,63.83,Male,41
1840,Central,Beans,10.99,2025-05-09,2025-09-03,11147.5,251.2,130.1,Sprinkler,112.44,Female,33
1841,Eastern,Beans,5.18,2025-02-23,2025-06-14,2746.2,344.2,630.5,Sprinkler,79.39,Male,56
1842,Eastern,Wheat,15.69,2025-05-29,2025-09-27,2461.0,93.9,438.1,Flood,64.78,Male,46
1843,Central,Rice,19.73,2025-06-16,2025-12-11,4351.6,381.4,510.1,Flood,96.98,Female,23
1844,Rift Valley,Rice,14.58,2025-01-29,2025-04-27,6205.3,198.5,234.8,Rain-fed,64.22,Female,51
1845,Western,Beans,10.27,2025-01-04,2025-05-17,3125.0,485.8,301.8,Drip,40.58,Female,57
1846,Central,Potatoes,10.22,2025-06-11,2025-08-19,2986.8,496.0,859.7,Sprinkler,92.06,Male,68
1847,Rift Valley,Maize,18.47,2025-01-29,2025-05-27,814.7,214.0,1056.3,Sprinkler,35.82,Female,28
1848,Western,Beans,10.98,2025-01-20,2025-06-30,6997.4,76.9,987.5,Drip,55.86,Male,38
1849,Eastern,Maize,4.02,2025-01-12,2025-06-06,2164.7,487.1,1181.1,Sprinkler,75.55,Male,37
1850,Western,Potatoes,6.35,2025-05-16,2025-08-09,1690.0,389.6,1074.8,Rain-fed,27.89,Female,68
1851,Rift Valley,Maize,1.47,2025-03-07,2025-06-03,5339.7,276.8,977.2,Drip,110.39,Female,35
1852,Central,Rice,9.98,2025-04-08,2025-08-01,9219.1,479.6,775.3,Drip,44.21,Female,30
1853,Central,Maize,2.49,2025-01-06,2025-06-05,1101.6,177.1,1074.9,Rain-fed,97.09,Male,32
1854,Central,Potatoes,2.13,2025-01-28,2025-06-07,5239.1,191.7,830.0,Sprinkler,87.99,Male,36
1855,Eastern,Rice,4.32,2025-05-20,2025-10-25,9951.1,165.1,1185.7,Rain-fed,109.02,Female,58
1856,Western,Potatoes,8.22,2025-01-04,2025-06-01,5946.3,455.5,636.7,Rain-fed,97.37,Male,37
1857,Central,Beans,10.61,2025-05-19,2025-07-19,1407.3,202.2,1019.3,Rain-fed,67.12,Female,50
1858,Nyanza,Beans,12.46,2025-02-11,2025-06-30,10260.8,330.3,1194.2,Flood,97.03,Male,56
1859,Nyanza,Potatoes,4.5,2025-03-08,2025-06-12,844.5,173.0,912.7,Sprinkler,51.81,Female,49
1860,Eastern,Beans,18.51,2025-06-30,2025-12-05,4788.8,313.0,501.9,Rain-fed,29.69,Male,27
1861,Eastern,Wheat,7.45,2025-06-02,2025-10-26,7402.3,139.1,439.7,Drip,29.66,Male,52
1862,Eastern,Rice,12.87,2025-01-25,2025-04-17,7604.0,308.0,1051.5,Sprinkler,62.33,Male,42
1863,Central,Potatoes,13.4,2025-04-29,2025-06-28,3794.4,148.7,1025.9,Drip,26.26,Male,25
1864,Western,Beans,6.52,2025-01-14,2025-07-05,3066.8,300.5,1027.2,Rain-fed,34.52,Female,57
1865,Rift Valley,Maize,7.48,2025-04-13,2025-09-06,10941.7,35.7,892.0,Flood,106.89,Female,32
1866,Western,Maize,15.88,2025-03-12,2025-07-21,4786.4,250.7,107.5,Rain-fed,100.78,Male,28
1867,Central,Beans,10.35,2025-03-05,2025-05-17,7314.4,109.8,383.5,Flood,52.06,Female,21
1868,Eastern,Beans,1.1,2025-03-28,2025-06-24,11121.3,360.1,812.4,Drip,116.56,Male,70
1869,Nyanza,Wheat,19.39,2025-01-07,2025-05-16,3205.6,230.2,116.5,Drip,75.08,Female,31
1870,Eastern,Wheat,11.22,2025-01-27,2025-04-10,4009.4,240.9,677.6,Sprinkler,29.73,Female,34
1871,Western,Potatoes,2.43,2025-01-28,2025-05-10,9274.0,407.6,352.6,Flood,109.81,Male,51
1872,Rift Valley,Rice,11.87,2025-01-02,2025-06-13,3033.5,74.5,345.5,Flood,69.48,Male,52
1873,Nyanza,Wheat,9.08,2025-04-30,2025-08-22,4891.3,70.8,595.8,Rain-fed,31.86,Female,71
1874,Western,Potatoes,2.12,2025-04-29,2025-10-26,2857.2,238.0,447.8,Sprinkler,67.23,Female,53
1875,Nyanza,Rice,3.57,2025-03-31,2025-08-21,10299.0,355.5,516.0,Drip,85.12,Female,27
1876,Western,Beans,8.42,2025-01-31,2025-07-11,1022.9,83.6,644.9,Flood,50.68,Male,21
1877,Nyanza,Maize,7.07,2025-05-16,2025-09-26,4874.0,379.7,344.5,Drip,77.8,Male,64
1878,Eastern,Wheat,3.24,2025-01-29,2025-07-27,782.8,108.6,759.2,Flood,76.62,Female,23
1879,Eastern,Rice,7.11,2025-03-24,2025-09-20,2786.0,339.3,119.4,Sprinkler,23.02,Female,54
1880,Nyanza,Potatoes,19.87,2025-05-29,2025-08-16,10787.8,52.9,256.8,Sprinkler,97.09,Female,80
1881,Western,Rice,3.76,2025-05-08,2025-08-06,9119.5,279.4,625.0,Flood,90.24,Male,34
1882,Rift Valley,Rice,15.76,2025-02-15,2025-07-29,3058.8,280.2,533.5,Sprinkler,75.12,Male,49
1883,Western,Wheat,4.25,2025-04-05,2025-08-06,11159.4,95.8,509.5,Flood,76.39,Male,22
1884,Eastern,Wheat,12.57,2025-03-28,2025-09-15,8837.1,67.1,921.5,Rain-fed,61.65,Male,52
1885,Rift Valley,Rice,5.6,2025-05-01,2025-08-11,5932.3,345.8,406.8,Sprinkler,26.76,Male,58
1886,Western,Wheat,4.97,2025-06-10,2025-08-31,5589.8,222.2,311.8,Drip,28.26,Female,52
1887,Rift Valley,Maize,10.0,2025-03-04,2025-07-22,2169.2,56.3,969.4,Drip,107.83,Male,39
1888,Western,Maize,19.92,2025-01-24,2025-05-02,11344.5,284.5,180.0,Rain-fed,34.01,Male,79
1889,Rift Valley,Potatoes,16.46,2025-04-10,2025-08-04,2170.3,442.1,290.7,Sprinkler,73.14,Male,53
1890,Rift Valley,Potatoes,17.25,2025-05-24,2025-11-16,1741.2,190.7,833.0,Flood,103.46,Female,74
1891,Nyanza,Potatoes,15.53,2025-06-21,2025-08-24,8031.0,270.3,819.0,Rain-fed,109.15,Female,75
1892,Rift Valley,Wheat,9.22,2025-06-30,2025-12-25,6563.2,273.8,583.8,Drip,20.38,Male,47
1893,Rift Valley,Wheat,19.12,2025-05-22,2025-09-25,11571.3,283.8,773.6,Flood,117.91,Female,33
1894,Eastern,Beans,18.9,2025-05-24,2025-10-22,10056.6,60.6,975.2,Sprinkler,46.66,Male,47
1895,Eastern,Potatoes,15.19,2025-01-15,2025-03-30,7103.5,424.1,841.1,Flood,116.65,Male,26
1896,Eastern,Wheat,13.51,2025-02-11,2025-06-02,8345.9,477.6,875.4,Drip,80.77,Male,51
1897,Western,Potatoes,19.68,2025-05-18,2025-09-25,2334.1,434.1,587.7,Flood,103.54,Male,52
1898,Western,Rice,11.81,2025-06-05,2025-08-21,3172.1,225.3,1079.3,Rain-fed,79.66,Male,35
1899,Western,Rice,5.6,2025-04-06,2025-07-29,9430.3,126.4,823.2,Flood,21.34,Male,56
1900,Eastern,Rice,9.29,2025-05-18,2025-08-03,9114.3,147.9,955.8,Flood,85.95,Female,77
1901,Nyanza,Rice,5.63,2025-04-18,2025-09-11,5302.9,22.6,1101.2,Drip,102.11,Female,41
1902,Eastern,Wheat,12.18,2025-01-26,2025-05-17,5005.2,364.5,650.6,Drip,23.81,Female,33
1903,Nyanza,Beans,17.85,2025-04-02,2025-06-29,6245.1,93.6,536.3,Rain-fed,118.37,Female,29
1904,Western,Wheat,5.18,2025-03-31,2025-07-26,6975.0,66.1,580.9,Drip,85.68,Male,56
1905,Central,Wheat,6.62,2025-01-16,2025-05-22,3457.6,403.7,576.1,Flood,65.89,Female,28
1906,Nyanza,Maize,13.74,2025-05-29,2025-11-08,11302.7,57.7,725.4,Sprinkler,115.06,Male,58
1907,Rift Valley,Potatoes,3.89,2025-05-26,2025-09-19,2692.0,461.9,467.2,Sprinkler,113.98,Male,65
1908,Rift Valley,Beans,14.81,2025-04-01,2025-07-30,2182.6,170.5,658.7,Rain-fed,63.87,Female,22
1909,Nyanza,Wheat,1.9,2025-06-23,2025-11-11,4655.5,300.9,608.8,Rain-fed,29.65,Male,50
1910,Nyanza,Wheat,9.41,2025-03-02,2025-05-04,3978.5,469.3,938.8,Flood,45.9,Male,65
1911,Central,Rice,17.71,2025-04-18,2025-07-26,1679.2,269.7,934.8,Flood,61.02,Female,60
1912,Nyanza,Maize,9.31,2025-04-29,2025-10-07,2365.0,375.3,718.1,Sprinkler,51.04,Male,44
1913,Nyanza,Beans,5.15,2025-01-29,2025-07-25,5849.3,279.8,886.9,Sprinkler,61.44,Female,30
1914,Rift Valley,Wheat,12.12,2025-04-16,2025-07-01,3355.4,81.8,895.9,Rain-fed,26.81,Female,26
1915,Central,Maize,9.4,2025-06-02,2025-11-23,3124.7,463.0,995.0,Rain-fed,96.51,Female,68
1916,Nyanza,Maize,9.98,2025-04-24,2025-09-29,3954.1,312.8,350.0,Flood,54.17,Female,21
1917,Western,Rice,6.92,2025-03-08,2025-05-18,8218.4,128.5,227.1,Drip,104.6,Male,75
1918,Eastern,Wheat,1.48,2025-03-06,2025-06-19,7760.1,495.3,326.2,Sprinkler,72.99,Female,80
1919,Western,Beans,16.26,2025-03-29,2025-08-31,10204.3,37.3,791.9,Sprinkler,28.66,Male,57
1920,Central,Wheat,17.39,2025-05-29,2025-08-16,5642.0,321.6,154.7,Rain-fed,36.16,Female,24
1921,Eastern,Wheat,7.3,2025-05-05,2025-07-26,8139.3,115.7,1192.2,Drip,21.07,Male,56
1922,Western,Maize,18.11,2025-01-15,2025-03-18,2082.3,140.2,1030.6,Drip,57.2,Female,24
1923,Rift Valley,Potatoes,7.66,2025-04-18,2025-07-23,11962.9,498.2,302.2,Drip,23.66,Female,53
1924,Eastern,Rice,8.56,2025-03-21,2025-07-24,7011.4,76.4,546.7,Flood,74.42,Male,45
1925,Eastern,Maize,18.4,2025-03-28,2025-06-16,7101.3,65.3,769.1,Drip,39.18,Female,42
1926,Western,Maize,5.07,2025-01-20,2025-03-28,5585.7,274.5,533.0,Flood,66.19,Male,40
1927,Central,Beans,3.69,2025-03-12,2025-05-21,8877.8,273.7,483.4,Sprinkler,26.52,Female,47
1928,Western,Rice,5.71,2025-01-20,2025-07-16,6914.3,36.1,1075.0,Rain-fed,50.65,Female,40
1929,Nyanza,Potatoes,14.55,2025-01-01,2025-04-12,1566.8,331.2,104.3,Flood,72.65,Female,43
1930,Western,Wheat,12.08,2025-01-28,2025-06-11,2921.2,423.5,292.5,Sprinkler,100.71,Female,74
1931,Western,Beans,7.08,2025-05-24,2025-11-19,1826.6,303.4,847.2,Flood,30.79,Female,60
1932,Western,Wheat,11.55,2025-02-11,2025-06-14,11137.2,81.3,447.4,Sprinkler,63.73,Male,22
1933,Rift Valley,Maize,11.75,2025-02-04,2025-05-20,9856.9,22.4,323.7,Rain-fed,56.1,Female,24
1934,Eastern,Beans,5.05,2025-06-05,2025-08-20,804.9,54.0,189.7,Flood,29.78,Male,28
1935,Western,Beans,5.5,2025-06-11,2025-11-24,8013.3,64.3,599.3,Drip,33.36,Female,61
1936,Western,Rice,16.92,2025-06-02,2025-08-30,2110.0,219.5,669.6,Rain-fed,39.08,Male,40
1937,Central,Rice,15.78,2025-01-27,2025-04-25,11248.2,83.3,990.5,Rain-fed,70.86,Male,36
1938,Rift Valley,Rice,19.67,2025-03-24,2025-09-14,2980.3,378.9,1036.1,Sprinkler,112.5,Male,79
1939,Eastern,Rice,3.6,2025-01-04,2025-03-21,4230.3,199.6,856.6,Flood,38.96,Female,32
1940,Central,Rice,16.88,2025-03-01,2025-07-19,5586.0,258.2,273.6,Rain-fed,37.96,Female,69
1941,Rift Valley,Potatoes,10.7,2025-05-04,2025-08-04,11813.8,71.4,1007.0,Drip,79.24,Male,46
1942,Central,Beans,13.06,2025-02-01,2025-05-27,8285.1,224.3,967.1,Drip,108.68,Female,24
1943,Nyanza,Rice,18.96,2025-05-25,2025-08-13,930.5,437.6,345.7,Sprinkler,96.35,Male,21
1944,Eastern,Wheat,19.27,2025-06-13,2025-10-28,906.6,184.6,856.6,Drip,64.37,Female,52
1945,Nyanza,Maize,10.86,2025-04-15,2025-08-27,9617.5,190.5,810.9,Rain-fed,113.7,Male,48
1946,Eastern,Beans,6.26,2025-05-25,2025-11-14,3071.4,174.3,740.9,Flood,72.7,Male,46
1947,Rift Valley,Rice,5.25,2025-06-02,2025-09-18,8333.4,323.8,207.7,Rain-fed,60.36,Female,70
1948,Eastern,Potatoes,4.3,2025-04-10,2025-06-18,1889.7,321.8,584.2,Drip,40.05,Male,58
1949,Nyanza,Wheat,8.61,2025-05-30,2025-08-07,5187.2,419.3,877.9,Drip,104.84,Male,65
1950,Eastern,Beans,14.93,2025-01-16,2025-07-11,10170.7,339.9,356.3,Flood,56.55,Male,39
1951,Central,Maize,5.22,2025-05-13,2025-10-11,1072.7,115.4,1028.4,Flood,85.36,Male,76
1952,Central,Wheat,5.95,2025-06-07,2025-11-03,6221.2,108.2,156.8,Sprinkler,82.01,Male,34
1953,Eastern,Potatoes,11.8,2025-02-26,2025-07-11,3265.7,67.1,691.9,Rain-fed,64.35,Male,53
1954,Western,Wheat,5.54,2025-01-15,2025-07-08,5069.6,402.0,595.1,Drip,115.91,Male,80
1955,Central,Maize,17.38,2025-05-15,2025-08-29,6566.8,371.0,340.2,Drip,31.9,Male,77
1956,Nyanza,Rice,5.46,2025-05-07,2025-07-16,4914.7,317.1,519.8,Rain-fed,29.81,Male,37
1957,Rift Valley,Beans,14.63,2025-02-13,2025-07-30,5930.7,60.6,216.3,Rain-fed,51.1,Male,76
1958,Western,Rice,16.76,2025-06-08,2025-08-28,783.5,101.5,498.6,Rain-fed,116.26,Female,65
1959,Rift Valley,Potatoes,2.94,2025-02-24,2025-06-05,7123.2,142.5,1117.5,Flood,30.43,Female,76
1960,Eastern,Rice,18.62,2025-01-28,2025-04-13,10291.6,209.5,809.5,Sprinkler,79.14,Female,33
1961,Western,Maize,13.49,2025-03-20,2025-05-28,947.2,385.8,120.2,Sprinkler,59.9,Female,56
1962,Western,Potatoes,12.24,2025-04-01,2025-08-08,1554.3,187.1,1063.9,Sprinkler,20.46,Female,45
1963,Eastern,Beans,8.59,2025-04-29,2025-08-25,10149.4,290.7,1034.2,Rain-fed,99.63,Female,73
1964,Western,Potatoes,5.83,2025-01-10,2025-06-28,627.1,51.5,117.8,Sprinkler,42.67,Female,62
1965,Eastern,Potatoes,18.75,2025-05-15,2025-09-15,4039.8,111.4,407.7,Drip,107.28,Male,54
1966,Eastern,Rice,4.37,2025-05-01,2025-10-08,7384.6,131.4,1073.7,Drip,54.69,Male,66
1967,Western,Maize,13.55,2025-05-14,2025-09-12,7016.2,416.9,974.4,Sprinkler,90.23,Female,65
1968,Nyanza,Rice,9.81,2025-01-27,2025-07-25,11025.6,417.0,226.0,Rain-fed,103.46,Female,25
1969,Nyanza,Potatoes,7.66,2025-03-10,2025-07-03,6427.4,368.1,607.2,Drip,26.24,Male,60
1970,Eastern,Wheat,19.77,2025-01-04,2025-03-05,9144.9,498.7,1166.4,Sprinkler,65.9,Female,38
1971,Nyanza,Potatoes,14.11,2025-02-13,2025-07-18,4389.5,418.1,210.8,Flood,93.56,Female,26
1972,Western,Wheat,10.54,2025-04-25,2025-09-26,8014.1,53.3,343.3,Rain-fed,107.19,Female,34
1973,Eastern,Maize,1.02,2025-04-26,2025-09-03,3334.4,415.2,1089.6,Drip,47.77,Female,71
1974,Eastern,Wheat,9.99,2025-04-27,2025-08-06,7406.0,303.1,1010.1,Rain-fed,65.37,Male,61
1975,Nyanza,Wheat,1.93,2025-06-06,2025-08-12,3027.3,493.1,617.4,Drip,34.38,Female,39
1976,Central,Beans,2.32,2025-03-30,2025-07-26,10395.3,232.9,246.1,Flood,47.44,Male,58
1977,Rift Valley,Rice,18.77,2025-01-11,2025-05-23,10915.5,342.3,876.0,Flood,48.58,Female,73
1978,Eastern,Rice,13.26,2025-05-19,2025-11-07,1083.6,84.6,560.8,Sprinkler,46.48,Male,36
1979,Rift Valley,Wheat,15.6,2025-05-08,2025-10-30,1790.3,193.2,381.9,Rain-fed,29.77,Male,60
1980,Eastern,Potatoes,11.03,2025-01-20,2025-04-05,2474.9,461.3,1032.3,Sprinkler,115.71,Female,58
1981,Nyanza,Wheat,11.66,2025-04-12,2025-08-03,6490.2,438.3,842.4,Drip,25.34,Female,23
1982,Western,Potatoes,18.63,2025-05-09,2025-09-01,9834.1,249.8,236.9,Flood,87.82,Female,61
1983,Western,Maize,4.32,2025-01-23,2025-04-28,750.8,195.0,779.4,Drip,71.77,Female,37
1984,Rift Valley,Beans,10.33,2025-03-15,2025-08-30,2347.3,480.6,348.7,Drip,52.36,Female,26
1985,Nyanza,Wheat,1.32,2025-04-14,2025-09-23,7313.8,438.4,371.3,Sprinkler,33.65,Female,62
1986,Nyanza,Maize,8.21,2025-02-04,2025-07-04,9560.5,443.0,299.7,Rain-fed,97.41,Female,31
1987,Central,Wheat,19.13,2025-02-10,2025-07-08,7785.2,29.3,356.6,Flood,58.28,Male,46
1988,Eastern,Rice,14.99,2025-05-08,2025-07-29,1712.2,214.7,676.7,Rain-fed,22.79,Male,62
1989,Central,Potatoes,8.98,2025-05-25,2025-11-20,6049.0,494.1,637.1,Sprinkler,58.17,Male,79
1990,Eastern,Potatoes,9.32,2025-02-07,2025-04-15,1534.0,120.1,785.7,Rain-fed,41.81,Male,38
1991,Rift Valley,Wheat,10.77,2025-02-01,2025-05-26,6013.6,78.6,652.2,Sprinkler,59.19,Male,50
1992,Nyanza,Rice,3.43,2025-05-29,2025-09-21,2035.8,129.4,371.5,Drip,45.4,Female,80
1993,Nyanza,Rice,12.36,2025-05-12,2025-09-19,2110.2,58.1,132.5,Flood,48.03,Male,37
1994,Central,Rice,14.7,2025-01-28,2025-04-02,3488.9,158.5,493.0,Flood,57.5,Female,61
1995,Rift Valley,Wheat,6.36,2025-02-12,2025-04-24,10206.0,399.1,235.8,Rain-fed,40.11,Male,23
1996,Central,Maize,3.05,2025-02-20,2025-07-03,3057.7,40.2,242.1,Rain-fed,52.44,Male,46
1997,Nyanza,Potatoes,2.74,2025-06-17,2025-10-24,4935.9,380.4,460.0,Drip,92.87,Male,43
1998,Eastern,Beans,4.8,2025-02-25,2025-05-08,8387.2,89.2,231.0,Sprinkler,75.37,Male,58
1999,Rift Valley,Beans,3.22,2025-06-27,2025-10-31,4333.0,401.2,677.2,Flood,44.36,Male,21
2000,Rift Valley,Beans,14.0,2025-01-16,2025-04-10,7894.6,469.3,378.3,Rain-fed,82.67,Male,25
2001,Rift Valley,Potatoes,11.84,2025-05-10,2025-10-10,1729.3,182.0,571.6,Rain-fed,107.85,Female,79
2002,Eastern,Rice,8.35,2025-04-07,2025-08-03,4224.5,172.8,431.3,Rain-fed,40.36,Male,50
2003,Central,Maize,2.75,2025-03-27,2025-06-19,5566.3,446.3,411.1,Drip,118.07,Male,75
2004,Central,Rice,14.09,2025-01-23,2025-03-31,3940.5,101.3,768.5,Rain-fed,72.15,Male,27
2005,Western,Beans,10.21,2025-04-15,2025-10-02,865.1,30.5,836.2,Rain-fed,112.57,Female,66
2006,Western,Maize,12.59,2025-06-16,2025-10-27,8635.1,333.3,1002.1,Sprinkler,96.97,Female,39
2007,Nyanza,Wheat,16.12,2025-06-14,2025-09-05,6310.4,297.3,146.8,Sprinkler,29.99,Male,40
2008,Rift Valley,Potatoes,6.86,2025-04-19,2025-08-31,9821.7,367.8,233.4,Rain-fed,73.46,Male,74
2009,Nyanza,Potatoes,15.84,2025-02-19,2025-07-08,2216.3,176.2,722.5,Rain-fed,64.62,Male,73
2010,Eastern,Wheat,15.3,2025-03-18,2025-06-26,10321.5,272.4,1123.3,Rain-fed,91.01,Female,41
2011,Central,Maize,2.35,2025-03-22,2025-06-08,11371.4,204.0,914.0,Drip,72.98,Male,64
2012,Rift Valley,Beans,6.36,2025-02-10,2025-05-28,6389.5,150.8,303.8,Rain-fed,107.35,Male,72
2013,Rift Valley,Beans,17.07,2025-01-08,2025-03-18,1040.2,477.1,375.8,Sprinkler,32.82,Male,65
2014,Western,Beans,7.95,2025-02-19,2025-05-31,1406.9,496.1,1179.3,Flood,42.18,Male,78
2015,Eastern,Rice,3.88,2025-03-17,2025-08-19,10346.0,44.2,560.9,Sprinkler,20.58,Female,56
2016,Rift Valley,Rice,7.43,2025-04-24,2025-10-02,2289.8,224.7,100.5,Rain-fed,79.25,Female,73
2017,Central,Wheat,18.39,2025-05-15,2025-08-13,2821.5,72.7,1090.9,Rain-fed,105.86,Female,47
2018,Central,Wheat,4.2,2025-06-14,2025-08-28,3362.3,282.4,767.3,Flood,92.74,Male,27
2019,Central,Potatoes,18.88,2025-05-27,2025-10-28,6481.6,403.0,1175.0,Flood,33.51,Female,34
2020,Western,Beans,5.38,2025-03-10,2025-06-09,11213.4,484.1,489.4,Flood,46.3,Male,59
2021,Nyanza,Beans,2.1,2025-05-02,2025-08-11,3651.8,165.7,125.9,Rain-fed,86.56,Female,55
2022,Eastern,Maize,7.3,2025-03-26,2025-06-28,8177.4,188.1,892.0,Drip,118.28,Male,29
2023,Rift Valley,Maize,16.99,2025-04-22,2025-06-25,6147.7,41.5,259.1,Drip,58.49,Female,78
2024,Central,Beans,6.93,2025-06-25,2025-12-12,4562.9,285.8,1016.8,Sprinkler,85.52,Female,72
2025,Central,Wheat,19.35,2025-01-11,2025-04-09,5567.0,224.8,736.0,Rain-fed,56.99,Male,51
2026,Nyanza,Potatoes,7.53,2025-06-04,2025-08-08,2733.6,474.9,364.1,Sprinkler,101.13,Male,56
2027,Rift Valley,Beans,2.55,2025-06-28,2025-10-22,9687.7,266.9,934.6,Flood,84.33,Female,52
2028,Rift Valley,Beans,11.81,2025-05-18,2025-10-18,6659.3,212.6,691.2,Flood,37.12,Female,26
2029,Central,Beans,15.26,2025-03-12,2025-07-14,5107.6,416.5,142.6,Sprinkler,68.43,Female,51
2030,Eastern,Rice,10.62,2025-03-27,2025-08-13,9025.3,490.2,819.6,Sprinkler,70.85,Female,41
2031,Nyanza,Wheat,17.03,2025-04-25,2025-08-17,11373.0,285.2,351.0,Flood,39.61,Male,31
2032,Eastern,Wheat,7.88,2025-01-06,2025-05-20,9649.0,382.8,1111.9,Sprinkler,85.95,Female,35
2033,Western,Potatoes,11.16,2025-04-26,2025-10-20,3272.5,47.8,777.0,Sprinkler,44.59,Male,32
2034,Central,Potatoes,10.08,2025-01-15,2025-05-17,4086.0,75.3,535.4,Flood,55.35,Female,71
2035,Central,Potatoes,8.36,2025-01-14,2025-05-01,585.1,49.6,497.1,Sprinkler,29.42,Male,22
2036,Nyanza,Maize,9.51,2025-06-29,2025-12-17,10707.8,389.9,804.4,Flood,119.9,Female,64
2037,Rift Valley,Potatoes,2.76,2025-03-04,2025-08-02,11050.0,111.3,556.2,Rain-fed,89.05,Male,56
2038,Nyanza,Beans,7.05,2025-02-24,2025-08-22,3809.3,73.4,982.9,Drip,86.29,Male,63
2039,Central,Rice,2.01,2025-06-14,2025-11-08,9008.2,382.2,1100.0,Rain-fed,22.93,Male,28
2040,Eastern,Wheat,5.1,2025-01-25,2025-04-03,2381.1,415.6,827.8,Rain-fed,107.99,Male,33
2041,Rift Valley,Maize,6.25,2025-02-19,2025-08-06,5611.4,98.7,785.4,Flood,78.61,Female,48
2042,Central,Potatoes,13.11,2025-01-19,2025-06-13,7880.1,192.7,612.0,Flood,60.7,Male,53
2043,Rift Valley,Potatoes,14.3,2025-01-09,2025-03-24,3122.0,295.4,882.7,Sprinkler,89.43,Male,29
2044,Rift Valley,Rice,1.7,2025-02-01,2025-05-18,11012.5,369.7,957.2,Sprinkler,45.07,Male,29
2045,Nyanza,Beans,19.08,2025-03-21,2025-07-08,3979.8,405.5,1030.7,Rain-fed,47.79,Female,70
2046,Rift Valley,Wheat,12.97,2025-03-09,2025-06-21,4538.9,191.9,433.1,Sprinkler,94.59,Male,63
2047,Eastern,Potatoes,1.77,2025-06-15,2025-09-08,2890.5,478.5,582.4,Rain-fed,69.69,Male,61
2048,Eastern,Beans,4.04,2025-03-01,2025-07-30,2467.5,294.0,539.2,Sprinkler,36.67,Female,41
2049,Nyanza,Beans,14.28,2025-02-03,2025-06-11,11777.9,123.7,267.0,Sprinkler,37.86,Male,37
2050,Western,Beans,15.53,2025-04-04,2025-06-16,7347.5,260.9,768.0,Flood,67.59,Female,60
2051,Central,Beans,18.76,2025-06-26,2025-10-05,6532.4,47.0,752.8,Flood,57.98,Male,48
2052,Western,Rice,15.84,2025-04-30,2025-07-19,1708.3,377.4,1129.4,Rain-fed,98.22,Male,76
2053,Eastern,Maize,17.14,2025-02-16,2025-04-28,11659.2,408.1,151.6,Rain-fed,117.89,Male,30
2054,Rift Valley,Potatoes,11.22,2025-03-07,2025-07-24,7669.0,228.9,1102.0,Flood,111.63,Male,44
2055,Nyanza,Potatoes,16.05,2025-02-12,2025-06-24,912.5,450.9,111.9,Sprinkler,113.96,Female,60
2056,Rift Valley,Beans,16.77,2025-02-07,2025-07-08,10171.8,321.4,1100.5,Rain-fed,100.99,Male,47
2057,Rift Valley,Wheat,8.42,2025-01-08,2025-04-08,1675.5,86.9,941.9,Sprinkler,63.63,Male,49
2058,Rift Valley,Rice,15.34,2025-06-28,2025-11-25,1282.7,162.1,103.8,Rain-fed,107.36,Male,42
2059,Rift Valley,Potatoes,19.13,2025-02-03,2025-05-07,2810.7,439.2,462.1,Rain-fed,54.76,Female,64
2060,Western,Maize,14.38,2025-01-01,2025-05-10,1116.4,258.4,134.6,Drip,68.52,Male,61
2061,Rift Valley,Beans,10.36,2025-06-05,2025-09-26,10941.4,327.8,333.1,Sprinkler,25.13,Female,40
2062,Nyanza,Maize,8.38,2025-04-16,2025-06-30,10026.0,214.4,880.9,Sprinkler,25.15,Male,26
2063,Western,Wheat,9.73,2025-04-28,2025-08-13,2566.3,29.6,361.9,Flood,35.71,Female,51
2064,Western,Beans,11.94,2025-03-07,2025-08-12,2499.8,248.9,782.6,Flood,79.61,Female,57
2065,Nyanza,Beans,3.16,2025-04-28,2025-10-19,2357.2,101.3,844.5,Flood,73.56,Male,74
2066,Rift Valley,Maize,9.96,2025-03-26,2025-06-27,6482.3,113.1,277.9,Flood,105.88,Male,23
2067,Western,Beans,12.37,2025-06-06,2025-09-26,10029.0,370.7,541.7,Rain-fed,89.1,Male,32
2068,Western,Wheat,8.11,2025-05-17,2025-09-28,11275.9,263.7,1161.6,Drip,65.15,Female,43
2069,Nyanza,Potatoes,9.08,2025-02-24,2025-06-09,11445.8,38.7,632.2,Drip,109.93,Male,32
2070,Nyanza,Potatoes,19.98,2025-05-10,2025-08-12,6858.6,331.0,971.7,Drip,30.86,Male,52
2071,Eastern,Rice,17.52,2025-01-16,2025-04-15,8865.9,188.2,661.0,Rain-fed,54.48,Female,68
2072,Eastern,Rice,15.41,2025-02-20,2025-06-02,6086.4,150.8,334.7,Sprinkler,75.55,Female,68
2073,Western,Potatoes,19.9,2025-03-22,2025-06-20,3883.0,440.2,794.7,Sprinkler,32.5,Male,58
2074,Central,Maize,3.22,2025-01-19,2025-04-02,8513.5,406.6,878.8,Drip,86.05,Male,35
2075,Eastern,Potatoes,17.56,2025-04-22,2025-07-03,9297.3,278.4,1016.1,Drip,110.48,Female,25
2076,Eastern,Maize,13.16,2025-04-29,2025-09-14,7531.2,304.6,1105.8,Rain-fed,56.15,Female,30
2077,Eastern,Wheat,2.12,2025-02-19,2025-07-12,1658.3,408.4,636.6,Drip,106.03,Female,55
2078,Eastern,Rice,6.25,2025-03-15,2025-06-19,1121.8,463.3,937.3,Flood,54.92,Female,76
2079,Rift Valley,Rice,12.33,2025-04-03,2025-06-09,6246.3,167.6,308.4,Drip,79.4,Female,77
2080,Eastern,Rice,4.43,2025-02-21,2025-05-05,10210.9,283.0,253.8,Drip,89.1,Male,68
2081,Rift Valley,Potatoes,2.33,2025-04-08,2025-06-24,4150.7,451.7,196.5,Flood,69.83,Male,70
2082,Rift Valley,Rice,4.96,2025-05-19,2025-08-23,6308.5,265.5,493.6,Flood,102.55,Female,31
2083,Nyanza,Potatoes,18.22,2025-02-15,2025-08-09,5317.4,488.2,769.9,Flood,29.75,Female,75
2084,Central,Maize,12.91,2025-03-07,2025-07-14,2820.7,443.6,1164.5,Drip,90.29,Male,53
2085,Eastern,Potatoes,8.57,2025-04-30,2025-10-02,11709.5,346.1,776.9,Flood,52.43,Female,69
2086,Rift Valley,Wheat,18.32,2025-06-05,2025-10-26,6256.8,288.8,440.9,Flood,52.45,Male,70
2087,Western,Maize,2.48,2025-03-06,2025-06-17,4498.7,463.7,530.1,Sprinkler,23.45,Female,50
2088,Nyanza,Maize,8.3,2025-02-27,2025-07-24,9127.4,296.4,305.3,Drip,103.8,Male,70
2089,Western,Potatoes,2.58,2025-02-21,2025-05-06,11384.8,402.2,811.1,Rain-fed,96.24,Male,24
2090,Rift Valley,Beans,3.72,2025-04-02,2025-09-27,7576.2,235.3,636.4,Flood,64.09,Male,70
2091,Nyanza,Potatoes,8.61,2025-02-06,2025-05-30,4990.6,416.8,208.3,Flood,27.18,Male,41
2092,Western,Potatoes,17.71,2025-06-09,2025-09-27,9878.8,469.9,490.7,Rain-fed,98.95,Female,36
2093,Rift Valley,Wheat,12.49,2025-03-31,2025-09-27,6826.6,233.0,942.1,Sprinkler,62.9,Male,69
2094,Western,Wheat,16.81,2025-01-11,2025-06-22,8530.9,51.1,531.7,Rain-fed,117.29,Male,76
2095,Eastern,Potatoes,8.9,2025-05-29,2025-08-15,9612.6,149.6,706.9,Sprinkler,38.88,Male,38
2096,Nyanza,Wheat,10.45,2025-01-20,2025-04-11,6795.4,307.3,145.8,Sprinkler,97.79,Female,32
2097,Rift Valley,Beans,13.2,2025-03-11,2025-07-17,4255.6,103.8,259.9,Drip,76.59,Female,46
2098,Western,Wheat,13.51,2025-04-20,2025-09-07,2646.7,96.0,601.3,Drip,59.1,Male,44
2099,Rift Valley,Rice,7.82,2025-03-20,2025-09-02,1698.0,89.3,1141.0,Rain-fed,76.85,Female,39
2100,Western,Maize,10.34,2025-01-31,2025-04-28,7568.3,276.6,728.2,Flood,73.25,Male,33
2101,Eastern,Potatoes,11.34,2025-06-24,2025-12-04,6309.6,341.0,264.1,Rain-fed,24.04,Female,58
2102,Rift Valley,Wheat,3.86,2025-05-25,2025-07-28,9863.4,409.1,1101.3,Sprinkler,92.67,Female,47
2103,Eastern,Rice,1.87,2025-04-30,2025-07-15,1051.7,422.4,373.7,Rain-fed,92.02,Female,35
2104,Eastern,Rice,8.8,2025-02-24,2025-04-26,4775.3,169.8,379.8,Drip,76.99,Male,80
2105,Rift Valley,Rice,16.56,2025-02-25,2025-07-20,8678.3,400.8,268.9,Drip,52.44,Male,49
2106,Nyanza,Maize,18.55,2025-02-05,2025-04-17,8941.4,436.3,230.2,Rain-fed,91.4,Female,49
2107,Central,Wheat,8.35,2025-04-16,2025-07-25,5996.2,328.7,925.2,Flood,23.09,Female,75
2108,Nyanza,Potatoes,4.09,2025-05-19,2025-08-09,8603.3,129.9,112.3,Rain-fed,90.39,Female,26
2109,Western,Potatoes,14.78,2025-05-17,2025-09-02,7298.5,274.3,1010.0,Rain-fed,96.26,Male,63
2110,Western,Rice,13.95,2025-01-10,2025-05-24,1097.3,124.1,299.2,Drip,91.14,Female,68
2111,Central,Potatoes,18.07,2025-04-07,2025-09-06,5522.3,22.1,175.9,Rain-fed,95.41,Female,77
2112,Central,Potatoes,15.16,2025-06-25,2025-11-07,4471.2,252.7,237.8,Sprinkler,59.0,Male,50
2113,Rift Valley,Beans,2.32,2025-03-11,2025-07-26,9606.5,165.4,1069.5,Drip,57.22,Female,61
2114,Central,Wheat,1.37,2025-05-04,2025-10-16,9854.0,234.2,833.1,Rain-fed,116.0,Female,80
2115,Rift Valley,Beans,3.78,2025-02-16,2025-05-13,527.1,290.9,829.4,Sprinkler,73.43,Male,34
2116,Nyanza,Wheat,10.91,2025-05-19,2025-09-09,2777.1,488.4,636.0,Sprinkler,87.21,Male,63
2117,Nyanza,Rice,4.15,2025-05-28,2025-10-06,9324.2,36.3,371.2,Sprinkler,23.82,Female,25
2118,Eastern,Rice,11.69,2025-05-11,2025-09-23,8748.4,152.2,1169.9,Sprinkler,24.01,Male,61
2119,Western,Beans,16.02,2025-01-24,2025-04-13,10070.8,75.2,1109.4,Rain-fed,108.79,Male,67
2120,Central,Potatoes,2.56,2025-02-23,2025-06-20,5119.2,450.2,541.1,Flood,60.04,Female,26
2121,Nyanza,Potatoes,11.17,2025-05-16,2025-10-09,8993.9,235.9,192.9,Rain-fed,25.08,Male,22
2122,Rift Valley,Maize,8.79,2025-01-06,2025-05-24,7965.3,206.1,645.6,Flood,117.19,Female,20
2123,Rift Valley,Maize,17.21,2025-03-09,2025-09-04,2223.6,405.8,767.1,Rain-fed,119.34,Female,41
2124,Eastern,Potatoes,1.91,2025-01-11,2025-03-22,2562.6,116.6,747.8,Drip,80.82,Female,42
2125,Rift Valley,Maize,1.36,2025-06-15,2025-09-09,9416.7,286.3,1097.8,Flood,55.04,Female,80
2126,Central,maiz,3.22,2025-01-25,2025-05-06,3119.3,24.6,165.9,Flood,85.79,Male,61
2127,Western,Beans,1.24,2025-04-01,2025-08-10,6148.7,381.1,657.6,Rain-fed,86.03,Female,58
2128,Rift Valley,Rice,4.12,2025-03-21,2025-07-19,630.6,264.2,287.4,Rain-fed,95.96,Male,37
2129,Eastern,Potatoes,16.48,2025-03-19,2025-08-22,10123.4,402.4,264.5,Drip,39.21,Female,64
2130,Central,Potatoes,18.95,2025-04-21,2025-09-26,11887.9,387.1,180.0,Rain-fed,21.54,Female,40
2131,Western,Maize,1.98,2025-06-28,2025-10-14,4682.7,53.1,183.7,Rain-fed,75.78,Male,33
2132,Nyanza,Maize,15.92,2025-03-22,2025-08-08,10247.5,69.8,1171.4,Flood,52.07,Male,79
2133,Central,Potatoes,3.59,2025-01-25,2025-04-02,2152.7,317.1,718.8,Rain-fed,102.64,Male,33
2134,Rift Valley,Beans,13.11,2025-04-24,2025-07-26,7048.6,395.2,456.1,Sprinkler,42.12,Female,77
2135,Nyanza,Potatoes,12.28,2025-02-07,2025-08-05,9931.2,426.0,661.4,Drip,65.7,Male,35
2136,Nyanza,Maize,10.19,2025-03-12,2025-07-08,4683.1,104.3,181.2,Flood,118.01,Female,71
2137,Central,Wheat,11.81,2025-06-08,2025-11-10,3652.6,376.2,966.2,Flood,70.24,Male,72
2138,Eastern,Potatoes,10.8,2025-02-20,2025-07-20,11184.9,65.2,569.0,Flood,31.1,Male,68
2139,Rift Valley,Beans,13.88,2025-03-09,2025-07-01,10276.7,107.2,842.9,Rain-fed,43.88,Female,64
2140,Nyanza,Wheat,13.81,2025-01-24,2025-05-28,7124.1,232.0,501.5,Drip,90.55,Male,59
2141,Rift Valley,Potatoes,7.04,2025-01-07,2025-04-21,2660.2,468.8,257.5,Sprinkler,91.03,Female,66
2142,Eastern,Potatoes,2.86,2025-05-26,2025-07-30,4774.6,203.9,707.1,Flood,29.23,Female,58
2143,Central,Maize,3.16,2025-03-22,2025-09-05,1075.0,134.8,613.9,Rain-fed,39.33,Female,26
2144,Nyanza,Maize,8.29,2025-03-07,2025-08-14,3149.6,370.1,1184.9,Drip,52.43,Female,34
2145,Rift Valley,Maize,1.24,2025-03-01,2025-08-06,8738.1,108.9,799.2,Flood,115.42,Female,25
2146,Nyanza,Potatoes,12.93,2025-03-12,2025-07-02,1801.5,166.1,517.5,Rain-fed,20.69,Female,35
2147,Central,Rice,9.29,2025-01-30,2025-06-08,2162.7,315.3,336.7,Sprinkler,95.12,Male,52
2148,Eastern,Wheat,11.15,2025-02-07,2025-05-22,3134.5,485.2,796.7,Drip,35.67,Male,69
2149,Nyanza,Wheat,15.26,2025-04-03,2025-06-21,1792.4,322.7,600.5,Drip,110.53,Male,61
2150,Nyanza,Rice,13.55,2025-06-27,2025-09-12,918.0,360.4,584.1,Flood,41.06,Male,60
2151,Western,Rice,2.49,2025-01-10,2025-06-10,11681.0,297.5,612.7,Rain-fed,53.16,Female,46
2152,Western,Potatoes,15.25,2025-01-25,2025-07-21,6472.6,275.4,167.6,Sprinkler,64.09,Female,52
2153,Rift Valley,Maize,7.52,2025-01-13,2025-03-17,1775.5,318.5,500.3,Rain-fed,86.47,Female,62
2154,Rift Valley,Beans,13.16,2025-05-22,2025-08-03,9606.7,415.9,120.5,Flood,103.77,Male,72
2155,Nyanza,Potatoes,16.69,2025-05-13,2025-09-07,3974.5,23.9,730.3,Sprinkler,26.59,Female,33
2156,Central,Wheat,4.2,2025-03-31,2025-08-22,6910.7,60.1,507.9,Flood,66.95,Male,51
2157,Western,Beans,15.31,2025-04-07,2025-08-09,5329.2,332.5,935.9,Flood,97.06,Female,20
2158,Rift Valley,Maize,2.46,2025-01-28,2025-07-09,1323.5,36.1,309.6,Rain-fed,55.98,Female,67
2159,Eastern,Beans,5.44,2025-06-23,2025-10-26,10499.4,260.7,602.7,Drip,78.57,Male,27
2160,Western,Rice,16.38,2025-06-15,2025-11-05,7472.2,394.3,488.9,Flood,69.74,Male,59
2161,Western,Potatoes,13.8,2025-04-18,2025-07-30,7049.8,323.9,621.9,Sprinkler,76.88,Male,48
2162,Central,Maize,1.68,2025-05-25,2025-10-29,5954.5,430.8,161.9,Flood,107.64,Male,46
2163,Central,Maize,16.03,2025-02-22,2025-05-14,7836.4,279.6,316.5,Sprinkler,34.98,Male,52
2164,Central,Beans,16.42,2025-06-12,2025-08-20,11380.1,375.6,831.7,Rain-fed,72.63,Male,45
2165,Central,Potatoes,5.57,2025-02-24,2025-04-27,7955.7,390.4,565.9,Rain-fed,22.31,Male,29
2166,Eastern,Beans,11.19,2025-05-28,2025-07-28,3119.0,363.3,826.3,Sprinkler,40.45,Male,75
2167,Nyanza,Potatoes,11.19,2025-02-09,2025-04-29,3400.7,156.6,284.0,Flood,51.02,Male,52
2168,Eastern,Potatoes,7.11,2025-01-22,2025-04-09,11171.6,46.4,750.7,Rain-fed,32.91,Male,22
2169,Western,Wheat,2.67,2025-03-18,2025-06-08,5819.5,274.0,967.6,Rain-fed,88.91,Male,31
2170,Eastern,Rice,13.09,2025-04-17,2025-07-05,3963.2,41.8,310.0,Rain-fed,52.85,Male,36
2171,Rift Valley,Wheat,1.99,2025-03-10,2025-06-19,5446.8,374.3,1009.9,Flood,50.43,Male,61
2172,Western,Maize,5.9,2025-01-19,2025-04-16,11966.8,334.1,919.5,Rain-fed,104.27,Male,45
2173,Nyanza,Beans,14.5,2025-05-26,2025-09-07,7345.0,320.6,300.3,Drip,73.43,Male,54
2174,Nyanza,Rice,3.02,2025-02-17,2025-06-24,1710.4,497.0,1059.6,Sprinkler,94.08,Female,62
2175,Eastern,Potatoes,17.97,2025-01-06,2025-03-13,11954.6,39.4,567.5,Drip,116.3,Male,67
2176,Eastern,Beans,16.43,2025-03-28,2025-08-02,9342.0,105.5,766.5,Drip,33.28,Male,64
2177,Rift Valley,Wheat,3.8,2025-04-16,2025-08-31,4467.0,165.5,960.4,Sprinkler,65.04,Female,33
2178,Rift Valley,Potatoes,18.66,2025-06-12,2025-10-31,10408.1,249.0,348.6,Drip,38.8,Female,38
2179,Western,Rice,17.07,2025-03-14,2025-07-25,8217.3,232.6,185.3,Drip,62.26,Male,63
2180,Eastern,Maize,16.7,2025-03-27,2025-08-04,6809.3,487.8,850.1,Sprinkler,98.63,Male,26
2181,Rift Valley,Beans,3.89,2025-01-13,2025-03-31,3199.7,97.1,839.0,Sprinkler,77.63,Male,71
2182,Eastern,Potatoes,14.68,2025-04-09,2025-07-15,5959.5,137.7,123.1,Rain-fed,75.92,Male,27
2183,Central,Maize,7.53,2025-02-03,2025-04-13,11294.7,458.2,1015.3,Drip,26.43,Male,73
2184,Western,Maize,6.35,2025-06-18,2025-08-21,4311.0,89.2,979.6,Rain-fed,22.23,Male,79
2185,Rift Valley,Maize,13.65,2025-03-16,2025-08-13,4608.4,478.5,897.0,Drip,73.73,Male,46
2186,Nyanza,Maize,5.44,2025-03-07,2025-06-17,7900.5,151.8,839.9,Flood,79.94,Male,79
2187,Central,Maize,2.67,2025-01-11,2025-04-10,11682.7,308.0,182.1,Drip,62.9,Male,26
2188,Eastern,Maize,4.14,2025-06-18,2025-10-05,9630.9,431.5,563.1,Flood,97.8,Male,33
2189,Rift Valley,Rice,13.44,2025-02-04,2025-04-21,9546.9,85.8,738.0,Sprinkler,50.69,Male,64
2190,Rift Valley,Maize,5.35,2025-04-09,2025-07-27,8884.8,237.4,364.8,Rain-fed,94.28,Male,59
2191,Central,Maize,7.27,2025-02-17,2025-05-12,11385.0,457.4,634.2,Flood,99.01,Female,58
2192,Central,Beans,12.14,2025-06-07,2025-09-15,5802.6,286.6,1098.4,Drip,25.24,Male,46
2193,Central,Rice,17.4,2025-02-27,2025-06-01,3798.2,107.1,680.3,Sprinkler,53.77,Male,23
2194,Central,Beans,7.07,2025-06-22,2025-12-17,2071.4,251.2,1125.6,Sprinkler,36.11,Female,33
2195,Nyanza,Potatoes,13.54,2025-03-17,2025-06-26,3578.4,402.1,234.6,Rain-fed,104.66,Male,23
2196,Rift Valley,Potatoes,9.87,2025-01-31,2025-05-22,7319.3,97.7,596.1,Flood,105.97,Female,40
2197,Eastern,Potatoes,12.87,2025-04-14,2025-09-20,7149.8,268.0,360.7,Drip,81.89,Female,67
2198,Western,Beans,6.02,2025-06-04,2025-11-10,6085.3,188.6,470.1,Sprinkler,110.11,Female,75
2199,Eastern,Rice,2.0,2025-04-25,2025-10-01,5605.0,444.6,898.1,Sprinkler,81.77,Female,71
2200,Western,Wheat,16.3,2025-01-30,2025-06-04,6160.1,385.9,646.3,Sprinkler,94.91,Male,67
2201,Central,Rice,7.68,2025-01-21,2025-07-05,6536.6,190.0,1080.6,Sprinkler,58.13,Male,70
2202,Rift Valley,Potatoes,17.22,2025-03-05,2025-05-22,4550.0,163.5,739.8,Rain-fed,95.28,Female,53
2203,Western,Rice,9.13,2025-03-12,2025-07-22,2082.2,258.2,615.2,Rain-fed,27.18,Male,45
2204,Western,Potatoes,16.39,2025-05-10,2025-10-30,2848.3,403.0,747.9,Flood,96.77,Female,58
2205,Rift Valley,Maize,13.26,2025-02-21,2025-08-17,3051.2,258.5,959.9,Sprinkler,41.13,Female,23
2206,Rift Valley,Maize,2.86,2025-02-18,2025-07-11,10256.1,144.2,1085.6,Sprinkler,65.87,Male,61
2207,Nyanza,Maize,4.42,2025-02-13,2025-07-23,3458.4,441.9,953.7,Flood,56.79,Male,77
2208,Eastern,Rice,11.65,2025-05-03,2025-10-13,6667.1,312.5,1070.8,Drip,75.73,Female,50
2209,Eastern,Wheat,3.65,2025-01-11,2025-04-10,9580.7,249.2,149.0,Flood,112.55,Female,54
2210,Rift Valley,Maize,10.77,2025-06-25,2025-11-08,3131.7,252.1,330.1,Rain-fed,21.67,Female,70
2211,Western,Maize,12.73,2025-05-15,2025-09-04,1121.1,202.6,128.0,Rain-fed,68.45,Female,68
2212,Central,Rice,19.66,2025-05-22,2025-11-04,639.5,61.0,1114.3,Flood,72.96,Female,37
2213,Rift Valley,Rice,2.84,2025-06-21,2025-10-31,8267.3,217.0,933.5,Drip,94.53,Male,44
2214,Central,Rice,18.99,2025-03-25,2025-08-10,6004.2,118.2,860.7,Sprinkler,54.69,Male,21
2215,Eastern,Rice,13.31,2025-05-03,2025-07-22,6547.9,215.6,1039.2,Flood,65.4,Female,38
2216,Central,Beans,8.45,2025-01-15,2025-05-21,2445.9,58.1,1057.4,Drip,83.19,Female,25
2217,Rift Valley,Beans,1.41,2025-01-01,2025-03-31,5637.3,440.3,623.3,Rain-fed,33.34,Female,65
2218,Eastern,Rice,17.14,2025-06-18,2025-10-28,6882.8,436.4,509.7,Flood,111.95,Male,30
2219,Nyanza,Beans,16.76,2025-05-13,2025-07-31,10220.2,229.5,315.0,Sprinkler,82.14,Male,60
2220,Rift Valley,Potatoes,4.81,2025-04-06,2025-09-30,9409.8,339.0,366.2,Drip,82.51,Female,53
2221,Rift Valley,Maize,4.67,2025-04-21,2025-07-01,8202.5,221.8,843.2,Sprinkler,56.13,Male,67
2222,Nyanza,Maize,14.64,2025-05-16,2025-07-25,7575.6,368.8,534.3,Sprinkler,48.72,Male,54
2223,Eastern,Beans,13.5,2025-03-31,2025-07-04,11688.1,422.8,152.9,Sprinkler,29.13,Female,29
2224,Eastern,Beans,4.3,2025-03-02,2025-08-08,7082.1,236.2,634.5,Rain-fed,23.97,Male,24
2225,Rift Valley,Potatoes,7.44,2025-04-21,2025-10-03,4435.4,224.5,217.8,Rain-fed,31.48,Male,29
2226,Western,Potatoes,10.59,2025-06-10,2025-10-09,9385.3,358.5,967.6,Sprinkler,47.92,Male,31
2227,Eastern,Maize,10.27,2025-06-29,2025-11-10,1157.5,323.4,472.5,Rain-fed,76.44,Male,20
2228,Nyanza,Potatoes,10.08,2025-04-14,2025-06-15,640.1,387.1,745.5,Flood,102.71,Female,37
2229,Western,Wheat,4.57,2025-05-04,2025-07-03,6908.0,481.3,1149.2,Flood,38.12,Female,72
2230,Eastern,Maize,17.4,2025-02-14,2025-07-26,5322.9,96.8,108.5,Sprinkler,76.66,Female,23
2231,Central,Rice,9.82,2025-01-05,2025-06-02,902.8,468.0,406.5,Flood,90.09,Female,60
2232,Nyanza,Maize,18.46,2025-04-09,2025-08-24,559.3,450.3,517.2,Sprinkler,38.25,Male,37
2233,Central,Rice,9.62,2025-01-18,2025-04-03,5952.3,294.7,191.7,Sprinkler,81.34,Female,42
2234,Central,Potatoes,10.16,2025-01-31,2025-04-02,4098.2,478.9,126.3,Sprinkler,44.13,Male,66
2235,Nyanza,Wheat,13.35,2025-03-21,2025-09-11,6996.3,392.4,332.1,Drip,32.55,Female,22
2236,Central,Potatoes,8.97,2025-03-17,2025-05-29,6515.5,56.7,1136.0,Rain-fed,87.26,Female,78
2237,Rift Valley,Potatoes,17.92,2025-01-22,2025-05-17,7553.6,289.7,1190.0,Sprinkler,64.7,Female,45
2238,Western,Wheat,19.93,2025-06-12,2025-08-28,3729.9,368.8,221.7,Flood,90.71,Female,48
2239,Central,Beans,4.64,2025-02-02,2025-06-16,7623.0,109.8,888.0,Flood,101.16,Male,35
2240,Eastern,Maize,7.11,2025-02-27,2025-06-18,5789.7,232.6,566.9,Drip,23.43,Male,28
2241,Eastern,Potatoes,15.35,2025-01-24,2025-06-16,9178.1,221.8,716.5,Sprinkler,43.51,Male,70
2242,Nyanza,Rice,15.59,2025-02-15,2025-08-02,8421.5,359.5,346.3,Rain-fed,56.2,Female,44
2243,Rift Valley,Maize,17.82,2025-05-26,2025-10-01,878.0,169.8,553.6,Drip,21.87,Female,75
2244,Eastern,Wheat,15.47,2025-05-15,2025-09-07,4148.7,486.1,827.7,Flood,54.92,Male,59
2245,Western,Rice,5.41,2025-02-18,2025-05-26,8774.2,23.5,474.0,Drip,30.64,Female,77
2246,Nyanza,Potatoes,2.67,2025-04-22,2025-08-19,9838.3,44.4,318.7,Flood,73.6,Male,25
2247,Rift Valley,Rice,15.33,2025-02-11,2025-05-24,6704.9,132.1,695.0,Sprinkler,117.66,Male,35
2248,Western,Wheat,11.9,2025-04-05,2025-07-19,2740.9,211.1,781.5,Drip,53.04,Female,36
2249,Rift Valley,Potatoes,15.09,2025-04-21,2025-10-16,6880.9,184.2,143.7,Sprinkler,112.83,Male,58
2250,Rift Valley,Rice,3.83,2025-02-14,2025-06-28,3613.7,333.3,160.7,Sprinkler,93.93,Female,25
2251,Nyanza,Rice,10.6,2025-05-07,2025-07-20,9235.2,335.8,109.3,Sprinkler,92.44,Male,65
2252,Rift Valley,Maize,9.31,2025-02-02,2025-06-27,11961.4,212.1,677.9,Sprinkler,23.19,Female,21
2253,Rift Valley,Wheat,12.62,2025-05-25,2025-09-20,9742.2,369.6,813.6,Drip,41.88,Female,35
2254,Central,Beans,1.13,2025-04-13,2025-08-10,5194.8,320.4,779.4,Flood,25.75,Female,77
2255,Central,Maize,15.45,2025-02-27,2025-08-20,5173.2,375.5,820.1,Flood,33.97,Male,22
2256,Rift Valley,Maize,17.47,2025-01-26,2025-05-25,3173.0,99.3,471.6,Flood,63.06,Female,55
2257,Western,Maize,6.39,2025-04-03,2025-06-17,5615.7,493.4,844.5,Flood,90.65,Male,37
2258,Nyanza,Rice,19.55,2025-03-07,2025-08-02,2283.8,460.0,655.8,Flood,75.95,Male,53
2259,Eastern,Maize,3.32,2025-04-05,2025-08-31,5570.1,442.0,578.4,Rain-fed,43.07,Male,55
2260,Rift Valley,Wheat,8.84,2025-05-17,2025-07-20,9297.4,210.7,141.4,Rain-fed,66.27,Female,28
2261,Nyanza,Beans,5.88,2025-01-07,2025-06-11,3625.2,405.1,1070.9,Flood,45.74,Female,24
2262,Rift Valley,Beans,7.24,2025-06-19,2025-11-01,9563.0,174.5,494.1,Sprinkler,116.13,Female,72
2263,Western,Beans,10.31,2025-01-24,2025-06-07,1538.6,288.1,397.4,Drip,92.54,Female,62
2264,Central,Maize,4.08,2025-02-11,2025-04-14,1324.2,365.6,576.4,Sprinkler,106.59,Female,35
2265,Nyanza,Wheat,17.57,2025-02-01,2025-04-02,5424.4,99.2,823.3,Drip,63.76,Male,51
2266,Nyanza,Wheat,15.11,2025-05-19,2025-10-07,3114.6,292.1,997.7,Sprinkler,36.17,Male,22
2267,Central,Potatoes,7.41,2025-03-24,2025-09-15,3718.8,433.7,700.6,Sprinkler,31.19,Female,43
2268,Rift Valley,Potatoes,19.04,2025-03-13,2025-06-14,8345.1,254.1,1158.0,Sprinkler,91.91,Male,58
2269,Central,Rice,17.82,2025-01-17,2025-04-24,6130.8,227.2,801.3,Rain-fed,49.14,Male,22
2270,Rift Valley,Maize,16.33,2025-01-20,2025-03-29,7675.8,395.2,603.7,Rain-fed,85.43,Male,25
2271,Rift Valley,Rice,15.09,2025-03-08,2025-09-04,8175.2,215.7,326.9,Rain-fed,112.45,Male,67
2272,Central,Rice,11.55,2025-06-09,2025-12-04,6241.3,119.3,384.6,Drip,111.47,Male,25
2273,Nyanza,Beans,6.57,2025-04-25,2025-09-05,2699.9,190.5,514.4,Rain-fed,113.66,Male,27
2274,Western,Maize,3.32,2025-05-24,2025-09-07,3717.4,244.2,201.3,Sprinkler,115.13,Male,20
2275,Nyanza,Beans,15.57,2025-04-02,2025-08-17,3142.5,169.9,300.8,Drip,56.6,Female,31
2276,Nyanza,Potatoes,19.11,2025-05-18,2025-10-02,2448.2,150.9,1058.3,Drip,85.75,Female,33
2277,Central,Rice,6.38,2025-02-13,2025-06-22,5652.1,230.8,376.3,Rain-fed,32.55,Male,43
2278,Eastern,Wheat,13.7,2025-03-30,2025-07-28,1544.1,494.7,187.6,Flood,118.27,Female,65
2279,Central,Beans,15.24,2025-06-02,2025-09-13,11692.4,117.9,635.0,Rain-fed,102.09,Female,69
2280,Western,Rice,2.21,2025-01-16,2025-06-21,11790.2,226.6,486.0,Sprinkler,110.24,Male,74
2281,Central,Potatoes,3.36,2025-05-22,2025-07-25,8294.5,392.7,822.7,Drip,63.11,Female,65
2282,Rift Valley,Potatoes,2.58,2025-05-06,2025-10-20,2709.9,331.6,909.1,Drip,64.83,Female,55
2283,Eastern,Maize,16.14,2025-03-08,2025-06-12,4654.2,116.1,192.9,Sprinkler,118.73,Female,67
2284,Nyanza,Rice,6.62,2025-04-03,2025-09-25,6878.6,330.4,429.5,Drip,84.49,Female,80
2285,Eastern,Beans,1.14,2025-04-29,2025-07-17,6381.9,49.4,536.2,Sprinkler,46.91,Male,61
2286,Rift Valley,Beans,1.27,2025-04-28,2025-09-11,6163.0,46.3,253.0,Sprinkler,89.92,Female,40
2287,Nyanza,Wheat,16.7,2025-01-05,2025-06-08,1485.3,55.8,1189.2,Rain-fed,49.16,Male,60
2288,Nyanza,Rice,1.83,2025-04-26,2025-09-23,2416.5,343.0,886.6,Sprinkler,109.49,Female,78
2289,Nyanza,Wheat,19.41,2025-03-01,2025-08-14,655.1,120.1,406.7,Rain-fed,111.94,Female,56
2290,Western,Maize,11.18,2025-03-11,2025-06-26,9733.0,471.5,607.3,Sprinkler,102.8,Male,29
2291,Western,Maize,11.37,2025-04-06,2025-09-15,3957.6,131.6,550.0,Flood,112.86,Male,48
2292,Eastern,Potatoes,19.76,2025-06-22,2025-09-03,2697.5,219.3,1071.7,Rain-fed,71.97,Male,29
2293,Rift Valley,Beans,5.96,2025-01-14,2025-05-17,10419.0,125.7,904.3,Rain-fed,58.24,Female,54
2294,Central,Potatoes,8.0,2025-03-15,2025-08-11,2869.3,138.8,314.2,Sprinkler,41.3,Female,25
2295,Western,Wheat,5.01,2025-01-17,2025-05-09,3866.0,431.9,1114.1,Flood,60.8,Female,24
2296,Nyanza,Beans,15.15,2025-04-11,2025-08-31,4788.5,296.9,869.9,Sprinkler,110.65,Female,29
2297,Western,Potatoes,10.27,2025-02-18,2025-08-14,3105.2,31.6,849.6,Flood,47.78,Male,72
2298,Western,Maize,12.57,2025-06-08,2025-08-08,6902.1,69.8,658.5,Sprinkler,69.94,Male,76
2299,Nyanza,Rice,18.97,2025-06-05,2025-10-23,4867.5,398.0,343.4,Sprinkler,104.8,Male,56
2300,Eastern,Potatoes,13.51,2025-02-14,2025-06-04,3060.2,284.7,645.8,Drip,36.95,Female,52
2301,Eastern,Potatoes,4.86,2025-06-07,2025-12-02,10082.3,266.1,689.0,Drip,48.91,Female,68
2302,Central,Rice,2.61,2025-03-30,2025-08-10,3356.8,296.3,1015.9,Sprinkler,65.46,Female,74
2303,Central,Maize,9.43,2025-02-14,2025-08-06,6380.2,174.8,656.6,Rain-fed,59.93,Female,32
2304,Eastern,Beans,2.66,2025-01-21,2025-06-18,8377.1,334.8,790.4,Drip,77.29,Male,30
2305,Rift Valley,Maize,4.52,2025-02-28,2025-05-21,2313.4,230.6,569.9,Drip,110.07,Male,72
2306,Eastern,Wheat,18.48,2025-01-16,2025-05-01,1540.0,485.4,962.3,Rain-fed,84.53,Female,29
2307,Nyanza,Beans,17.19,2025-03-19,2025-08-25,1670.8,362.8,1110.8,Rain-fed,79.47,Female,56
2308,Western,Potatoes,3.48,2025-06-03,2025-10-11,3707.2,47.3,378.4,Sprinkler,61.4,Female,64
2309,Western,Potatoes,15.05,2025-02-10,2025-05-31,6703.6,391.4,901.1,Rain-fed,77.58,Female,32
2310,Eastern,Potatoes,11.86,2025-01-22,2025-05-07,6371.7,91.4,357.8,Flood,32.8,Male,26
2311,Rift Valley,Beans,18.64,2025-01-18,2025-03-20,2260.5,421.1,646.6,Flood,39.45,Female,24
2312,Western,Potatoes,10.94,2025-06-12,2025-11-23,10948.8,411.4,1075.2,Sprinkler,76.17,Female,23
2313,Nyanza,Rice,17.86,2025-02-15,2025-08-04,1359.7,123.4,917.4,Sprinkler,30.42,Female,39
2314,Eastern,Beans,1.69,2025-05-15,2025-10-18,7949.6,330.6,554.9,Drip,29.82,Female,51
2315,Central,Rice,11.29,2025-03-27,2025-06-24,11949.0,193.1,1038.3,Rain-fed,63.9,Female,40
2316,Rift Valley,Potatoes,15.39,2025-02-10,2025-04-28,1160.3,195.7,658.0,Flood,59.29,Male,31
2317,Nyanza,Wheat,12.2,2025-05-13,2025-07-22,9186.5,151.6,158.3,Sprinkler,73.6,Female,78
2318,Central,Wheat,5.5,2025-01-15,2025-04-19,3856.1,87.6,275.7,Rain-fed,74.33,Female,69
2319,Central,Beans,8.46,2025-02-07,2025-04-13,5629.5,34.7,292.0,Drip,80.15,Female,48
2320,Central,Rice,19.09,2025-02-14,2025-07-18,1703.5,352.3,620.9,Flood,105.03,Female,48
2321,Western,Rice,16.22,2025-06-23,2025-09-01,904.4,449.9,537.6,Rain-fed,36.67,Female,68
2322,Central,Maize,16.32,2025-01-31,2025-06-22,5232.0,21.6,382.0,Sprinkler,58.58,Female,66
2323,Nyanza,Wheat,14.94,2025-02-11,2025-08-01,2313.5,342.1,1035.8,Drip,26.73,Male,53
2324,Rift Valley,Rice,4.18,2025-02-28,2025-07-03,6749.6,361.7,102.8,Drip,62.43,Male,35
2325,Nyanza,Beans,17.6,2025-03-05,2025-06-15,3502.2,35.0,808.5,Rain-fed,60.36,Male,45
2326,Nyanza,Wheat,16.13,2025-04-14,2025-06-25,6319.9,29.5,135.3,Sprinkler,95.08,Male,26
2327,Central,Beans,3.21,2025-04-17,2025-07-17,10424.9,205.1,474.6,Rain-fed,82.93,Female,26
2328,Central,Potatoes,4.87,2025-06-20,2025-10-10,3309.5,396.4,385.9,Flood,44.69,Male,64
2329,Rift Valley,Maize,16.32,2025-05-21,2025-07-27,8443.7,141.2,988.5,Flood,33.36,Male,32
2330,Eastern,Wheat,8.75,2025-03-15,2025-05-17,10288.0,468.4,127.9,Drip,98.93,Male,27
2331,Central,Potatoes,16.52,2025-04-19,2025-08-22,4479.4,388.4,516.9,Drip,40.57,Female,76
2332,Eastern,Wheat,10.84,2025-06-17,2025-09-11,10522.7,190.4,109.2,Flood,86.48,Female,63
2333,Eastern,Rice,5.71,2025-05-26,2025-09-11,1102.6,313.5,902.9,Rain-fed,88.44,Male,28
2334,Western,Beans,7.17,2025-02-21,2025-06-16,3663.1,490.5,1167.0,Flood,111.39,Female,47
2335,Nyanza,Potatoes,12.11,2025-03-30,2025-08-27,2858.5,92.2,991.1,Sprinkler,98.23,Female,67
2336,Central,Potatoes,6.86,2025-04-17,2025-09-04,4281.2,278.4,191.5,Drip,44.16,Male,31
2337,Nyanza,Potatoes,2.65,2025-05-29,2025-10-30,11619.2,300.6,629.7,Drip,35.24,Male,48
2338,Western,Potatoes,15.82,2025-06-27,2025-12-14,10857.8,282.9,588.3,Flood,78.34,Male,35
2339,Central,Rice,10.43,2025-05-10,2025-08-23,11594.7,227.8,1069.7,Sprinkler,39.7,Female,26
2340,Eastern,Wheat,17.13,2025-02-12,2025-08-04,4270.1,428.4,1185.9,Drip,89.82,Female,62
2341,Western,Rice,13.8,2025-03-11,2025-06-26,565.1,278.2,350.4,Rain-fed,98.01,Male,54
2342,Central,Potatoes,14.27,2025-03-22,2025-07-31,719.8,51.5,704.4,Rain-fed,41.64,Female,69
2343,Nyanza,Maize,9.24,2025-05-06,2025-09-06,513.8,278.6,836.4,Sprinkler,21.66,Female,34
2344,Eastern,Rice,19.96,2025-04-20,2025-06-29,9680.4,136.8,473.3,Drip,59.9,Female,79
2345,Eastern,Beans,4.79,2025-02-16,2025-05-22,8753.9,405.0,1057.6,Drip,38.16,Female,47
2346,Western,Maize,14.93,2025-05-12,2025-07-29,9409.8,305.1,1073.8,Drip,72.6,Male,40
2347,Eastern,Beans,17.96,2025-03-27,2025-07-23,7107.1,120.7,1172.9,Drip,87.98,Male,72
2348,Nyanza,Maize,18.92,2025-01-26,2025-06-12,4102.7,428.2,116.5,Flood,20.87,Female,27
2349,Western,Beans,15.49,2025-02-05,2025-05-12,10249.6,272.2,568.9,Sprinkler,65.99,Male,71
2350,Western,Maize,11.08,2025-06-17,2025-10-31,7452.8,125.5,925.1,Rain-fed,86.16,Male,41
2351,Central,Rice,12.14,2025-05-28,2025-11-12,8043.1,317.0,422.8,Flood,112.85,Male,61
2352,Nyanza,Rice,11.37,2025-02-03,2025-07-26,1518.5,354.4,152.8,Sprinkler,72.2,Male,58
2353,Western,Maize,9.32,2025-01-05,2025-03-21,2548.1,369.7,200.4,Sprinkler,68.07,Male,26
2354,Rift Valley,Beans,7.98,2025-05-21,2025-08-28,4446.4,406.9,360.9,Rain-fed,32.05,Female,37
2355,Rift Valley,Rice,16.48,2025-02-26,2025-08-06,10483.8,199.9,273.6,Rain-fed,90.34,Female,24
2356,Eastern,Beans,16.01,2025-02-23,2025-04-30,5046.0,148.7,637.8,Rain-fed,106.75,Male,56
2357,Central,Wheat,14.03,2025-05-16,2025-08-19,7010.8,350.4,1101.9,Rain-fed,73.14,Male,52
2358,Nyanza,Wheat,4.47,2025-01-02,2025-03-19,10103.8,71.0,1108.6,Flood,105.7,Female,28
2359,Eastern,Beans,3.21,2025-03-08,2025-08-24,1789.6,449.4,819.3,Drip,44.88,Female,37
2360,Western,Potatoes,5.87,2025-01-14,2025-04-24,5798.2,150.9,287.4,Flood,61.71,Female,71
2361,Central,Beans,2.01,2025-04-28,2025-07-14,6264.6,37.5,375.5,Flood,73.11,Female,30
2362,Western,Rice,4.0,2025-01-01,2025-04-13,2833.0,384.8,304.1,Rain-fed,36.06,Male,73
2363,Eastern,Potatoes,4.71,2025-03-25,2025-07-27,611.5,106.8,124.8,Drip,89.26,Male,23
2364,Western,Beans,17.89,2025-01-18,2025-06-23,10610.3,204.9,813.0,Rain-fed,70.03,Female,72
2365,Central,Maize,8.03,2025-06-06,2025-10-05,2497.0,340.4,1181.0,Sprinkler,23.85,Female,64
2366,Rift Valley,Wheat,10.65,2025-03-17,2025-07-09,3090.3,186.9,727.7,Rain-fed,118.36,Female,55
2367,Nyanza,Wheat,9.42,2025-02-02,2025-05-04,8022.2,457.9,707.8,Drip,76.0,Female,50
2368,Eastern,Rice,19.91,2025-06-27,2025-09-03,6722.4,278.1,328.5,Flood,45.84,Male,33
2369,Western,Rice,12.9,2025-01-06,2025-05-28,7793.3,357.9,303.2,Drip,60.43,Male,75
2370,Eastern,Wheat,5.43,2025-01-14,2025-04-21,2215.6,28.1,539.3,Rain-fed,110.78,Male,69
2371,Central,Potatoes,1.7,2025-04-27,2025-10-05,2873.8,365.6,637.3,Sprinkler,30.03,Male,46
2372,Western,Beans,12.26,2025-03-02,2025-08-16,6506.4,109.6,763.8,Sprinkler,21.23,Female,76
2373,Central,Rice,15.75,2025-03-04,2025-05-18,9695.0,31.0,248.6,Drip,100.95,Female,73
2374,Western,Wheat,14.7,2025-03-04,2025-08-10,6564.9,118.2,1188.5,Sprinkler,101.31,Female,26
2375,Western,Rice,1.94,2025-02-05,2025-06-13,1674.8,315.6,869.1,Flood,27.54,Female,67
2376,Central,Potatoes,10.78,2025-02-11,2025-07-25,10608.5,139.4,1063.9,Rain-fed,68.1,Male,23
2377,Nyanza,Maize,12.31,2025-06-08,2025-08-12,6400.0,375.0,735.0,Flood,46.18,Male,77
2378,Eastern,Rice,19.74,2025-02-07,2025-04-09,3386.7,255.2,287.3,Sprinkler,49.56,Male,26
2379,Rift Valley,Wheat,9.16,2025-05-30,2025-09-29,6533.7,250.0,396.1,Drip,73.25,Male,38
2380,Eastern,Potatoes,9.27,2025-05-03,2025-09-18,4193.8,465.1,547.6,Flood,70.99,Female,71
2381,Central,Beans,9.4,2025-04-03,2025-08-08,9451.8,135.7,1007.6,Sprinkler,109.2,Female,60
2382,Rift Valley,Maize,4.27,2025-01-30,2025-07-04,11179.6,271.1,1049.4,Sprinkler,109.31,Female,21
2383,Nyanza,Potatoes,11.3,2025-01-14,2025-03-20,8772.8,487.6,567.3,Flood,54.94,Female,75
2384,Nyanza,Beans,15.56,2025-01-30,2025-06-07,8514.1,394.7,161.4,Flood,36.7,Female,50
2385,Western,Beans,7.0,2025-01-31,2025-04-27,2515.3,497.7,975.7,Sprinkler,53.12,Male,78
2386,Western,Wheat,16.74,2025-04-20,2025-08-08,4447.4,92.3,902.4,Sprinkler,86.11,Male,35
2387,Western,Potatoes,14.99,2025-05-09,2025-10-22,1405.7,152.4,174.2,Sprinkler,111.39,Female,56
2388,Central,Wheat,3.15,2025-02-04,2025-04-11,4762.2,406.6,334.7,Sprinkler,22.45,Male,37
2389,Central,Wheat,2.42,2025-03-02,2025-06-16,754.3,185.2,1006.1,Rain-fed,109.84,Male,38
2390,Nyanza,Potatoes,13.2,2025-04-13,2025-09-18,9634.3,483.7,631.9,Drip,42.44,Female,43
2391,Nyanza,Beans,1.12,2025-05-27,2025-11-11,9656.2,65.0,437.7,Flood,78.2,Male,74
2392,Central,Maize,12.09,2025-02-08,2025-04-27,10365.2,397.4,538.4,Drip,114.79,Male,45
2393,Eastern,Beans,8.26,2025-05-21,2025-09-03,8809.4,490.9,248.9,Drip,53.39,Female,46
2394,Eastern,Rice,6.1,2025-02-12,2025-06-30,8511.9,248.5,186.3,Rain-fed,36.63,Female,76
2395,Eastern,Maize,10.95,2025-05-07,2025-07-16,11439.7,441.2,443.1,Rain-fed,55.52,Male,28
2396,Nyanza,Beans,1.13,2025-05-31,2025-11-10,5250.5,401.5,184.8,Rain-fed,24.46,Female,22
2397,Eastern,Rice,12.29,2025-05-13,2025-09-14,3002.0,438.7,642.8,Sprinkler,28.24,Male,25
2398,Nyanza,Maize,14.03,2025-02-06,2025-07-06,3301.0,147.8,1182.9,Flood,104.31,Female,61
2399,Western,Wheat,5.77,2025-04-26,2025-08-28,10450.3,93.7,925.3,Sprinkler,65.74,Male,57
2400,Rift Valley,Maize,8.86,2025-03-07,2025-08-20,3761.3,69.3,681.2,Flood,35.5,Male,71
2401,Rift Valley,Wheat,16.69,2025-02-02,2025-04-26,11523.6,179.1,523.2,Drip,115.84,Male,79
2402,Central,Maize,11.39,2025-04-07,2025-09-29,7545.1,437.1,544.4,Rain-fed,55.72,Female,76
2403,Eastern,Beans,16.26,2025-01-21,2025-05-15,1619.8,450.3,999.3,Flood,66.09,Female,60
2404,Rift Valley,Rice,5.13,2025-05-28,2025-07-27,11369.6,204.7,1147.4,Flood,81.75,Male,75
2405,Eastern,Rice,12.22,2025-02-02,2025-05-08,10391.7,30.2,1104.6,Sprinkler,46.56,Female,55
2406,Eastern,Beans,14.21,2025-04-09,2025-07-13,2020.1,300.7,587.8,Flood,77.04,Male,20
2407,Nyanza,Rice,6.33,2025-05-07,2025-08-23,8258.2,266.9,936.1,Sprinkler,77.29,Male,79
2408,Central,Rice,15.37,2025-03-07,2025-07-29,7819.7,242.9,409.7,Rain-fed,115.14,Male,56
2409,Nyanza,Beans,15.8,2025-01-11,2025-06-02,2618.1,460.4,712.3,Rain-fed,61.04,Female,77
2410,Nyanza,Beans,7.79,2025-03-18,2025-05-23,1944.5,42.4,1117.7,Flood,101.43,Female,46
2411,Rift Valley,Wheat,3.81,2025-01-01,2025-03-29,4786.0,101.9,1017.3,Rain-fed,62.19,Female,75
2412,Nyanza,Wheat,17.39,2025-01-03,2025-04-24,1876.3,23.1,406.4,Rain-fed,69.63,Female,29
2413,Eastern,Potatoes,19.31,2025-03-03,2025-06-24,9626.2,295.1,893.7,Sprinkler,85.75,Male,61
2414,Eastern,Beans,4.9,2025-01-31,2025-07-30,6681.4,191.5,463.6,Flood,53.31,Female,22
2415,Central,Maize,13.61,2025-03-07,2025-08-11,3569.0,28.2,774.5,Rain-fed,40.34,Female,64
2416,Nyanza,Rice,9.24,2025-04-28,2025-09-01,6471.2,270.5,1066.6,Rain-fed,110.31,Male,28
2417,Nyanza,Potatoes,18.74,2025-04-17,2025-07-07,1501.4,377.1,363.6,Rain-fed,111.92,Male,43
2418,Nyanza,Wheat,1.33,2025-03-09,2025-05-19,2260.4,327.4,801.5,Drip,116.32,Male,30
2419,Western,Potatoes,13.05,2025-05-29,2025-10-15,8371.6,398.9,727.8,Rain-fed,52.47,Female,52
2420,Nyanza,Rice,6.9,2025-05-20,2025-10-14,5959.3,234.6,446.0,Drip,22.64,Male,70
2421,Eastern,Rice,6.55,2025-06-04,2025-11-29,710.1,281.9,825.4,Flood,56.01,Male,76
2422,Rift Valley,maiz,14.41,2025-01-07,2025-06-04,3942.2,345.2,563.7,Sprinkler,97.7,Male,47
2423,Eastern,Wheat,11.75,2025-06-13,2025-11-27,6529.4,129.4,175.5,Rain-fed,30.89,Male,79
2424,Rift Valley,Wheat,14.05,2025-04-27,2025-08-01,11898.8,90.6,411.8,Rain-fed,39.71,Male,67
2425,Nyanza,Rice,15.84,2025-02-27,2025-05-11,2090.2,302.8,924.1,Sprinkler,21.19,Male,36
2426,Rift Valley,Beans,11.75,2025-05-12,2025-11-07,1185.8,214.6,471.3,Sprinkler,46.76,Male,30
2427,Western,Maize,9.52,2025-02-10,2025-05-14,5964.2,444.2,1124.3,Rain-fed,27.82,Male,44
2428,Western,Potatoes,11.37,2025-02-06,2025-06-28,8245.1,155.9,756.5,Flood,100.05,Male,68
2429,Central,Beans,3.98,2025-03-09,2025-07-28,1145.1,433.9,1162.2,Rain-fed,118.64,Male,33
2430,Nyanza,Wheat,10.41,2025-04-15,2025-09-06,1990.3,358.8,885.8,Sprinkler,100.22,Female,73
2431,Eastern,Rice,17.37,2025-03-02,2025-05-30,1702.4,150.0,1068.1,Drip,111.8,Female,28
2432,Nyanza,Beans,11.27,2025-05-09,2025-10-15,10775.9,349.3,167.2,Sprinkler,114.36,Female,45
2433,Nyanza,Maize,1.28,2025-05-21,2025-10-13,2013.0,210.8,686.6,Rain-fed,82.94,Female,38
2434,Rift Valley,Rice,17.99,2025-01-01,2025-05-19,11012.3,118.6,735.7,Sprinkler,57.56,Male,60
2435,Central,Wheat,15.21,2025-04-09,2025-08-06,2214.9,251.0,132.5,Drip,53.24,Female,54
2436,Nyanza,Wheat,9.26,2025-06-23,2025-08-28,9656.6,473.5,423.4,Flood,94.35,Male,77
2437,Central,Beans,15.09,2025-04-12,2025-09-11,8360.8,371.9,969.4,Drip,70.33,Female,63
2438,Eastern,Rice,11.88,2025-06-14,2025-09-24,9962.6,318.3,452.6,Sprinkler,45.77,Male,66
2439,Nyanza,Wheat,18.64,2025-06-27,2025-08-30,5414.8,140.4,938.9,Sprinkler,104.08,Female,80
2440,Western,Potatoes,18.89,2025-03-17,2025-07-19,7897.1,232.7,236.8,Rain-fed,98.49,Female,77
2441,Nyanza,Wheat,15.2,2025-04-16,2025-06-25,9207.4,281.9,291.0,Sprinkler,115.94,Female,69
2442,Eastern,Maize,19.73,2025-01-14,2025-04-14,2406.5,201.4,665.0,Rain-fed,44.65,Female,62
2443,Eastern,Maize,12.76,2025-05-05,2025-09-08,8207.2,104.3,427.2,Rain-fed,105.91,Male,51
2444,Nyanza,Potatoes,5.07,2025-01-20,2025-05-24,5136.5,167.7,388.0,Drip,85.64,Female,48
2445,Eastern,Rice,18.59,2025-06-25,2025-09-25,11305.5,172.7,446.7,Flood,46.32,Female,37
2446,Eastern,Rice,18.1,2025-05-06,2025-08-03,9179.9,329.2,663.2,Flood,117.04,Female,41
2447,Eastern,Rice,6.42,2025-01-13,2025-04-27,6371.0,187.8,382.3,Rain-fed,31.94,Male,56
2448,Western,Rice,7.93,2025-04-08,2025-08-03,3464.2,193.7,670.7,Drip,113.36,Female,49
2449,Rift Valley,Wheat,9.38,2025-02-05,2025-06-05,9877.6,488.7,451.7,Sprinkler,84.16,Female,64
2450,Central,Rice,8.67,2025-05-30,2025-09-13,8993.1,68.5,619.2,Sprinkler,23.63,Female,77
2451,Central,Maize,1.83,2025-05-13,2025-07-27,11560.8,204.4,296.0,Flood,53.2,Male,22
2452,Central,Potatoes,9.39,2025-05-29,2025-08-18,1419.7,275.3,422.9,Sprinkler,117.46,Male,80
2453,Western,Beans,4.2,2025-04-08,2025-06-25,1673.6,282.1,145.7,Drip,82.5,Male,58
2454,Rift Valley,Rice,9.36,2025-05-20,2025-08-19,11118.3,277.0,597.0,Rain-fed,41.17,Male,20
2455,Central,Maize,11.13,2025-04-30,2025-09-10,9917.1,411.2,586.3,Flood,43.83,Male,41
2456,Rift Valley,Beans,9.36,2025-01-25,2025-06-02,11921.7,236.2,1157.6,Sprinkler,71.07,Male,32
2457,Rift Valley,Rice,18.53,2025-02-21,2025-07-19,3270.9,56.3,450.0,Rain-fed,73.01,Female,69
2458,Western,Potatoes,8.86,2025-04-12,2025-09-19,7515.9,328.8,243.3,Sprinkler,72.96,Female,51
2459,Rift Valley,Maize,16.92,2025-01-02,2025-06-17,3588.1,38.5,795.3,Flood,109.13,Female,32
2460,Central,Wheat,3.97,2025-01-11,2025-06-07,5756.2,326.7,785.3,Drip,35.4,Male,64
2461,Western,Rice,5.04,2025-03-20,2025-06-06,9930.5,197.6,998.9,Rain-fed,70.31,Male,40
2462,Nyanza,Beans,12.31,2025-06-14,2025-10-01,742.6,68.1,1049.1,Sprinkler,114.73,Male,69
2463,Western,Wheat,11.57,2025-04-24,2025-07-27,8203.3,456.4,232.8,Flood,57.1,Male,42
2464,Eastern,Maize,2.54,2025-04-22,2025-10-10,8258.8,280.7,954.2,Sprinkler,107.59,Male,42
2465,Central,Beans,6.19,2025-04-25,2025-10-03,4845.2,189.5,845.8,Drip,29.99,Female,30
2466,Rift Valley,Beans,12.31,2025-01-10,2025-04-24,1623.5,61.7,629.7,Drip,75.36,Female,58
2467,Rift Valley,Maize,14.3,2025-02-04,2025-04-24,10082.5,206.8,1018.2,Flood,48.73,Female,22
2468,Rift Valley,Rice,14.23,2025-04-30,2025-09-10,4345.5,48.2,874.6,Flood,28.24,Male,43
2469,Western,Potatoes,1.25,2025-04-02,2025-09-27,1434.5,254.2,393.8,Flood,95.85,Male,34
2470,Nyanza,Potatoes,8.19,2025-06-20,2025-10-02,10784.5,280.1,104.9,Flood,42.0,Female,36
2471,Eastern,Rice,8.08,2025-05-26,2025-08-07,10357.5,327.1,609.1,Drip,116.83,Male,75
2472,Western,Beans,14.47,2025-03-09,2025-05-26,1877.8,74.1,1048.6,Drip,86.21,Male,61
2473,Nyanza,Rice,19.11,2025-05-14,2025-10-08,4830.8,239.5,424.1,Flood,119.12,Male,39
2474,Western,Beans,17.93,2025-02-27,2025-06-24,11540.8,86.6,900.1,Rain-fed,97.79,Female,32
2475,Central,Potatoes,17.96,2025-01-10,2025-06-19,11375.4,347.5,450.5,Rain-fed,49.15,Female,73
2476,Eastern,Maize,5.73,2025-05-12,2025-08-07,9189.3,210.5,116.5,Flood,72.6,Female,61
2477,Nyanza,Maize,8.9,2025-06-19,2025-09-12,1209.3,252.5,675.3,Rain-fed,42.05,Male,22
2478,Western,Wheat,7.24,2025-04-29,2025-09-05,7156.6,152.8,1136.9,Drip,79.71,Male,56
2479,Rift Valley,Maize,15.67,2025-03-04,2025-07-19,3636.5,122.9,156.1,Drip,78.04,Female,73
2480,Rift Valley,Wheat,19.68,2025-05-19,2025-09-05,2826.0,146.3,714.0,Drip,109.83,Male,51
2481,Rift Valley,Wheat,12.2,2025-06-11,2025-11-09,7649.5,316.9,167.8,Rain-fed,82.85,Female,77
2482,Central,Maize,14.67,2025-05-03,2025-07-29,7093.3,27.9,745.9,Rain-fed,102.99,Female,64
2483,Western,Rice,15.39,2025-02-13,2025-06-11,1556.7,197.1,642.8,Flood,30.52,Male,77
2484,Central,Rice,17.19,2025-05-16,2025-10-29,6324.6,366.5,103.1,Flood,65.95,Female,21
2485,Eastern,Beans,3.83,2025-06-28,2025-12-11,8360.6,149.2,461.3,Flood,54.58,Male,31
2486,Nyanza,Maize,2.86,2025-05-14,2025-07-13,3006.7,332.1,516.7,Drip,78.04,Female,36
2487,Central,Beans,14.24,2025-02-07,2025-05-04,9484.6,112.4,114.3,Flood,85.61,Male,80
2488,Rift Valley,Maize,2.95,2025-01-19,2025-05-11,2556.3,480.4,646.5,Flood,29.73,Female,34
2489,Central,maiz,2.75,2025-01-24,2025-05-22,8995.0,411.0,535.4,Sprinkler,70.79,Female,30
2490,Eastern,Potatoes,13.21,2025-05-22,2025-10-27,4725.2,200.0,1080.3,Sprinkler,25.5,Female,43
2491,Rift Valley,Wheat,12.21,2025-06-22,2025-10-01,5499.1,300.9,580.2,Flood,110.54,Female,61
2492,Rift Valley,Wheat,1.12,2025-01-16,2025-06-25,1404.2,79.3,494.1,Flood,32.74,Male,79
2493,Rift Valley,Maize,16.94,2025-05-29,2025-08-04,4505.4,429.9,844.4,Rain-fed,108.12,Female,38
2494,Rift Valley,Maize,8.15,2025-03-11,2025-06-25,4932.3,401.5,1152.6,Flood,52.91,Female,57
2495,Eastern,Potatoes,12.35,2025-05-28,2025-08-08,3486.8,497.8,533.1,Drip,113.69,Male,29
2496,Western,Maize,5.86,2025-02-11,2025-05-07,9506.8,431.6,195.7,Flood,54.21,Male,23
2497,Nyanza,Wheat,6.74,2025-04-01,2025-09-11,524.6,176.9,345.9,Flood,73.23,Female,60
2498,Rift Valley,Wheat,14.15,2025-01-16,2025-04-24,11253.1,421.1,486.1,Sprinkler,66.62,Male,57
2499,Nyanza,Maize,15.66,2025-02-20,2025-07-30,1714.5,189.2,1026.5,Sprinkler,63.15,Male,62
2500,Central,Maize,3.37,2025-03-28,2025-06-14,6518.1,324.4,786.0,Flood,63.38,Female,48
2501,Nyanza,Beans,18.06,2025-04-17,2025-09-23,9027.6,276.5,540.5,Sprinkler,50.19,Male,24
2502,Nyanza,Rice,9.8,2025-04-09,2025-07-11,3626.8,178.3,361.5,Drip,98.04,Female,52
2503,Rift Valley,Potatoes,18.69,2025-02-23,2025-06-21,6820.6,26.3,289.4,Sprinkler,67.67,Male,34
2504,Central,Potatoes,10.45,2025-01-02,2025-03-25,7970.3,257.6,542.1,Rain-fed,37.78,Female,31
2505,Western,Beans,6.62,2025-03-22,2025-09-13,3265.2,183.4,1048.3,Rain-fed,35.56,Female,78
2506,Nyanza,Potatoes,1.93,2025-05-20,2025-11-01,3842.9,128.1,1079.3,Flood,106.76,Female,40
2507,Western,Potatoes,9.4,2025-03-05,2025-06-29,11174.6,374.4,870.5,Rain-fed,110.57,Female,57
2508,Central,Rice,4.14,2025-06-07,2025-11-14,6918.1,340.4,995.7,Flood,47.7,Male,32
2509,Western,Maize,6.2,2025-03-13,2025-06-15,7195.9,365.7,409.5,Drip,55.99,Male,37
2510,Nyanza,Maize,1.35,2025-06-01,2025-09-05,580.8,300.8,1196.7,Sprinkler,67.74,Male,35
2511,Central,Potatoes,8.84,2025-06-30,2025-12-19,1454.4,377.8,825.3,Rain-fed,88.6,Female,45
2512,Western,Maize,5.66,2025-01-06,2025-04-28,8371.1,321.7,1077.1,Flood,60.93,Male,37
2513,Eastern,Rice,11.84,2025-05-10,2025-08-20,7769.7,483.1,687.5,Drip,57.21,Female,73
2514,Rift Valley,Rice,7.23,2025-02-15,2025-05-17,620.3,63.1,821.7,Drip,36.33,Male,48
2515,Eastern,Rice,19.82,2025-04-26,2025-10-21,4486.9,34.9,508.7,Flood,69.06,Male,44
2516,Western,Wheat,10.73,2025-05-24,2025-09-08,5081.0,437.9,900.5,Sprinkler,20.92,Female,59
2517,Central,Potatoes,11.42,2025-01-06,2025-04-02,5007.7,78.7,661.7,Rain-fed,71.92,Female,57
2518,Eastern,Maize,1.98,2025-03-29,2025-07-16,829.6,396.2,535.7,Flood,67.65,Male,50
2519,Central,Wheat,19.41,2025-04-04,2025-07-27,3237.6,283.2,114.8,Flood,99.96,Female,26
2520,Western,Rice,15.52,2025-05-31,2025-09-18,9195.6,192.6,1156.2,Drip,103.92,Male,77
2521,Rift Valley,Beans,13.31,2025-01-14,2025-04-19,7872.7,404.9,335.8,Drip,33.47,Female,42
2522,Central,Potatoes,16.57,2025-01-08,2025-06-28,11506.2,165.8,929.6,Rain-fed,96.74,Male,56
2523,Central,Maize,7.88,2025-02-12,2025-06-18,11070.1,263.5,311.3,Rain-fed,31.87,Male,60
2524,Nyanza,Beans,8.36,2025-01-17,2025-07-15,7701.9,476.9,795.6,Rain-fed,21.22,Male,30
2525,Nyanza,Beans,13.28,2025-01-29,2025-06-05,6917.7,253.9,1071.8,Sprinkler,36.93,Male,66
2526,Rift Valley,Potatoes,12.89,2025-02-18,2025-07-29,9971.8,75.4,934.8,Sprinkler,73.43,Female,43
2527,Nyanza,Beans,17.3,2025-05-20,2025-08-26,4542.4,465.5,224.9,Sprinkler,75.39,Female,52
2528,Central,Potatoes,3.02,2025-02-17,2025-06-21,10633.8,231.4,846.9,Drip,81.55,Male,56
2529,Rift Valley,Wheat,4.14,2025-03-02,2025-05-02,11472.8,398.0,1138.6,Flood,87.66,Male,74
2530,Central,Maize,16.22,2025-01-02,2025-04-17,2235.5,152.1,816.0,Rain-fed,75.68,Male,73
2531,Eastern,Beans,6.41,2025-05-18,2025-09-25,9639.9,444.5,113.4,Flood,107.23,Female,32
2532,Rift Valley,Beans,14.18,2025-06-07,2025-10-16,9843.5,195.2,977.5,Flood,118.92,Female,48
2533,Nyanza,Potatoes,5.57,2025-04-12,2025-06-28,2116.7,106.9,1045.2,Drip,118.26,Female,23
2534,Eastern,Rice,15.36,2025-04-21,2025-06-22,9268.4,249.9,1127.9,Sprinkler,100.61,Male,69
2535,Central,Maize,13.01,2025-01-15,2025-04-03,8060.1,158.5,760.8,Rain-fed,41.65,Female,68
2536,Rift Valley,Beans,13.17,2025-01-21,2025-06-21,9060.1,324.0,1182.1,Drip,102.11,Female,49
2537,Nyanza,Maize,14.13,2025-01-21,2025-07-06,11857.8,141.0,843.7,Flood,56.38,Male,35
2538,Central,Rice,15.68,2025-06-21,2025-12-16,6208.7,204.2,541.1,Flood,35.07,Female,27
2539,Central,Wheat,8.77,2025-04-07,2025-09-09,848.3,362.8,552.6,Sprinkler,49.61,Female,53
2540,Rift Valley,Beans,1.51,2025-01-21,2025-07-20,2207.3,62.3,182.4,Flood,64.46,Male,72
2541,Central,Maize,15.69,2025-04-13,2025-08-01,2403.4,165.2,668.7,Rain-fed,45.21,Female,24
2542,Eastern,Wheat,18.8,2025-04-27,2025-07-11,1589.5,451.1,733.4,Sprinkler,30.04,Female,21
2543,Rift Valley,Maize,4.55,2025-05-23,2025-11-09,10500.2,168.3,333.4,Flood,82.64,Male,41
2544,Rift Valley,Maize,14.64,2025-05-28,2025-11-05,11435.0,260.0,533.5,Rain-fed,86.46,Male,69
2545,Rift Valley,Beans,14.85,2025-03-29,2025-08-11,618.3,222.3,335.5,Flood,85.63,Female,74
2546,Nyanza,Beans,16.17,2025-01-01,2025-06-26,3966.2,406.1,197.8,Rain-fed,73.74,Male,40
2547,Nyanza,Wheat,18.46,2025-01-26,2025-05-23,1124.5,343.8,719.8,Flood,78.6,Female,47
2548,Nyanza,Wheat,2.3,2025-02-16,2025-04-26,1293.6,137.7,340.4,Flood,108.93,Female,37
2549,Central,Wheat,11.51,2025-03-23,2025-05-23,5357.6,99.5,619.0,Rain-fed,69.75,Male,51
2550,Eastern,Wheat,14.01,2025-05-30,2025-07-31,10886.2,238.5,298.3,Sprinkler,22.43,Male,64
2551,Nyanza,Maize,5.14,2025-01-08,2025-05-12,11588.9,84.3,721.2,Sprinkler,89.56,Female,56
2552,Eastern,Maize,2.23,2025-05-06,2025-08-12,7939.8,177.7,634.2,Flood,41.11,Female,48
2553,Rift Valley,Wheat,2.4,2025-05-30,2025-09-23,3833.3,264.9,455.8,Drip,80.65,Male,27
2554,Eastern,Maize,2.36,2025-01-06,2025-04-11,4502.3,330.3,1117.6,Rain-fed,111.83,Male,38
2555,Eastern,Beans,5.93,2025-02-25,2025-06-17,4386.7,44.6,783.1,Rain-fed,108.13,Male,80
2556,Western,Maize,7.61,2025-05-19,2025-07-31,2017.0,465.2,203.2,Sprinkler,68.24,Male,79
2557,Nyanza,Potatoes,7.74,2025-02-06,2025-04-23,7932.0,329.2,1041.0,Flood,22.68,Male,77
2558,Rift Valley,Maize,7.2,2025-06-02,2025-08-29,8053.5,425.3,743.8,Sprinkler,78.15,Male,70
2559,Western,Rice,16.42,2025-01-23,2025-06-29,6807.5,328.3,1119.7,Drip,42.91,Male,71
2560,Central,Beans,9.88,2025-05-22,2025-09-09,6800.4,220.4,222.9,Flood,39.23,Male,44
2561,Nyanza,Wheat,2.81,2025-03-08,2025-08-09,9588.9,326.9,1005.2,Rain-fed,46.49,Female,71
2562,Western,Wheat,17.6,2025-02-04,2025-06-17,2900.8,153.5,156.6,Drip,49.94,Male,77
2563,Western,Rice,1.59,2025-02-16,2025-06-24,5324.1,478.1,844.9,Rain-fed,63.38,Female,43
2564,Rift Valley,Maize,11.33,2025-04-25,2025-08-23,9081.0,336.5,707.9,Sprinkler,30.63,Female,38
2565,Rift Valley,Potatoes,2.18,2025-03-26,2025-09-17,11735.2,394.7,123.9,Drip,77.49,Male,61
2566,Central,Potatoes,4.69,2025-03-13,2025-05-15,7093.0,89.1,686.9,Rain-fed,106.05,Male,27
2567,Eastern,Potatoes,8.1,2025-01-08,2025-03-23,3071.9,119.0,746.6,Rain-fed,26.44,Female,76
2568,Rift Valley,Potatoes,3.09,2025-02-25,2025-05-06,2070.1,462.5,449.1,Drip,78.5,Female,42
2569,Rift Valley,Beans,8.28,2025-04-20,2025-09-06,10360.8,255.0,380.1,Rain-fed,25.34,Male,58
2570,Rift Valley,Maize,13.44,2025-02-15,2025-07-10,9506.0,460.5,983.1,Sprinkler,71.09,Male,58
2571,Central,Beans,19.57,2025-02-16,2025-06-22,4401.8,335.1,933.3,Flood,115.92,Female,75
2572,Central,Maize,7.7,2025-01-17,2025-05-17,5839.3,217.8,830.8,Sprinkler,82.15,Male,20
2573,Central,Potatoes,18.74,2025-02-03,2025-05-19,9572.3,334.3,434.2,Rain-fed,61.37,Female,30
2574,Western,Maize,13.96,2025-01-11,2025-07-03,4752.9,234.7,770.6,Flood,54.96,Female,34
2575,Central,Potatoes,5.28,2025-03-04,2025-06-05,5279.9,117.5,1176.6,Sprinkler,30.39,Male,65
2576,Eastern,Potatoes,4.83,2025-02-28,2025-05-10,8083.3,499.0,332.9,Drip,63.51,Male,30
2577,Rift Valley,Wheat,8.51,2025-01-09,2025-04-16,5286.5,90.1,451.7,Flood,119.61,Female,38
2578,Eastern,Maize,9.61,2025-06-02,2025-08-22,4567.4,221.5,300.9,Sprinkler,46.02,Female,78
2579,Eastern,Maize,6.29,2025-06-21,2025-12-09,9672.4,434.0,738.9,Drip,97.7,Female,35
2580,Central,Maize,10.54,2025-05-09,2025-10-07,3072.0,204.5,185.8,Drip,57.06,Female,49
2581,Western,Maize,5.59,2025-05-18,2025-08-30,2970.4,195.7,819.9,Flood,54.39,Male,22
2582,Rift Valley,Rice,4.91,2025-03-21,2025-09-08,2016.6,291.3,696.3,Flood,56.35,Female,63
2583,Eastern,Rice,2.79,2025-05-22,2025-10-19,4187.3,476.0,929.8,Rain-fed,119.93,Female,73
2584,Central,Beans,8.68,2025-04-21,2025-10-03,8782.8,80.5,1076.8,Rain-fed,81.96,Female,80
2585,Eastern,Potatoes,8.79,2025-03-06,2025-05-12,5071.6,293.3,120.0,Flood,24.48,Female,26
2586,Eastern,Wheat,6.26,2025-05-23,2025-10-22,4968.4,145.1,286.8,Sprinkler,99.35,Male,61
2587,Eastern,Beans,11.04,2025-03-16,2025-05-17,9021.9,423.3,628.6,Flood,110.67,Female,35
2588,Eastern,Beans,8.7,2025-04-11,2025-09-06,7323.0,144.5,521.4,Drip,111.57,Male,57
2589,Rift Valley,Maize,13.99,2025-02-15,2025-06-23,5624.4,106.2,985.7,Flood,61.54,Female,43
2590,Western,Maize,12.49,2025-06-08,2025-10-30,4725.6,247.9,708.1,Drip,77.81,Female,38
2591,Rift Valley,Potatoes,11.6,2025-03-12,2025-06-03,6106.2,283.2,1042.5,Rain-fed,44.64,Male,32
2592,Rift Valley,Wheat,14.12,2025-01-09,2025-05-28,7708.9,233.1,1123.3,Sprinkler,89.68,Female,76
2593,Western,Potatoes,16.04,2025-02-21,2025-05-13,2868.5,396.0,730.8,Rain-fed,76.92,Male,60
2594,Western,Maize,13.71,2025-01-08,2025-03-24,3488.8,363.4,461.5,Drip,81.99,Male,74
2595,Western,Wheat,8.34,2025-05-27,2025-08-27,6454.0,488.7,723.5,Drip,70.54,Male,61
2596,Rift Valley,Rice,10.49,2025-06-12,2025-09-10,4714.2,224.4,1154.2,Sprinkler,91.09,Male,75
2597,Nyanza,Rice,8.61,2025-04-02,2025-06-12,5340.9,397.1,539.7,Flood,93.48,Male,59
2598,Western,Beans,15.93,2025-03-05,2025-07-31,3956.9,460.4,606.2,Drip,37.58,Female,27
2599,Nyanza,Potatoes,2.96,2025-01-29,2025-06-08,3755.6,441.5,157.9,Flood,26.8,Female,22
2600,Central,Wheat,7.95,2025-03-25,2025-09-09,9344.5,97.0,1017.5,Sprinkler,105.28,Male,36
2601,Central,Maize,4.06,2025-02-16,2025-08-02,6022.2,296.6,505.3,Flood,114.11,Male,71
2602,Rift Valley,Beans,7.68,2025-03-17,2025-09-06,1281.1,128.6,250.3,Sprinkler,29.93,Female,21
2603,Eastern,Potatoes,13.09,2025-03-03,2025-06-19,11736.2,142.6,802.2,Flood,50.54,Female,52
2604,Rift Valley,Maize,12.02,2025-05-11,2025-08-21,5742.8,387.5,430.2,Sprinkler,32.32,Female,34
2605,Nyanza,Potatoes,5.92,2025-01-22,2025-04-26,2266.8,218.8,619.9,Sprinkler,100.39,Male,52
2606,Western,Beans,1.62,2025-06-10,2025-09-15,2063.1,82.6,131.9,Flood,107.51,Female,74
2607,Eastern,Beans,19.85,2025-05-01,2025-08-08,11543.9,297.5,353.4,Rain-fed,83.97,Male,54
2608,Nyanza,Rice,17.76,2025-01-31,2025-04-14,8882.0,462.2,736.6,Rain-fed,74.79,Male,50
2609,Central,Potatoes,13.94,2025-02-13,2025-07-17,10082.6,286.4,193.5,Rain-fed,34.79,Female,79
2610,Eastern,Rice,19.11,2025-01-27,2025-05-02,3081.1,175.5,482.7,Flood,119.5,Female,62
2611,Western,Rice,4.59,2025-03-13,2025-05-15,3784.1,199.6,402.6,Flood,112.29,Male,69
2612,Eastern,Rice,11.24,2025-05-18,2025-09-07,5470.6,468.8,585.7,Flood,113.51,Female,52
2613,Western,Maize,3.05,2025-05-08,2025-09-14,2181.1,261.0,1079.0,Sprinkler,40.62,Male,52
2614,Western,Maize,3.34,2025-06-29,2025-09-08,4612.9,468.9,242.5,Flood,60.89,Female,46
2615,Rift Valley,Rice,18.33,2025-05-12,2025-10-16,6723.9,367.5,1066.9,Drip,64.22,Male,53
2616,Nyanza,Rice,13.3,2025-05-30,2025-11-16,11766.2,458.3,113.1,Sprinkler,118.81,Female,77
2617,Nyanza,Rice,15.83,2025-05-06,2025-10-01,3644.4,101.2,863.8,Sprinkler,23.5,Male,51
2618,Central,Beans,7.45,2025-01-11,2025-04-27,8778.7,392.9,758.5,Drip,87.94,Female,61
2619,Rift Valley,Maize,15.63,2025-06-21,2025-12-08,11167.8,167.7,623.0,Flood,46.37,Male,26
2620,Central,Wheat,3.84,2025-03-17,2025-08-25,2978.7,204.8,1162.5,Drip,23.56,Female,25
2621,Rift Valley,Rice,12.58,2025-05-07,2025-08-01,4967.9,42.7,341.8,Flood,94.67,Female,60
2622,Central,Beans,8.55,2025-01-25,2025-07-02,7912.5,211.7,335.4,Rain-fed,46.13,Male,56
2623,Central,Potatoes,15.04,2025-05-18,2025-07-21,4480.4,282.4,427.7,Drip,108.36,Female,76
2624,Central,Wheat,17.18,2025-03-10,2025-07-01,8832.5,479.8,194.5,Flood,115.44,Male,58
2625,Rift Valley,Potatoes,14.45,2025-06-16,2025-10-25,8678.1,262.0,955.3,Flood,23.64,Female,50
2626,Eastern,Rice,14.87,2025-05-01,2025-07-25,8061.7,426.4,989.3,Flood,73.85,Male,52
2627,Rift Valley,Wheat,3.83,2025-01-14,2025-05-01,8933.2,116.0,552.6,Sprinkler,74.81,Male,67
2628,Nyanza,Maize,14.36,2025-03-02,2025-08-22,8286.4,42.0,1131.5,Rain-fed,118.71,Male,62
2629,Western,Potatoes,5.54,2025-01-08,2025-04-28,10396.4,464.7,475.5,Sprinkler,107.78,Male,56
2630,Western,Potatoes,3.3,2025-06-02,2025-08-15,3822.7,394.1,480.7,Sprinkler,40.81,Male,75
2631,Western,Potatoes,12.73,2025-01-21,2025-06-10,1899.9,313.3,817.8,Drip,26.38,Male,22
2632,Nyanza,Wheat,4.82,2025-03-31,2025-06-27,10207.2,380.7,901.4,Flood,72.74,Female,66
2633,Central,Maize,14.27,2025-06-30,2025-12-06,8170.4,425.1,232.7,Rain-fed,106.83,Male,36
2634,Western,Rice,18.3,2025-06-09,2025-08-12,7608.1,126.0,680.8,Rain-fed,76.77,Male,44
2635,Eastern,Maize,12.98,2025-01-20,2025-06-16,11028.6,426.2,669.8,Flood,55.26,Female,40
2636,Eastern,Beans,16.15,2025-05-07,2025-07-16,7787.9,162.4,308.3,Rain-fed,102.33,Male,79
2637,Central,Rice,8.2,2025-02-01,2025-04-14,8687.7,42.3,649.1,Flood,70.78,Female,76
2638,Central,Wheat,5.57,2025-01-15,2025-05-21,9030.3,462.3,683.9,Rain-fed,90.16,Male,69
2639,Central,Potatoes,10.23,2025-06-28,2025-12-22,859.4,445.4,237.8,Rain-fed,28.84,Female,49
2640,Rift Valley,Beans,7.7,2025-02-21,2025-07-01,11171.4,406.0,888.0,Flood,49.87,Female,57
2641,Nyanza,Maize,2.2,2025-02-27,2025-07-20,9709.9,81.1,346.7,Rain-fed,58.42,Male,26
2642,Central,Maize,1.81,2025-05-07,2025-10-19,8058.9,23.6,364.4,Rain-fed,32.81,Male,43
2643,Nyanza,Potatoes,3.3,2025-02-23,2025-06-29,1633.8,349.5,384.5,Sprinkler,83.27,Female,65
2644,Western,Potatoes,13.49,2025-04-03,2025-09-12,598.8,301.8,635.0,Drip,118.38,Female,55
2645,Nyanza,Potatoes,2.88,2025-04-21,2025-09-27,10622.2,122.0,689.3,Sprinkler,85.55,Male,30
2646,Central,Wheat,10.92,2025-03-01,2025-06-22,8010.2,120.2,974.3,Drip,38.29,Female,76
2647,Western,Beans,12.63,2025-05-04,2025-10-16,5210.1,428.4,582.9,Flood,97.06,Female,49
2648,Western,maiz,4.8,2025-05-10,2025-08-28,6855.6,136.1,176.3,Flood,108.0,Female,63
2649,Central,Beans,12.27,2025-04-23,2025-07-30,6141.2,173.7,402.3,Drip,85.44,Female,26
2650,Central,Beans,8.17,2025-05-04,2025-10-30,5186.9,175.9,933.1,Sprinkler,37.53,Male,34
2651,Rift Valley,Rice,15.18,2025-01-05,2025-06-26,10863.1,72.4,506.0,Flood,64.6,Male,52
2652,Rift Valley,Potatoes,11.91,2025-02-12,2025-05-14,6893.6,257.8,239.1,Rain-fed,85.1,Female,69
2653,Rift Valley,Wheat,1.59,2025-02-12,2025-08-10,7278.5,466.5,241.4,Flood,108.05,Male,50
2654,Rift Valley,Beans,1.14,2025-03-12,2025-05-11,4401.2,72.2,194.5,Sprinkler,92.74,Male,51
2655,Nyanza,Beans,15.34,2025-05-03,2025-10-05,3541.3,150.9,588.0,Flood,76.79,Male,51
2656,Eastern,Beans,5.31,2025-02-06,2025-07-15,9180.8,413.2,1134.5,Rain-fed,20.06,Male,46
2657,Nyanza,Potatoes,15.43,2025-04-13,2025-10-03,10203.5,160.5,191.4,Rain-fed,76.33,Male,46
2658,Eastern,Potatoes,8.26,2025-04-13,2025-06-30,7549.7,242.0,183.9,Drip,52.5,Female,21
2659,Rift Valley,Beans,11.06,2025-04-29,2025-08-29,6746.9,429.2,751.9,Flood,109.91,Female,32
2660,Nyanza,Rice,1.5,2025-03-22,2025-09-17,6176.4,74.1,481.3,Drip,69.87,Male,52
2661,Rift Valley,Rice,19.32,2025-04-13,2025-09-21,11071.4,66.1,919.3,Flood,49.12,Male,56
2662,Central,Wheat,2.09,2025-03-13,2025-08-04,10918.4,197.8,158.6,Sprinkler,91.39,Male,41
2663,Western,Beans,1.05,2025-05-17,2025-09-05,7440.7,88.7,361.8,Rain-fed,45.57,Female,59
2664,Rift Valley,Wheat,11.57,2025-02-19,2025-07-14,5050.2,126.0,802.5,Sprinkler,102.42,Male,68
2665,Rift Valley,Wheat,18.32,2025-01-12,2025-06-28,6272.7,332.0,421.1,Rain-fed,64.23,Female,41
2666,Western,Wheat,12.95,2025-06-17,2025-09-28,912.6,153.3,260.9,Drip,94.2,Female,62
2667,Nyanza,Potatoes,14.33,2025-04-07,2025-09-11,11732.4,242.8,360.3,Flood,64.55,Male,37
2668,Central,Beans,9.47,2025-06-07,2025-11-14,4201.3,117.1,284.1,Sprinkler,57.6,Male,29
2669,Eastern,Wheat,9.87,2025-03-03,2025-07-15,6419.2,51.1,217.9,Rain-fed,71.35,Female,58
2670,Nyanza,Potatoes,15.97,2025-01-24,2025-05-18,5578.2,297.8,540.3,Flood,79.58,Male,32
2671,Rift Valley,Wheat,9.73,2025-04-20,2025-06-25,9455.7,317.5,167.9,Sprinkler,61.04,Female,58
2672,Central,Rice,14.34,2025-05-08,2025-07-31,10641.6,383.5,151.9,Rain-fed,27.85,Male,70
2673,Nyanza,Maize,3.5,2025-05-14,2025-09-26,9117.7,242.9,1097.4,Drip,71.11,Male,71
2674,Eastern,Beans,12.13,2025-03-21,2025-08-13,8915.9,402.7,657.1,Flood,94.72,Male,68
2675,Nyanza,Maize,9.17,2025-05-17,2025-09-20,4428.5,219.6,891.0,Rain-fed,53.18,Female,75
2676,Central,Wheat,11.39,2025-04-02,2025-09-23,2691.3,233.0,150.4,Rain-fed,28.04,Male,29
2677,Western,Wheat,10.64,2025-02-02,2025-07-21,4373.7,274.8,175.3,Drip,20.78,Female,63
2678,Western,Wheat,16.45,2025-03-15,2025-07-25,11400.9,257.4,570.1,Drip,39.7,Male,60
2679,Western,Maize,15.75,2025-05-27,2025-11-21,10056.9,308.2,528.9,Sprinkler,56.73,Female,38
2680,Central,Maize,7.11,2025-01-31,2025-07-28,2139.0,124.3,906.9,Rain-fed,111.62,Male,46
2681,Rift Valley,Beans,9.5,2025-05-14,2025-09-21,8525.2,103.5,1177.1,Drip,73.92,Female,65
2682,Nyanza,Potatoes,13.45,2025-04-08,2025-09-18,4104.3,411.5,551.7,Drip,52.15,Female,75
2683,Eastern,Beans,2.26,2025-01-16,2025-06-30,6002.5,131.8,949.1,Sprinkler,95.76,Female,21
2684,Western,Rice,6.82,2025-06-03,2025-08-30,9454.5,355.9,594.5,Sprinkler,44.32,Female,70
2685,Eastern,Maize,8.83,2025-05-18,2025-08-03,1346.9,178.1,891.3,Drip,69.85,Female,25
2686,Rift Valley,Rice,8.68,2025-01-16,2025-04-03,5879.2,445.9,1054.3,Rain-fed,116.39,Male,53
2687,Central,Rice,5.23,2025-05-19,2025-09-26,11136.6,182.0,558.4,Rain-fed,93.85,Male,68
2688,Western,Potatoes,8.92,2025-05-02,2025-09-11,3465.3,276.2,282.4,Drip,64.62,Female,75
2689,Rift Valley,Maize,8.18,2025-06-21,2025-09-26,9145.5,182.8,141.2,Sprinkler,115.11,Male,71
2690,Western,Rice,11.22,2025-06-30,2025-09-17,2741.3,478.1,377.6,Rain-fed,39.06,Female,44
2691,Eastern,Rice,15.35,2025-06-27,2025-09-30,4688.3,294.1,891.5,Rain-fed,107.76,Male,30
2692,Eastern,Beans,18.32,2025-01-16,2025-07-06,9758.3,272.9,470.1,Sprinkler,98.6,Female,64
2693,Eastern,Beans,7.99,2025-05-06,2025-08-11,2200.3,359.9,1075.9,Flood,25.41,Male,78
2694,Rift Valley,Beans,10.52,2025-05-01,2025-10-09,7867.0,212.7,687.7,Sprinkler,88.47,Female,51
2695,Western,Beans,14.29,2025-05-30,2025-10-20,4150.9,414.6,487.3,Drip,68.31,Male,72
2696,Rift Valley,Rice,4.03,2025-04-23,2025-07-27,10662.2,176.9,1144.2,Rain-fed,43.18,Male,55
2697,Western,Rice,16.56,2025-05-05,2025-07-25,8778.4,309.7,875.5,Sprinkler,109.15,Male,74
2698,Rift Valley,Beans,13.53,2025-06-10,2025-11-27,5490.3,110.1,1036.6,Sprinkler,82.85,Male,34
2699,Nyanza,Potatoes,6.43,2025-04-18,2025-06-24,788.1,438.4,156.2,Rain-fed,81.23,Female,38
2700,Central,Maize,17.64,2025-01-17,2025-05-08,11310.9,112.7,126.1,Rain-fed,117.42,Male,51
2701,Western,Maize,10.12,2025-02-22,2025-06-03,6582.8,210.6,477.9,Rain-fed,49.34,Male,24
2702,Western,Potatoes,15.63,2025-03-25,2025-09-20,1256.0,299.9,611.5,Drip,66.35,Male,65
2703,Western,Potatoes,7.88,2025-04-28,2025-10-14,4155.7,451.4,409.7,Drip,31.81,Male,23
2704,Eastern,Maize,16.38,2025-06-23,2025-11-06,6878.6,376.0,913.3,Flood,66.16,Female,38
2705,Central,Beans,2.92,2025-02-18,2025-05-28,10353.8,412.2,765.9,Sprinkler,113.43,Female,59
2706,Rift Valley,Beans,15.51,2025-04-14,2025-08-27,8509.4,481.3,153.6,Drip,83.54,Female,68
2707,Western,Potatoes,15.48,2025-03-14,2025-05-31,6750.9,146.0,135.6,Flood,104.92,Female,48
2708,Central,Maize,2.33,2025-05-27,2025-10-16,5001.0,405.4,159.9,Sprinkler,98.92,Female,37
2709,Nyanza,Beans,5.19,2025-05-01,2025-09-19,1816.3,38.0,940.1,Drip,66.02,Female,27
2710,Eastern,Wheat,11.09,2025-05-12,2025-09-29,1231.9,92.9,1005.5,Drip,79.02,Female,26
2711,Nyanza,Beans,18.73,2025-05-23,2025-08-07,6298.3,86.9,382.3,Sprinkler,45.6,Female,53
2712,Nyanza,Wheat,6.8,2025-05-15,2025-07-25,6034.4,118.8,452.4,Rain-fed,105.03,Male,69
2713,Eastern,Rice,11.18,2025-06-06,2025-10-19,10970.2,355.4,525.1,Flood,45.27,Male,24
2714,Rift Valley,Beans,5.33,2025-03-03,2025-08-02,1303.1,27.6,567.1,Flood,27.0,Male,46
2715,Central,Maize,7.8,2025-03-23,2025-09-10,6909.3,270.2,874.9,Drip,34.08,Male,63
2716,Eastern,Rice,4.95,2025-03-05,2025-06-16,10794.3,393.1,404.3,Sprinkler,97.16,Male,51
2717,Western,Beans,17.9,2025-02-21,2025-05-19,4958.9,257.5,382.4,Rain-fed,49.51,Female,53
2718,Nyanza,Beans,4.54,2025-06-21,2025-11-29,5843.1,198.9,461.8,Sprinkler,34.34,Female,79
2719,Eastern,Maize,15.6,2025-01-03,2025-06-09,10276.4,467.8,503.3,Drip,90.81,Male,33
2720,Nyanza,Potatoes,11.53,2025-06-18,2025-09-12,6511.3,260.5,961.5,Drip,22.2,Female,26
2721,Western,Beans,14.01,2025-02-24,2025-06-28,11609.4,466.7,331.4,Drip,22.54,Male,80
2722,Western,Wheat,18.19,2025-04-04,2025-07-12,1746.7,105.4,286.5,Sprinkler,39.7,Female,36
2723,Western,Potatoes,4.55,2025-03-30,2025-08-08,5911.9,467.9,483.7,Flood,118.97,Female,33
2724,Central,Potatoes,11.33,2025-03-11,2025-05-14,6899.0,310.2,260.2,Drip,93.29,Male,42
2725,Nyanza,Maize,2.26,2025-05-16,2025-10-09,1089.3,281.1,746.9,Flood,119.6,Female,41
2726,Eastern,Potatoes,7.01,2025-03-01,2025-07-30,9355.3,261.9,1078.2,Flood,89.33,Male,71
2727,Eastern,Maize,15.89,2025-06-10,2025-10-01,6296.6,95.9,885.9,Drip,109.86,Female,23
2728,Eastern,Rice,10.34,2025-04-03,2025-07-24,847.7,388.3,916.2,Rain-fed,74.35,Male,48
2729,Western,Wheat,15.55,2025-06-10,2025-11-29,3226.1,329.8,1164.4,Flood,52.91,Female,48
2730,Nyanza,Rice,13.95,2025-03-23,2025-06-14,4717.2,73.6,419.5,Rain-fed,110.73,Male,68
2731,Eastern,Maize,16.82,2025-02-16,2025-07-04,7466.7,408.2,1034.1,Flood,91.54,Male,21
2732,Eastern,Potatoes,4.24,2025-01-27,2025-07-07,11033.7,450.6,681.0,Drip,87.28,Female,63
2733,Western,Rice,2.82,2025-02-04,2025-06-17,4143.6,300.5,136.3,Drip,106.9,Female,23
2734,Western,Beans,7.4,2025-05-24,2025-08-17,7914.3,407.9,497.7,Drip,118.3,Female,49
2735,Nyanza,Beans,11.22,2025-03-01,2025-07-21,1469.2,348.6,682.8,Sprinkler,27.39,Female,67
2736,Nyanza,Wheat,9.31,2025-04-10,2025-09-07,6814.6,394.5,493.1,Drip,112.52,Male,31
2737,Rift Valley,Potatoes,9.82,2025-02-06,2025-05-09,8602.5,342.2,770.9,Flood,70.49,Male,67
2738,Western,Wheat,8.02,2025-04-09,2025-08-11,10049.8,81.7,721.8,Rain-fed,85.81,Female,47
2739,Western,Rice,1.83,2025-05-29,2025-09-18,8135.1,204.5,463.2,Sprinkler,72.9,Male,57
2740,Nyanza,Maize,8.67,2025-02-17,2025-07-08,10751.4,325.0,1140.4,Rain-fed,93.54,Male,42
2741,Rift Valley,Wheat,12.45,2025-02-02,2025-04-19,8312.9,93.5,1010.7,Sprinkler,47.06,Male,43
2742,Nyanza,Maize,6.38,2025-06-05,2025-09-06,7576.4,493.1,992.8,Drip,23.44,Female,25
2743,Central,Beans,14.37,2025-04-20,2025-06-27,6190.4,330.3,122.8,Rain-fed,63.13,Male,21
2744,Eastern,Beans,3.82,2025-06-13,2025-10-16,9866.1,444.7,530.7,Flood,119.89,Male,51
2745,Rift Valley,Rice,1.2,2025-03-08,2025-08-30,2426.7,100.8,677.7,Drip,98.61,Male,36
2746,Central,Rice,3.99,2025-01-02,2025-03-14,5739.3,426.0,542.7,Flood,55.42,Male,48
2747,Rift Valley,Rice,5.41,2025-03-19,2025-09-05,4319.7,357.8,268.2,Flood,30.67,Female,20
2748,Central,Beans,9.96,2025-01-06,2025-04-13,2455.8,79.8,154.9,Sprinkler,24.17,Female,51
2749,Rift Valley,Beans,11.4,2025-06-17,2025-09-04,747.4,31.5,936.1,Rain-fed,104.66,Male,61
2750,Central,Beans,1.22,2025-02-10,2025-04-20,9163.5,248.1,332.9,Flood,94.12,Female,21
2751,Western,Wheat,7.17,2025-05-08,2025-10-18,4003.9,303.9,587.9,Sprinkler,40.58,Female,35
2752,Rift Valley,Potatoes,14.0,2025-05-30,2025-11-10,4190.4,191.5,267.4,Drip,80.85,Male,49
2753,Rift Valley,Maize,19.63,2025-01-31,2025-05-17,1047.5,404.2,120.7,Drip,93.13,Female,38
2754,Western,Maize,5.09,2025-06-08,2025-09-05,4725.2,445.4,987.5,Drip,98.56,Male,37
2755,Nyanza,Wheat,16.56,2025-04-18,2025-06-24,4744.2,221.6,380.9,Sprinkler,116.16,Female,34
2756,Western,Potatoes,17.57,2025-06-24,2025-09-14,1348.3,270.5,1163.4,Flood,62.85,Female,30
2757,Eastern,Rice,15.37,2025-06-23,2025-09-13,10458.4,25.8,844.5,Drip,113.99,Female,54
2758,Eastern,Maize,15.38,2025-04-27,2025-08-26,1455.1,150.5,400.6,Drip,99.75,Male,68
2759,Eastern,Wheat,1.41,2025-03-20,2025-09-14,2753.1,150.6,732.4,Flood,69.02,Female,56
2760,Rift Valley,Rice,14.87,2025-02-07,2025-06-15,7347.9,462.4,1196.5,Drip,75.9,Male,22
2761,Nyanza,Potatoes,2.37,2025-03-08,2025-05-17,5314.0,213.2,1044.5,Flood,26.18,Female,53
2762,Rift Valley,Beans,10.78,2025-05-22,2025-10-09,9622.9,357.5,226.0,Sprinkler,109.24,Female,58
2763,Western,Beans,9.23,2025-05-14,2025-10-21,10303.4,27.5,425.1,Flood,77.66,Female,52
2764,Nyanza,Beans,7.35,2025-04-13,2025-06-17,5848.8,311.3,737.4,Sprinkler,73.5,Male,29
2765,Nyanza,Wheat,8.83,2025-06-04,2025-10-16,3820.3,126.0,327.7,Flood,37.19,Female,51
2766,Rift Valley,Beans,14.54,2025-03-03,2025-06-13,11476.8,499.9,240.5,Flood,26.53,Female,51
2767,Nyanza,Beans,14.66,2025-04-09,2025-06-20,6512.1,376.2,572.5,Flood,111.53,Female,70
2768,Western,Potatoes,6.48,2025-02-26,2025-05-28,8130.2,120.0,179.4,Drip,108.85,Female,46
2769,Eastern,Beans,9.66,2025-03-21,2025-07-09,5494.1,393.5,586.4,Sprinkler,97.19,Female,25
2770,Eastern,Rice,7.12,2025-01-21,2025-04-15,3911.6,158.1,736.1,Sprinkler,55.33,Female,45
2771,Rift Valley,Maize,4.35,2025-06-12,2025-08-30,2118.8,404.5,713.7,Drip,21.83,Female,34
2772,Western,Potatoes,7.86,2025-06-13,2025-09-03,4801.7,459.6,469.1,Sprinkler,74.93,Female,22
2773,Western,Maize,9.38,2025-04-07,2025-09-11,5213.7,226.6,722.7,Drip,30.91,Female,53
2774,Eastern,Beans,13.18,2025-02-17,2025-05-01,4033.7,180.7,613.4,Sprinkler,119.03,Female,78
2775,Central,Maize,15.59,2025-01-03,2025-06-09,6545.1,170.0,998.6,Drip,65.23,Female,68
2776,Eastern,Wheat,16.1,2025-06-29,2025-10-12,1531.8,45.9,401.7,Flood,81.66,Male,49
2777,Nyanza,Maize,7.11,2025-02-12,2025-06-04,3132.2,204.5,1075.2,Sprinkler,90.53,Female,51
2778,Rift Valley,Beans,2.33,2025-03-17,2025-06-10,11543.3,375.5,777.2,Rain-fed,70.74,Male,45
2779,Nyanza,Rice,10.28,2025-04-19,2025-07-10,6894.9,31.9,291.7,Flood,87.4,Female,77
2780,Eastern,Rice,19.18,2025-04-09,2025-09-05,2276.5,482.2,763.2,Drip,36.98,Female,22
2781,Central,Wheat,16.12,2025-01-07,2025-05-28,5472.8,163.7,209.5,Drip,111.05,Female,31
2782,Rift Valley,Wheat,10.73,2025-04-10,2025-06-14,974.0,319.4,672.1,Drip,89.16,Female,67
2783,Central,Potatoes,10.76,2025-05-02,2025-09-15,1496.8,258.5,376.2,Flood,56.87,Male,49
2784,Western,Rice,10.83,2025-02-13,2025-05-19,1262.7,180.1,517.9,Rain-fed,110.7,Male,67
2785,Nyanza,Potatoes,13.22,2025-03-06,2025-08-16,5787.4,371.8,1014.0,Flood,99.76,Male,77
2786,Nyanza,Wheat,11.01,2025-06-29,2025-10-23,6580.9,41.1,1009.3,Drip,91.15,Male,43
2787,Eastern,maiz,6.81,2025-05-16,2025-08-27,1439.1,279.2,303.9,Rain-fed,30.66,Male,44
2788,Western,Potatoes,4.25,2025-06-12,2025-09-06,8526.7,225.2,421.2,Drip,39.65,Female,48
2789,Nyanza,Maize,4.31,2025-03-18,2025-09-08,4045.2,119.5,895.3,Sprinkler,98.63,Female,69
2790,Eastern,Wheat,7.98,2025-02-12,2025-05-03,8583.7,488.5,172.3,Drip,112.71,Male,40
2791,Central,Potatoes,15.67,2025-06-26,2025-12-11,7939.0,373.2,1076.1,Drip,88.22,Male,27
2792,Central,Maize,10.47,2025-05-04,2025-10-23,9378.9,143.4,418.6,Drip,23.3,Male,36
2793,Eastern,Rice,2.69,2025-05-10,2025-09-09,867.0,306.2,411.9,Rain-fed,81.99,Male,44
2794,Rift Valley,Wheat,18.64,2025-04-19,2025-06-30,9243.4,116.5,1104.9,Flood,72.69,Female,43
2795,Eastern,Rice,16.79,2025-03-16,2025-08-30,7584.3,383.5,854.3,Sprinkler,35.32,Female,53
2796,Eastern,Maize,7.05,2025-02-17,2025-07-17,5032.5,256.9,711.2,Sprinkler,74.04,Male,40
2797,Nyanza,Beans,15.86,2025-04-21,2025-09-18,3409.3,478.9,186.7,Drip,65.13,Female,69
2798,Western,Wheat,9.52,2025-06-07,2025-11-18,6532.8,342.0,1198.1,Rain-fed,54.47,Male,72
2799,Nyanza,Beans,1.62,2025-06-25,2025-11-08,7930.9,20.2,475.9,Flood,31.5,Male,63
2800,Nyanza,Beans,11.4,2025-01-16,2025-06-28,1489.9,180.2,192.2,Rain-fed,75.82,Female,41
2801,Western,Beans,17.6,2025-06-29,2025-11-13,1911.2,166.0,660.6,Flood,25.94,Male,29
2802,Nyanza,Rice,12.07,2025-02-24,2025-07-23,11427.3,198.1,416.8,Rain-fed,50.24,Female,55
2803,Nyanza,Potatoes,14.13,2025-04-18,2025-09-09,7195.0,272.6,978.2,Rain-fed,82.81,Male,63
2804,Eastern,Rice,14.38,2025-03-24,2025-08-31,10373.8,301.4,1044.4,Sprinkler,90.97,Male,54
2805,Western,Maize,2.65,2025-01-30,2025-05-21,9629.8,363.5,206.1,Sprinkler,99.27,Female,39
2806,Central,Maize,3.42,2025-02-15,2025-07-28,3550.1,20.1,581.2,Rain-fed,95.83,Male,75
2807,Rift Valley,Maize,8.73,2025-03-16,2025-09-06,11776.2,187.9,564.5,Rain-fed,46.88,Female,31
2808,Eastern,Wheat,7.7,2025-06-18,2025-10-14,8087.7,390.6,990.0,Drip,27.04,Male,39
2809,Eastern,Rice,1.29,2025-03-26,2025-08-04,6398.4,489.3,1014.6,Sprinkler,53.13,Female,24
2810,Central,Potatoes,1.22,2025-05-14,2025-09-11,7212.3,398.4,1056.9,Flood,75.22,Male,53
2811,Nyanza,Potatoes,18.25,2025-02-17,2025-06-20,1922.9,425.8,896.7,Flood,76.24,Female,26
2812,Central,Beans,4.77,2025-03-08,2025-07-16,7561.8,281.7,436.8,Drip,37.68,Male,20
2813,Rift Valley,Maize,11.71,2025-04-02,2025-06-18,2095.8,209.9,575.1,Drip,73.51,Male,33
2814,Eastern,Maize,2.34,2025-02-04,2025-05-03,858.1,403.8,1038.7,Drip,90.88,Female,39
2815,Rift Valley,Beans,11.45,2025-05-09,2025-08-20,2494.9,309.9,550.4,Rain-fed,33.61,Female,27
2816,Western,Maize,9.91,2025-05-16,2025-09-26,6135.2,298.3,454.8,Drip,114.88,Female,65
2817,Central,Beans,18.67,2025-05-28,2025-10-23,10533.0,396.6,221.2,Flood,117.49,Male,56
2818,Eastern,Maize,3.16,2025-01-27,2025-05-09,6603.8,460.8,155.8,Rain-fed,104.43,Male,23
2819,Eastern,Beans,10.93,2025-05-12,2025-08-30,9273.2,180.8,683.2,Sprinkler,36.11,Male,25
2820,Rift Valley,Rice,13.75,2025-03-21,2025-06-06,8103.5,189.3,813.1,Flood,111.64,Female,60
2821,Western,Maize,17.77,2025-04-28,2025-10-19,6852.3,22.2,782.3,Drip,34.19,Male,41
2822,Western,Wheat,1.9,2025-05-13,2025-07-26,8117.5,98.2,714.0,Flood,97.72,Male,49
2823,Central,Rice,2.38,2025-04-19,2025-08-05,2585.2,384.3,830.8,Sprinkler,106.32,Female,40
2824,Western,Maize,12.28,2025-03-17,2025-07-16,8554.9,453.9,619.3,Drip,49.84,Female,51
2825,Rift Valley,Rice,5.34,2025-02-13,2025-06-14,5646.1,73.3,498.9,Rain-fed,92.22,Female,80
2826,Nyanza,Potatoes,15.22,2025-02-14,2025-04-18,8968.2,262.5,724.7,Rain-fed,39.86,Male,52
2827,Western,Wheat,11.0,2025-01-06,2025-05-19,2995.8,348.7,966.7,Sprinkler,20.59,Male,22
2828,Rift Valley,Rice,13.35,2025-04-16,2025-09-01,3918.9,282.3,426.8,Rain-fed,112.2,Female,74
2829,Central,Wheat,17.48,2025-06-18,2025-10-14,6064.7,401.9,872.3,Flood,44.75,Male,33
2830,Rift Valley,Maize,12.1,2025-02-15,2025-07-18,9986.0,257.0,499.3,Flood,62.98,Female,58
2831,Eastern,Beans,2.33,2025-05-14,2025-09-05,2546.2,274.6,653.6,Flood,46.16,Female,78
2832,Nyanza,Maize,1.54,2025-03-27,2025-05-27,10872.9,280.6,316.2,Drip,71.27,Male,41
2833,Central,Rice,16.29,2025-03-23,2025-06-26,2774.9,102.6,1010.2,Sprinkler,75.83,Male,38
2834,Rift Valley,Rice,12.88,2025-01-31,2025-04-01,3404.1,130.3,135.5,Sprinkler,101.88,Female,70
2835,Western,Potatoes,3.77,2025-06-16,2025-09-30,9447.6,258.1,109.1,Drip,48.68,Male,68
2836,Nyanza,Beans,16.16,2025-05-20,2025-09-20,3040.5,385.8,998.4,Drip,82.63,Male,60
2837,Nyanza,Rice,17.79,2025-01-22,2025-07-03,9816.3,280.2,869.1,Flood,35.1,Female,38
2838,Nyanza,Wheat,17.1,2025-03-29,2025-07-17,10112.0,163.5,1198.6,Drip,117.95,Male,37
2839,Central,Maize,7.66,2025-03-31,2025-07-24,2195.3,71.4,158.5,Flood,118.13,Female,55
2840,Eastern,Wheat,5.62,2025-01-20,2025-05-21,2845.8,297.7,532.7,Sprinkler,93.79,Female,28
2841,Nyanza,Maize,5.33,2025-04-15,2025-10-02,9809.2,482.6,763.3,Drip,76.83,Female,41
2842,Eastern,Beans,17.21,2025-05-06,2025-07-16,6965.9,27.1,552.6,Sprinkler,56.29,Male,30
2843,Nyanza,Wheat,7.71,2025-02-23,2025-07-28,9252.0,480.6,272.0,Flood,78.29,Male,73
2844,Western,Maize,14.6,2025-02-01,2025-07-21,7181.8,383.6,944.2,Rain-fed,56.31,Male,22
2845,Central,Beans,8.11,2025-01-24,2025-05-07,10158.7,328.1,752.3,Flood,115.63,Female,27
2846,Western,Maize,8.11,2025-05-19,2025-11-09,7672.5,200.1,760.3,Drip,93.62,Female,58
2847,Rift Valley,Potatoes,17.38,2025-05-27,2025-09-06,3290.4,207.9,237.1,Drip,115.17,Male,67
2848,Nyanza,Beans,11.94,2025-06-08,2025-08-20,4658.2,242.9,552.1,Rain-fed,55.15,Male,22
2849,Eastern,Rice,12.93,2025-03-21,2025-07-09,5435.9,438.2,463.4,Drip,23.25,Male,68
2850,Central,Potatoes,18.3,2025-06-27,2025-12-02,1044.3,255.3,410.8,Drip,46.49,Female,28
2851,Rift Valley,Maize,6.2,2025-06-01,2025-11-12,9612.1,396.8,1159.4,Sprinkler,32.79,Male,59
2852,Western,Maize,9.34,2025-06-28,2025-09-04,7914.8,20.7,385.8,Sprinkler,57.98,Female,33
2853,Rift Valley,Beans,19.15,2025-02-27,2025-06-22,10213.9,76.8,496.7,Sprinkler,36.25,Male,45
2854,Nyanza,Rice,4.03,2025-06-27,2025-10-23,4615.4,281.4,487.2,Drip,81.79,Female,37
2855,Eastern,Wheat,13.98,2025-03-16,2025-06-12,6404.2,264.3,600.0,Sprinkler,64.71,Female,41
2856,Western,Beans,11.06,2025-03-24,2025-05-31,8428.1,172.3,1031.6,Sprinkler,107.56,Male,37
2857,Central,Rice,5.48,2025-01-19,2025-07-16,3020.7,76.6,631.6,Rain-fed,118.74,Female,30
2858,Rift Valley,Beans,17.18,2025-01-23,2025-06-01,4528.4,231.2,1156.8,Flood,89.54,Female,65
2859,Western,Rice,11.48,2025-06-19,2025-10-25,7466.6,289.9,871.1,Rain-fed,62.68,Male,80
2860,Western,Maize,3.5,2025-02-21,2025-06-22,2797.1,231.4,347.1,Rain-fed,69.87,Male,56
2861,Eastern,Wheat,12.18,2025-01-10,2025-04-22,5722.5,488.5,508.5,Drip,35.77,Female,26
2862,Central,Rice,3.17,2025-01-01,2025-03-07,7826.0,67.4,204.9,Drip,81.53,Female,76
2863,Central,Maize,15.48,2025-05-02,2025-10-14,4349.5,72.1,1142.5,Flood,109.6,Female,47
2864,Eastern,Rice,19.56,2025-06-25,2025-12-11,842.4,486.2,672.8,Rain-fed,38.54,Female,26
2865,Eastern,Beans,10.17,2025-06-21,2025-12-17,6707.5,311.9,651.8,Rain-fed,118.89,Female,77
2866,Western,Maize,16.94,2025-03-14,2025-05-26,3307.9,366.5,1033.7,Drip,43.76,Female,30
2867,Eastern,Wheat,18.5,2025-04-11,2025-07-04,998.2,25.7,277.6,Flood,108.55,Male,56
2868,Nyanza,Rice,16.57,2025-03-18,2025-09-08,2275.1,353.4,908.5,Flood,32.75,Female,48
2869,Central,Wheat,6.85,2025-04-15,2025-07-02,8715.4,201.0,739.1,Sprinkler,84.87,Male,48
2870,Nyanza,Rice,19.32,2025-05-27,2025-11-11,2057.2,380.1,696.4,Rain-fed,52.92,Male,72
2871,Nyanza,Rice,6.64,2025-01-30,2025-04-28,3323.5,438.8,125.0,Flood,98.95,Female,34
2872,Rift Valley,Potatoes,10.06,2025-05-02,2025-08-21,8130.4,225.2,772.4,Sprinkler,77.75,Female,55
2873,Western,Potatoes,5.83,2025-05-14,2025-07-29,9868.3,177.2,312.3,Drip,108.88,Male,58
2874,Nyanza,Potatoes,16.27,2025-04-02,2025-06-09,9329.1,67.0,175.5,Drip,29.33,Female,66
2875,Western,Beans,5.04,2025-03-23,2025-08-07,3755.1,255.4,358.1,Flood,53.81,Male,72
2876,Nyanza,Beans,14.99,2025-06-25,2025-12-08,4046.7,427.3,1012.3,Drip,97.15,Female,41
2877,Eastern,Maize,12.24,2025-02-05,2025-07-01,2335.6,57.6,105.0,Drip,106.12,Female,69
2878,Eastern,Beans,7.3,2025-04-12,2025-08-01,2033.9,225.6,373.1,Rain-fed,76.95,Male,69
2879,Western,Potatoes,13.26,2025-06-27,2025-10-24,1943.4,467.7,684.3,Sprinkler,110.24,Male,21
2880,Rift Valley,Rice,15.26,2025-05-30,2025-11-09,10780.8,294.6,894.9,Sprinkler,38.67,Male,47
2881,Eastern,Rice,5.36,2025-03-01,2025-05-15,5486.2,457.4,139.0,Sprinkler,87.41,Male,43
2882,Central,Wheat,8.11,2025-03-22,2025-07-18,8546.8,472.6,709.6,Rain-fed,53.7,Female,74
2883,Nyanza,Wheat,18.51,2025-06-25,2025-10-18,6540.3,257.7,510.7,Sprinkler,90.42,Male,22
2884,Rift Valley,Potatoes,10.43,2025-04-22,2025-07-06,10383.4,83.0,805.1,Rain-fed,98.64,Male,47
2885,Eastern,Wheat,11.13,2025-01-16,2025-06-13,953.9,81.1,1063.2,Sprinkler,52.73,Male,41
2886,Rift Valley,Wheat,15.15,2025-05-02,2025-10-12,3372.0,67.1,183.9,Rain-fed,55.6,Female,47
2887,Central,Maize,3.48,2025-04-10,2025-07-31,10193.1,36.1,1044.8,Drip,114.07,Female,52
2888,Eastern,Maize,4.03,2025-01-25,2025-07-04,10806.0,192.0,373.1,Sprinkler,82.33,Female,64
2889,Nyanza,Beans,9.42,2025-01-22,2025-05-05,3730.9,300.1,761.4,Sprinkler,30.5,Female,52
2890,Nyanza,Wheat,19.63,2025-04-25,2025-08-16,11046.0,47.8,979.3,Flood,79.89,Female,28
2891,Western,Maize,17.13,2025-04-27,2025-08-09,10002.4,320.7,422.3,Flood,83.73,Female,21
2892,Nyanza,Maize,7.63,2025-01-08,2025-03-14,8632.2,98.4,599.7,Drip,107.05,Male,73
2893,Rift Valley,Maize,19.22,2025-02-20,2025-05-12,6800.1,353.9,1161.8,Rain-fed,31.61,Male,43
2894,Central,Wheat,5.97,2025-02-09,2025-08-05,3673.4,253.1,955.6,Sprinkler,69.34,Male,74
2895,Central,Rice,13.98,2025-04-18,2025-09-25,5123.8,378.3,925.8,Sprinkler,23.7,Female,42
2896,Rift Valley,Potatoes,6.07,2025-06-01,2025-11-17,3268.9,249.7,723.7,Sprinkler,113.57,Female,27
2897,Central,Rice,10.52,2025-05-30,2025-10-23,8901.6,446.1,481.3,Sprinkler,62.79,Male,35
2898,Western,Potatoes,2.81,2025-04-11,2025-09-20,11040.8,50.5,179.8,Flood,105.49,Male,21
2899,Central,Wheat,14.72,2025-02-06,2025-05-15,11798.8,35.8,849.3,Flood,114.47,Male,60
2900,Western,Wheat,16.61,2025-04-28,2025-08-18,3492.3,216.3,344.1,Rain-fed,109.66,Female,20
2901,Eastern,Wheat,15.13,2025-02-08,2025-06-30,5064.1,489.9,991.0,Rain-fed,106.88,Female,20
2902,Central,Wheat,8.7,2025-01-10,2025-03-31,10746.8,332.2,924.2,Flood,106.21,Female,56
2903,Western,Wheat,18.34,2025-01-22,2025-07-21,7261.7,487.6,663.5,Drip,61.9,Female,69
2904,Western,Maize,7.27,2025-04-03,2025-07-11,1839.4,460.6,708.9,Sprinkler,115.23,Male,35
2905,Nyanza,Maize,5.48,2025-04-12,2025-09-11,10978.7,264.4,608.1,Drip,26.87,Male,78
2906,Rift Valley,Maize,4.33,2025-06-06,2025-09-11,876.9,255.6,205.4,Rain-fed,46.85,Female,66
2907,Rift Valley,Potatoes,15.78,2025-03-31,2025-08-17,8583.9,461.6,154.6,Rain-fed,45.33,Female,29
2908,Central,Wheat,13.41,2025-01-01,2025-04-14,6293.6,382.6,119.1,Sprinkler,50.92,Male,43
2909,Eastern,Rice,3.72,2025-01-09,2025-03-16,7020.4,162.7,538.7,Drip,90.06,Female,35
2910,Western,Wheat,8.01,2025-02-15,2025-06-29,11172.7,384.9,605.8,Sprinkler,115.32,Female,68
2911,Western,Potatoes,1.42,2025-04-10,2025-09-25,11230.3,134.9,1034.2,Flood,25.01,Male,35
2912,Eastern,Maize,16.81,2025-05-20,2025-07-22,8047.1,387.5,174.4,Flood,39.9,Male,30
2913,Central,Beans,12.28,2025-03-23,2025-06-25,11714.7,163.5,522.2,Flood,45.7,Male,73
2914,Nyanza,Wheat,11.01,2025-05-09,2025-10-05,3564.7,367.7,1196.1,Flood,37.24,Male,44
2915,Rift Valley,Maize,5.37,2025-01-16,2025-04-27,718.6,449.5,106.3,Drip,82.61,Male,31
2916,Eastern,Beans,9.23,2025-05-24,2025-11-18,6821.6,401.6,1025.6,Drip,84.75,Female,37
2917,Central,Beans,18.48,2025-03-24,2025-06-08,2212.8,390.7,116.1,Rain-fed,28.71,Male,35
2918,Rift Valley,Wheat,14.38,2025-04-30,2025-07-08,2330.1,329.9,728.2,Sprinkler,100.7,Male,51
2919,Nyanza,Beans,5.0,2025-06-01,2025-10-25,11917.9,491.0,800.5,Drip,91.4,Female,70
2920,Nyanza,Wheat,18.39,2025-03-03,2025-07-29,9884.1,235.9,556.8,Rain-fed,77.5,Male,21
2921,Rift Valley,Potatoes,10.48,2025-01-22,2025-06-05,1982.8,246.6,555.9,Flood,98.54,Female,63
2922,Nyanza,Rice,3.52,2025-03-18,2025-06-21,10427.2,377.9,662.4,Flood,88.21,Female,36
2923,Rift Valley,Beans,19.31,2025-03-09,2025-08-11,11949.9,182.5,712.4,Flood,117.92,Female,66
2924,Western,Rice,13.94,2025-06-26,2025-10-18,2960.9,109.9,467.9,Flood,24.0,Female,77
2925,Central,Rice,11.29,2025-01-23,2025-07-15,7903.5,452.1,459.8,Sprinkler,71.71,Female,49
2926,Nyanza,Wheat,9.13,2025-02-28,2025-05-13,1653.7,188.3,1060.9,Drip,70.74,Female,45
2927,Western,Wheat,9.15,2025-02-05,2025-04-08,4323.9,54.2,1160.0,Drip,70.06,Male,48
2928,Central,Wheat,6.18,2025-04-16,2025-09-14,4700.6,180.6,412.3,Drip,31.94,Male,35
2929,Western,Beans,1.63,2025-01-29,2025-07-12,11735.9,241.0,1106.7,Sprinkler,32.85,Male,70
2930,Rift Valley,Wheat,10.0,2025-06-18,2025-11-20,4390.5,170.1,998.6,Sprinkler,116.0,Female,20
2931,Eastern,Potatoes,6.95,2025-05-19,2025-08-19,3790.2,491.9,644.6,Drip,55.41,Male,52
2932,Nyanza,Rice,13.63,2025-05-11,2025-09-03,578.4,424.1,471.8,Sprinkler,81.34,Male,32
2933,Eastern,Wheat,10.86,2025-06-12,2025-11-02,6400.6,315.3,331.3,Rain-fed,27.38,Female,72
2934,Nyanza,Maize,2.96,2025-05-07,2025-10-24,7538.5,214.6,469.1,Sprinkler,30.26,Female,39
2935,Eastern,Wheat,6.0,2025-01-23,2025-05-03,8712.9,148.4,230.3,Drip,49.83,Female,73
2936,Eastern,Potatoes,16.79,2025-05-06,2025-09-15,11078.6,461.9,200.5,Rain-fed,41.89,Male,62
2937,Western,Rice,5.7,2025-02-23,2025-07-16,717.9,477.9,1117.9,Sprinkler,22.89,Male,70
2938,Nyanza,Potatoes,3.6,2025-06-17,2025-11-03,8658.3,377.8,740.4,Drip,72.13,Female,22
2939,Eastern,Wheat,17.19,2025-05-17,2025-11-12,9282.0,24.8,264.9,Drip,98.5,Male,30
2940,Nyanza,Beans,7.16,2025-02-07,2025-07-20,11150.0,91.3,621.7,Drip,51.17,Female,73
2941,Western,Potatoes,4.1,2025-02-03,2025-04-20,2711.0,441.3,643.4,Sprinkler,71.15,Female,20
2942,Central,Wheat,14.77,2025-04-22,2025-07-15,7903.4,338.1,1162.0,Rain-fed,27.95,Male,36
2943,Nyanza,Potatoes,4.76,2025-01-20,2025-06-30,11184.0,124.9,505.1,Rain-fed,84.51,Female,53
2944,Nyanza,Beans,12.34,2025-01-05,2025-05-30,3469.3,26.1,517.9,Sprinkler,53.52,Male,64
2945,Eastern,Rice,1.83,2025-04-08,2025-08-22,11513.6,182.6,1104.3,Drip,55.34,Female,36
2946,Rift Valley,Potatoes,15.37,2025-04-22,2025-09-21,10095.3,297.7,146.8,Flood,40.72,Female,57
2947,Eastern,Maize,19.44,2025-02-20,2025-08-02,3548.0,272.7,454.4,Rain-fed,56.47,Male,66
2948,Nyanza,Maize,16.89,2025-06-23,2025-09-08,3112.3,109.0,1185.2,Drip,93.97,Male,80
2949,Eastern,Maize,12.54,2025-06-18,2025-08-27,3488.1,328.6,478.0,Sprinkler,98.1,Male,53
2950,Eastern,Beans,19.91,2025-03-11,2025-05-20,11426.7,129.0,809.7,Flood,86.53,Female,56
2951,Rift Valley,Wheat,13.51,2025-04-26,2025-07-25,4121.4,458.6,451.8,Flood,50.25,Female,53
2952,Rift Valley,Potatoes,13.33,2025-06-07,2025-09-10,2233.9,405.9,897.1,Sprinkler,61.17,Male,40
2953,Central,Maize,9.95,2025-01-09,2025-05-25,8331.0,368.4,564.1,Sprinkler,37.5,Female,47
2954,Nyanza,Beans,16.86,2025-02-03,2025-06-09,9160.9,171.2,727.4,Drip,111.65,Male,63
2955,Rift Valley,Beans,18.43,2025-05-15,2025-08-17,4973.8,246.1,896.2,Rain-fed,43.31,Male,69
2956,Central,Rice,17.57,2025-03-17,2025-08-26,2561.1,153.5,1085.8,Rain-fed,59.59,Male,67
2957,Rift Valley,Potatoes,19.48,2025-06-17,2025-10-22,10553.1,458.3,1131.9,Drip,35.52,Female,75
2958,Nyanza,Beans,16.02,2025-02-03,2025-06-06,6199.4,180.3,807.3,Flood,110.75,Female,50
2959,Western,Wheat,4.63,2025-04-22,2025-09-21,8804.4,126.2,255.5,Flood,58.36,Female,58
2960,Rift Valley,Wheat,10.55,2025-01-09,2025-06-09,8101.1,306.7,1141.6,Flood,97.08,Female,27
2961,Rift Valley,Potatoes,19.15,2025-05-11,2025-10-02,7240.8,182.0,1079.2,Rain-fed,57.25,Male,49
2962,Eastern,Beans,8.76,2025-02-01,2025-07-16,4321.9,67.0,1052.7,Drip,112.27,Male,33
2963,Eastern,Rice,1.35,2025-04-05,2025-08-21,4592.6,187.7,566.0,Sprinkler,30.7,Female,32
2964,Central,Wheat,5.51,2025-04-19,2025-06-30,3099.8,466.5,1007.1,Rain-fed,97.35,Male,72
2965,Nyanza,Potatoes,14.47,2025-01-26,2025-05-18,3390.5,311.2,341.2,Flood,65.02,Male,75
2966,Central,Potatoes,17.45,2025-05-29,2025-09-11,9848.2,391.2,854.4,Drip,39.14,Female,35
2967,Eastern,Maize,13.87,2025-02-15,2025-05-16,8210.8,458.6,742.0,Sprinkler,103.41,Female,49
2968,Western,Rice,7.95,2025-06-11,2025-08-13,1916.3,237.0,705.3,Flood,80.42,Male,40
2969,Nyanza,Potatoes,11.08,2025-03-07,2025-08-10,1403.9,453.4,809.4,Flood,23.97,Male,59
2970,Nyanza,Potatoes,19.09,2025-06-18,2025-09-19,10715.3,58.2,950.4,Sprinkler,111.78,Female,28
2971,Central,Maize,9.93,2025-06-04,2025-09-02,10682.0,98.9,511.4,Drip,45.12,Male,29
2972,Eastern,Potatoes,12.73,2025-06-09,2025-09-02,5688.8,463.4,640.1,Drip,108.11,Female,24
2973,Western,Rice,12.58,2025-04-13,2025-08-31,9378.2,346.7,495.2,Flood,64.09,Male,67
2974,Eastern,Wheat,8.27,2025-06-27,2025-10-21,9321.4,294.6,470.4,Flood,102.39,Female,66
2975,Rift Valley,Beans,17.31,2025-06-18,2025-11-12,10758.9,146.6,620.4,Flood,32.5,Female,58
2976,Nyanza,Rice,14.71,2025-04-20,2025-07-23,11072.6,318.1,190.6,Drip,35.1,Female,54
2977,Western,Maize,2.7,2025-01-23,2025-06-03,6474.3,117.5,251.5,Rain-fed,24.8,Male,56
2978,Nyanza,Beans,18.79,2025-04-07,2025-07-22,2725.8,167.7,692.9,Sprinkler,57.38,Male,78
2979,Western,Wheat,17.22,2025-01-27,2025-07-19,7202.0,244.8,650.5,Sprinkler,46.03,Male,71
2980,Eastern,Wheat,18.65,2025-03-26,2025-06-01,11262.3,74.9,821.0,Sprinkler,46.53,Male,79
2981,Central,Potatoes,11.26,2025-04-23,2025-10-10,10486.7,204.8,258.5,Sprinkler,26.97,Male,77
2982,Eastern,Maize,11.36,2025-03-09,2025-08-24,2466.7,212.4,332.2,Drip,99.61,Female,20
2983,Nyanza,Beans,19.81,2025-04-25,2025-07-01,6765.2,332.7,860.5,Flood,70.27,Male,58
2984,Rift Valley,maiz,19.3,2025-02-20,2025-07-07,5748.4,79.4,1173.6,Drip,41.7,Male,71
2985,Western,Potatoes,12.58,2025-03-20,2025-06-23,8960.1,403.2,1182.2,Rain-fed,37.59,Male,26
2986,Western,Maize,15.59,2025-04-25,2025-07-18,4807.8,156.4,1034.4,Drip,97.0,Female,49
2987,Central,Maize,12.03,2025-06-19,2025-12-02,6845.5,315.8,1072.8,Rain-fed,67.21,Female,31
2988,Central,Rice,6.8,2025-02-10,2025-04-22,5951.9,41.2,1051.2,Flood,57.9,Male,77
2989,Eastern,Beans,4.86,2025-06-21,2025-09-23,10199.2,460.3,928.8,Sprinkler,82.91,Male,79
2990,Rift Valley,Wheat,13.57,2025-03-06,2025-07-08,9883.8,323.3,376.4,Rain-fed,107.75,Male,79
2991,Central,maiz,6.21,2025-06-17,2025-10-26,11888.2,471.4,353.5,Sprinkler,117.06,Female,68
2992,Rift Valley,Wheat,19.62,2025-04-16,2025-07-25,1353.0,216.7,1145.9,Rain-fed,28.73,Male,75
2993,Rift Valley,Wheat,12.74,2025-02-22,2025-08-16,2460.8,250.4,399.6,Rain-fed,80.4,Male,37
2994,Rift Valley,Potatoes,15.98,2025-05-20,2025-10-18,3755.3,196.1,841.9,Flood,86.32,Male,33
2995,Central,Maize,11.14,2025-01-19,2025-06-14,6497.7,250.4,1162.8,Drip,22.67,Male,24
2996,Nyanza,Maize,17.63,2025-03-19,2025-07-04,7816.5,368.1,565.8,Drip,48.68,Male,44
2997,Nyanza,Beans,6.92,2025-03-04,2025-07-21,2624.5,415.0,875.7,Rain-fed,62.51,Female,32
2998,Rift Valley,Wheat,11.53,2025-03-11,2025-06-08,6462.2,270.9,518.8,Sprinkler,100.45,Male,62
2999,Eastern,Maize,16.51,2025-05-02,2025-08-21,11164.1,78.8,1029.8,Flood,83.69,Female,66
3000,Nyanza,Potatoes,9.04,2025-04-22,2025-09-04,1423.5,462.7,131.5,Sprinkler,74.49,Female,71
1292,Eastern,Beans,14.44,2025-05-24,2025-09-19,4235.2,63.1,947.6,Flood,71.39,Male,49
596,Nyanza,Maize,13.68,2025-01-17,2025-04-20,11421.1,283.8,173.2,Flood,117.13,Female,72
237,Nyanza,Beans,9.92,2025-01-15,2025-04-18,9194.0,30.1,954.8,Drip,62.67,Female,71
2825,Rift Valley,Rice,5.34,2025-02-13,2025-06-14,5646.1,73.3,498.9,Rain-fed,92.22,Female,80
1291,Central,Maize,6.03,2025-04-10,2025-09-27,10049.4,298.2,158.1,Drip,106.86,Female,47
1400,Western,Wheat,8.88,2025-02-09,2025-04-30,5792.2,351.5,674.5,Rain-fed,44.41,Female,66
2517,Central,Potatoes,11.42,2025-01-06,2025-04-02,5007.7,78.7,661.7,Rain-fed,71.92,Female,57
672,Rift Valley,Rice,1.5,2025-03-14,2025-07-17,6130.8,349.9,530.5,Drip,39.51,Male,59
333,Western,Potatoes,19.24,2025-01-20,2025-03-26,11137.7,143.1,124.0,Drip,107.45,Female,63
2888,Eastern,Maize,4.03,2025-01-25,2025-07-04,10806.0,192.0,373.1,Sprinkler,82.33,Female,64
1436,Rift Valley,Potatoes,15.53,2025-03-10,2025-08-18,3812.1,63.6,290.5,Rain-fed,50.19,Male,20
2500,Central,Maize,3.37,2025-03-28,2025-06-14,6518.1,324.4,786.0,Flood,63.38,Female,48
