TransactionID,Date,Branch,CustomerID,Age,Gender,AccountType,TransactionType,Channel,Amount,Balance,Region
1,2025-06-15,Mombasa,61750,59,Male,Savings,Loan Repayment,ATM,73201.21,57998.92,Coast
2,2025-01-20,Nairobi,66838,44,Male,Savings,Deposit,Branch,11916.19,565453.69,Coast
3,2025-11-19,Nakuru,18108,54,Female,Savings,Withdrawal,ATM,111377.31,133174.82,Rift Valley
4,2025-03-15,Nakuru,25439,54,Female,Savings,Deposit,Mobile,74542.27,547744.47,Central
5,2025-10-16,Nairobi,91134,31,Female,Current,Transfer,Branch,117153.82,453184.38,Western
6,2025-05-08,Mombasa,41994,23,Female,Current,Transfer,Branch,57658.76,980174.85,Central
7,2025-09-20,Eldoret,31621,66,Female,Savings,Bill Payment,Branch,7937.53,668215.86,Western
8,2025-06-24,Kisumu,87905,49,Female,Savings,Deposit,Internet,94872.26,664152.21,Central
9,2025-12-26,Kisumu,94820,54,Female,Current,Bill Payment,Internet,4610.33,461695.29,Coast
10,2025-11-09,Nairobi,74709,21,Male,Current,Withdrawal,Mobile,79639.75,916816.23,Rift Valley
11,2025-02-11,Mombasa,68875,43,Female,Savings,Bill Payment,Internet,141308.7,986467.08,Rift Valley
12,2025-04-29,Mombasa,20876,29,Male,Savings,Withdrawal,ATM,97044.05,589123.5,Western
13,2025-05-25,Nairobi,29094,44,Female,Current,Withdrawal,ATM,91383.08,870979.5,Rift Valley
14,2025-07-23,Eldoret,61658,24,Female,Current,Deposit,Mobile,13562.79,208763.19,Coast
15,2025-02-26,Kisumu,88738,21,Male,Savings,Loan Repayment,Mobile,107370.08,948948.76,Central
16,2025-02-06,Mombasa,90487,42,Male,Current,Transfer,Internet,94882.88,115353.52,Rift Valley
17,2025-08-27,Eldoret,73417,37,Male,Savings,Deposit,Internet,148096.21,478621.94,Coast
18,2025-09-22,Nairobi,36897,51,Female,Savings,Loan Repayment,ATM,151652.78,298089.69,Central
19,2025-12-23,Kisumu,77947,41,Male,Current,Withdrawal,Internet,127324.74,613228.22,Coast
20,2025-05-03,Eldoret,39719,30,Female,Current,Deposit,ATM,158043.82,472240.06,Coast
21,2025-12-21,Nakuru,55125,46,Female,Current,Deposit,Mobile,20521.21,470079.98,Western
22,2025-04-15,Eldoret,91797,75,Male,Current,Transfer,ATM,166946.3,119903.63,Rift Valley
23,2025-12-31,Mombasa,72656,74,Male,Current,Transfer,ATM,160184.63,971657.29,Rift Valley
24,2025-08-26,Eldoret,21130,64,Male,Savings,Withdrawal,ATM,30315.03,904852.1,Coast
25,2025-11-10,Nakuru,72174,60,Female,Savings,Loan Repayment,Mobile,4377.2,799357.01,Central
26,2025-09-27,Mombasa,66860,73,Male,Savings,Deposit,Internet,42634.68,501161.92,Western
27,2025-05-13,Nakuru,64920,71,Male,Savings,Transfer,Branch,132528.72,815047.03,Rift Valley
28,2025-09-14,Mombasa,79707,27,Male,Current,Withdrawal,ATM,155230.19,149802.48,Coast
29,2025-08-31,Nakuru,25772,53,Male,Current,Loan Repayment,Branch,156876.07,106109.42,Central
30,2025-05-08,Mombasa,46296,20,Male,Current,Loan Repayment,ATM,152022.63,912488.04,Rift Valley
31,2025-06-16,Nakuru,76263,56,Male,Current,Bill Payment,Branch,101599.6,247655.8,Western
32,2025-10-14,Mombasa,68658,26,Female,Savings,Bill Payment,Branch,63264.36,671155.45,Rift Valley
33,2025-02-07,Mombasa,97749,37,Male,Savings,Transfer,Mobile,50696.26,137254.6,Rift Valley
34,2025-04-23,Nairobi,62200,74,Female,Savings,Withdrawal,Mobile,141294.08,994072.61,Rift Valley
35,2025-06-23,Eldoret,35656,40,Female,Savings,Transfer,ATM,67662.14,458670.77,Central
36,2025-07-16,Kisumu,77821,57,Female,Savings,Deposit,Mobile,194342.02,104779.59,Western
37,2025-05-20,Nairobi,33796,35,Male,Current,Transfer,Branch,29958.65,919171.51,Rift Valley
38,2025-12-25,Kisumu,21725,35,Male,Savings,Bill Payment,ATM,53857.79,16831.72,Central
39,2025-05-14,Nairobi,89715,72,Male,Savings,Transfer,ATM,90809.33,339151.78,Rift Valley
40,2025-05-18,Nakuru,26937,20,Male,Savings,Withdrawal,Internet,10170.91,201768.25,Western
41,2025-11-18,Kisumu,79610,66,Male,Current,Bill Payment,Mobile,54177.42,803678.94,Western
42,2025-01-19,Nairobi,12416,64,Male,Current,Withdrawal,Branch,21345.64,818920.14,Rift Valley
43,2025-12-03,Eldoret,81553,71,Female,Current,Withdrawal,Mobile,68606.65,832286.54,Coast
44,2025-07-27,Kisumu,17128,71,Male,Savings,Deposit,Internet,86205.07,55401.09,Rift Valley
45,2025-09-17,Kisumu,88483,33,Female,Savings,Bill Payment,Mobile,31590.83,445824.61,Western
46,2025-07-06,Kisumu,81706,38,Male,Savings,Transfer,Mobile,71381.13,1068.91,Rift Valley
47,2025-02-12,Eldoret,46559,50,Male,Savings,Loan Repayment,ATM,18261.25,817044.28,Coast
48,2025-07-24,Nakuru,15461,43,Male,Current,Transfer,Mobile,16988.09,957637.18,Coast
49,2025-12-03,Nakuru,61054,66,Female,Current,Withdrawal,Internet,144858.74,643219.45,Central
50,2025-09-20,Eldoret,76262,26,Male,Savings,Deposit,ATM,8468.23,637119.88,Central
51,2025-07-12,Eldoret,83207,21,Male,Savings,Bill Payment,Internet,762.53,797697.55,Central
52,2025-12-04,Nakuru,18657,65,Female,Current,Deposit,Internet,47033.65,756441.4,Coast
53,2025-11-29,Eldoret,74742,72,Female,Savings,Bill Payment,Internet,153417.32,616974.02,Coast
54,2025-02-09,Nakuru,29323,39,Female,Current,Loan Repayment,Mobile,2592.6,60661.01,Western
55,2025-12-11,Nairobi,38533,61,Female,Current,Loan Repayment,Internet,92986.1,466339.15,Central
56,2025-10-09,Mombasa,50851,23,Female,Savings,Transfer,Branch,15385.2,506618.51,Rift Valley
57,2025-05-18,Eldoret,37503,31,Male,Savings,Withdrawal,Internet,190552.79,132605.07,Western
58,2025-02-27,Kisumu,40327,49,Female,Current,Deposit,Mobile,817.74,491696.11,Rift Valley
59,2025-07-27,Kisumu,28442,44,Female,Current,Transfer,ATM,168062.18,1741.38,Western
60,2025-07-23,Nairobi,35656,63,Male,Current,Transfer,Internet,13088.97,390161.07,Central
61,2025-07-04,Eldoret,46065,72,Male,Current,Deposit,ATM,166951.73,285623.19,Coast
62,2025-05-08,Kisumu,67178,50,Female,Savings,Transfer,Branch,176864.88,811962.27,Rift Valley
63,2025-10-11,Nakuru,36664,64,Male,Savings,Bill Payment,Branch,123021.32,138572.53,Western
64,2025-09-06,Nairobi,82103,26,Male,Current,Bill Payment,Internet,56421.03,255742.78,Western
65,2025-07-27,Mombasa,49431,48,Female,Savings,Withdrawal,Mobile,15126.6,500604.79,Rift Valley
66,2025-10-09,Mombasa,69373,39,Female,Current,Withdrawal,Mobile,48892.72,174695.09,Central
67,2025-06-13,Mombasa,58274,34,Male,Savings,Bill Payment,Branch,82835.33,524168.14,Rift Valley
68,2025-05-19,Kisumu,18134,49,Female,Current,Withdrawal,Mobile,18610.37,896790.13,Rift Valley
69,2025-07-24,Eldoret,66601,37,Male,Savings,Deposit,Branch,141931.41,895696.52,Rift Valley
70,2025-10-28,,10023,22,Female,Current,Bill Payment,Mobile,156643.13,223800.41,Coast
71,2025-09-25,Nairobi,94849,72,Female,Savings,Loan Repayment,ATM,373.07,125651.77,Central
72,2025-11-27,Kisumu,26772,58,Female,Current,Deposit,ATM,14163.35,524436.68,Coast
73,2025-07-18,Kisumu,39305,68,Male,Savings,Loan Repayment,Internet,199275.17,278603.65,Western
74,2025-11-27,Mombasa,72299,51,Male,Savings,Deposit,Branch,140960.27,307397.83,Central
75,2025-04-10,Eldoret,98403,59,Female,Savings,Transfer,Mobile,133504.27,925160.83,Coast
76,2025-09-10,Nairobi,54309,63,Female,Current,Bill Payment,Mobile,1450.02,292111.21,Central
77,2025-04-16,Eldoret,36268,37,Male,Savings,Bill Payment,Mobile,53077.89,889333.88,Central
78,2025-11-16,Eldoret,89966,29,Male,Current,Bill Payment,ATM,189757.38,146383.05,Rift Valley
79,2025-01-28,Mombasa,13097,56,Male,Current,Deposit,ATM,36902.55,449641.96,Western
80,2025-02-27,Nairobi,31709,39,Male,Savings,Loan Repayment,Branch,6475.55,664429.86,Rift Valley
81,2025-07-11,Kisumu,67990,28,Male,Savings,Deposit,Internet,16244.52,420183.16,Central
82,2025-10-15,Mombasa,59824,40,Female,Current,Deposit,ATM,141080.77,195715.83,Rift Valley
83,2025-04-09,Kisumu,57742,65,Female,Savings,Bill Payment,Mobile,162383.72,766668.0,Central
84,2025-07-12,Nairobi,70824,22,Male,Current,Withdrawal,ATM,179720.5,339069.53,Western
85,2025-06-21,Nakuru,15712,34,Female,Current,Transfer,ATM,144342.26,595568.16,Central
86,2025-01-13,Mombasa,24058,48,Female,Current,Transfer,Branch,162978.57,132707.27,Rift Valley
87,2025-04-04,Nairobi,49756,70,Male,Savings,Transfer,Internet,92210.16,783833.03,Central
88,2025-09-20,Mombasa,61338,66,Male,Savings,Bill Payment,ATM,129944.24,481689.9,Western
89,2025-03-24,Eldoret,23791,22,Female,Savings,Withdrawal,ATM,84269.95,988432.14,Rift Valley
90,2025-03-30,Mombasa,27423,44,Female,Savings,Loan Repayment,ATM,155972.14,293923.42,Western
91,2025-10-18,Kisumu,58886,34,Female,Savings,Bill Payment,Mobile,37228.71,235504.01,Western
92,2025-10-24,Mombasa,52773,22,Female,Current,Withdrawal,Mobile,129963.17,100542.45,Rift Valley
93,2025-01-19,Nairobi,10588,48,Male,Current,Transfer,ATM,175388.75,232892.68,Central
94,2025-04-08,Nakuru,86440,30,Male,Current,Loan Repayment,Mobile,89877.86,259948.22,Central
95,2025-02-24,Nakuru,91257,40,Male,Savings,Transfer,Internet,28359.76,203976.44,Western
96,2025-01-20,Nakuru,95412,31,Male,Current,Bill Payment,Internet,37110.51,312195.73,Coast
97,2025-01-17,Eldoret,81833,48,Male,Current,Deposit,Branch,132838.88,154552.17,Central
98,2025-12-01,Mombasa,62136,62,Female,Current,Transfer,Internet,83627.29,51360.68,Western
99,2025-08-01,Eldoret,12387,73,Female,Savings,Bill Payment,Branch,40813.07,5876.6,Coast
100,2025-08-05,Nairobi,21860,43,Female,Current,Withdrawal,Mobile,3065.39,551547.86,Rift Valley
101,2025-02-15,Nakuru,91552,41,Male,Savings,Transfer,Internet,32446.76,171785.3,Central
102,2025-02-25,Eldoret,74292,66,Male,Current,Withdrawal,ATM,195111.76,482736.49,Central
103,2025-11-08,Eldoret,21310,75,Male,Savings,Loan Repayment,Branch,122984.35,196112.94,Rift Valley
104,2025-04-04,Nakuru,38591,20,Female,Savings,Bill Payment,Internet,24699.04,247058.9,Coast
105,2025-01-22,Nakuru,98113,20,Female,Savings,Bill Payment,Branch,110055.36,627042.42,Western
106,2025-11-29,Eldoret,50397,55,Male,Current,Bill Payment,Internet,89413.2,438352.59,Central
107,2025-01-02,Nakuru,74159,47,Male,Current,Loan Repayment,Branch,167325.38,810529.35,Rift Valley
108,2025-02-24,Nairobi,26836,40,Female,Current,Deposit,Branch,100917.98,657095.78,Central
109,2025-11-22,Mombasa,20779,64,Female,Savings,Deposit,Branch,130583.86,784242.77,Central
110,2025-02-03,Nakuru,24363,30,Male,Current,Transfer,Mobile,137258.18,721079.3,Coast
111,2025-02-03,Kisumu,90012,66,Female,Savings,Transfer,Internet,181021.93,456402.84,Western
112,2025-09-15,Eldoret,37305,55,Female,Savings,Transfer,Internet,7462.93,182096.39,Coast
113,2025-11-22,Kisumu,99087,38,Female,Savings,Transfer,ATM,153676.32,48571.58,Western
114,2025-08-20,Nakuru,78347,55,Male,Current,Loan Repayment,Branch,147610.83,371466.22,Rift Valley
115,2025-07-08,Nakuru,29162,41,Female,Savings,Bill Payment,Mobile,35433.54,743594.72,Central
116,2025-06-01,Nakuru,43246,37,Female,Savings,Deposit,Mobile,29958.01,616052.05,Rift Valley
117,2025-08-02,Nakuru,57723,75,Male,Savings,Bill Payment,Mobile,122542.63,45583.7,Central
118,2025-01-02,Nakuru,56525,37,Male,Current,Loan Repayment,Mobile,82706.37,301154.98,Coast
119,2025-04-15,Kisumu,91779,71,Female,Savings,Withdrawal,ATM,187324.52,243588.27,Coast
120,2025-08-19,Nairobi,18345,58,Male,Current,Bill Payment,Internet,193430.37,56130.56,Western
121,2025-11-01,Nakuru,68163,56,Female,Savings,Withdrawal,ATM,8896.0,531527.4,Rift Valley
122,2025-04-06,Mombasa,30868,21,Male,Savings,Loan Repayment,Mobile,28539.08,199518.27,Rift Valley
123,2025-11-10,Mombasa,76660,37,Male,Current,Deposit,Branch,143108.18,6349.4,Rift Valley
124,2025-08-27,Nairobi,95921,46,Male,Savings,Deposit,Internet,46536.11,38817.56,Western
125,2025-12-22,Kisumu,16885,35,Female,Current,Transfer,Mobile,17175.68,507428.57,Coast
126,2025-05-14,Mombasa,36578,28,Female,Savings,Bill Payment,Internet,120286.06,379448.93,Rift Valley
127,2025-08-30,Nakuru,10836,72,Male,Current,Withdrawal,Internet,157861.56,391563.06,Central
128,2025-10-17,Mombasa,28952,20,Male,Savings,Deposit,Mobile,69038.25,141841.59,Central
129,2025-01-16,Nairobi,28140,62,Male,Savings,Deposit,ATM,171313.95,761768.64,Coast
130,2025-10-01,Nairobi,60311,24,Male,Savings,Withdrawal,ATM,6868.74,949251.46,Central
131,2025-11-20,Kisumu,72536,24,Male,Savings,Withdrawal,Internet,63895.86,423765.39,Central
132,2025-06-29,Kisumu,47040,21,Female,Current,Loan Repayment,Branch,170290.33,618275.86,Central
133,2025-07-31,Nairobi,67206,51,Male,Current,Bill Payment,ATM,107622.32,216574.26,Central
134,2025-10-22,Kisumu,32330,45,Male,Savings,Transfer,ATM,971.9,490822.99,Rift Valley
135,2025-12-22,Mombasa,74825,55,Female,Current,Loan Repayment,Mobile,56817.58,214714.34,Coast
136,2025-09-13,Mombasa,24407,58,Male,Current,Loan Repayment,ATM,125623.65,355617.06,Rift Valley
137,2025-07-22,Nairobi,65329,74,Male,Current,Withdrawal,Internet,52712.76,901215.68,Coast
138,2025-07-14,Mombasa,70412,26,Male,Current,Loan Repayment,Internet,104394.26,867998.23,Rift Valley
139,2025-12-05,Nakuru,52380,28,Female,Current,Transfer,Mobile,25298.8,462017.97,Coast
140,2025-09-17,Mombasa,45059,37,Male,Savings,Withdrawal,Internet,120618.73,348632.08,Coast
141,2025-06-17,Mombasa,43906,64,Male,Savings,Deposit,Mobile,76908.16,983832.79,Western
142,2025-06-02,Eldoret,45890,30,Male,Savings,Transfer,Mobile,177061.1,463916.35,Central
143,2025-07-24,,39157,50,Female,Current,Deposit,Mobile,51516.99,738240.39,Central
144,2025-05-05,Eldoret,85232,55,Female,Savings,Loan Repayment,Mobile,135951.34,641538.82,Rift Valley
145,2025-08-10,Kisumu,44053,58,Male,Current,Withdrawal,Branch,142658.78,629614.7,Western
146,2025-08-05,Eldoret,69663,19,Female,Savings,Transfer,ATM,77802.81,489840.16,Central
147,2025-01-20,Kisumu,81219,31,Male,Savings,Loan Repayment,Internet,20307.29,574560.5,Coast
148,2025-09-01,Nakuru,12111,58,Female,Current,Bill Payment,Branch,42096.87,684360.27,Rift Valley
149,2025-09-21,Nairobi,90478,40,Male,Current,Transfer,Branch,79996.87,13308.34,Rift Valley
150,2025-08-04,Kisumu,86044,34,Male,Savings,Transfer,Branch,187992.28,527076.45,Coast
151,2025-07-20,Eldoret,37788,28,Male,Savings,Withdrawal,Branch,128475.64,720704.74,Coast
152,2025-06-30,Eldoret,71354,36,Male,Current,Transfer,Mobile,53558.15,376148.5,Western
153,2025-08-07,Mombasa,73120,18,Female,Current,Withdrawal,Internet,64132.07,484919.21,Central
154,2025-12-04,Kisumu,30021,37,Female,Savings,Deposit,Internet,156829.28,140401.71,Western
155,2025-11-21,Nakuru,11964,60,Male,Savings,Deposit,Internet,50080.31,101511.94,Coast
156,2025-04-30,Mombasa,69239,40,Male,Savings,Bill Payment,Mobile,121941.72,688026.08,Central
157,2025-12-09,,93439,71,Female,Savings,Bill Payment,Mobile,106206.02,741911.94,Rift Valley
158,2025-12-10,Nairobi,82753,25,Female,Current,Withdrawal,Mobile,94701.04,557203.08,Rift Valley
159,2025-08-28,Mombasa,74405,33,Female,Savings,Loan Repayment,ATM,32155.45,320684.01,Rift Valley
160,2025-12-07,Kisumu,71048,41,Female,Current,Deposit,Mobile,127444.48,636126.13,Central
161,2025-01-11,Nakuru,16012,61,Female,Savings,Loan Repayment,Branch,96986.64,897561.76,Central
162,2025-04-20,Eldoret,91956,26,Female,Savings,Transfer,Internet,94959.25,525537.61,Coast
163,2025-05-26,Eldoret,54820,45,Female,Savings,Transfer,Internet,71100.19,493730.29,Western
164,2025-09-15,Kisumu,76378,40,Male,Current,Deposit,Internet,38542.52,713181.01,Coast
165,2025-10-28,Nairobi,15249,43,Female,Savings,Bill Payment,Internet,21789.25,46396.67,Rift Valley
166,2025-11-08,Nairobi,75646,52,Female,Savings,Loan Repayment,ATM,42579.03,667002.18,Rift Valley
167,2025-11-17,Mombasa,23285,60,Male,Savings,Bill Payment,ATM,182825.16,655717.44,Western
168,2025-03-13,Kisumu,83675,63,Female,Current,Withdrawal,Branch,6944.74,20392.06,Central
169,2025-09-12,Nakuru,78439,20,Male,Current,Loan Repayment,Branch,89349.69,14130.45,Rift Valley
170,2025-11-01,Nakuru,96428,27,Female,Current,Loan Repayment,ATM,16676.65,472192.52,Coast
171,2025-11-17,Nairobi,65967,18,Male,Savings,Deposit,Mobile,173922.87,128968.49,Central
172,2025-05-22,Nakuru,41754,46,Male,Savings,Transfer,Mobile,145971.38,84289.61,Rift Valley
173,2025-08-24,Kisumu,16902,63,Male,Savings,Deposit,ATM,176678.05,686639.27,Central
174,2025-07-19,Kisumu,50959,64,Male,Current,Loan Repayment,ATM,63324.27,948759.96,Rift Valley
175,2025-08-29,Mombasa,28993,69,Male,Current,Withdrawal,Branch,95444.75,778093.33,Rift Valley
176,2025-05-20,Nakuru,53763,36,Female,Savings,Loan Repayment,Internet,173924.69,725709.45,Central
177,2025-03-19,Nakuru,50448,55,Female,Savings,Bill Payment,Branch,136995.91,601782.08,Coast
178,2025-08-20,Kisumu,10220,38,Female,Current,Bill Payment,Mobile,117369.94,815986.18,Central
179,2025-05-28,Mombasa,84961,27,Female,Current,Transfer,ATM,108042.24,484762.47,Rift Valley
180,2025-04-13,Mombasa,50562,56,Male,Current,Bill Payment,Mobile,185207.2,586388.34,Central
181,2025-07-17,Eldoret,80852,23,Female,Savings,Withdrawal,Branch,115960.13,896929.1,Western
182,2025-09-02,Nakuru,87244,30,Male,Savings,Withdrawal,ATM,36220.59,701064.16,Western
183,2025-10-23,Nakuru,57040,43,Male,Savings,Deposit,Branch,74870.68,106118.27,Rift Valley
184,2025-02-11,Mombasa,51391,56,Male,Current,Transfer,ATM,18907.54,204643.78,Rift Valley
185,2025-10-28,Nakuru,37994,34,Female,Current,Deposit,Branch,153473.07,818830.74,Coast
186,2025-05-11,Nairobi,54412,30,Male,Current,Deposit,ATM,10294.4,557380.25,Rift Valley
187,2025-09-07,Nairobi,88389,58,Female,Savings,Deposit,Internet,63810.25,233207.89,Central
188,2025-12-09,Nakuru,61526,29,Female,Savings,Transfer,Mobile,198343.98,221721.86,Central
189,2025-05-12,Kisumu,17769,75,Male,Savings,Transfer,Branch,11247.99,144797.57,Central
190,2025-04-12,Kisumu,87304,55,Female,Savings,Bill Payment,Internet,74400.43,390048.11,Western
191,2025-09-04,Eldoret,32095,46,Male,Savings,Deposit,Branch,143473.62,195103.76,Central
192,2025-03-22,Mombasa,20195,57,Female,Savings,Bill Payment,ATM,185195.38,385079.14,Central
193,2025-11-18,Nairobi,69288,39,Female,Savings,Bill Payment,ATM,125673.81,142767.89,Coast
194,2025-01-30,Mombasa,69162,53,Male,Current,Withdrawal,Internet,83710.78,246756.97,Central
195,2025-05-19,Nakuru,48869,39,Male,Current,Bill Payment,ATM,63681.56,903168.23,Central
196,2025-03-20,Nakuru,17451,58,Male,Current,Transfer,ATM,51632.85,201621.83,Western
197,2025-08-10,Kisumu,41283,33,Male,Current,Transfer,Branch,179250.27,57482.37,Western
198,2025-03-15,Nairobi,67948,69,Female,Savings,Bill Payment,ATM,157934.03,943646.23,Western
199,2025-04-06,Kisumu,67049,20,Female,Savings,Transfer,Mobile,27701.09,180129.87,Coast
200,2025-12-31,Mombasa,35783,56,Male,Savings,Loan Repayment,Branch,152279.8,175317.95,Coast
201,2025-11-10,Mombasa,86406,37,Male,Savings,Deposit,Branch,168229.45,916248.08,Western
202,2025-06-21,Kisumu,93778,73,Female,Savings,Deposit,Branch,182052.17,476614.34,Western
203,2025-05-08,Mombasa,83810,71,Female,Savings,Withdrawal,Internet,115026.45,858073.15,Western
204,2025-09-24,Eldoret,77584,22,Male,Current,Withdrawal,Internet,155846.96,868091.45,Central
205,2025-05-30,Nairobi,74854,46,Male,Savings,Deposit,Mobile,193488.51,223698.99,Coast
206,2025-03-27,Nairobi,50883,34,Male,Savings,Deposit,Mobile,52357.72,837331.86,Rift Valley
207,2025-09-25,Mombasa,68223,24,Female,Savings,Withdrawal,ATM,54675.31,464845.36,Western
208,2025-02-26,Nairobi,25930,43,Male,Savings,Withdrawal,Mobile,133788.25,462054.72,Rift Valley
209,2025-03-26,Nairobi,93229,42,Female,Savings,Bill Payment,ATM,155403.74,338548.56,Coast
210,2025-06-21,Eldoret,83980,69,Female,Current,Loan Repayment,ATM,65043.46,146629.21,Western
211,2025-05-08,Eldoret,96916,58,Male,Current,Deposit,Mobile,13945.92,433040.53,Central
212,2025-04-26,Mombasa,65145,43,Female,Savings,Deposit,ATM,173134.77,620925.91,Western
213,2025-11-18,Nakuru,14689,57,Male,Current,Deposit,ATM,86794.89,950865.87,Western
214,2025-02-27,Kisumu,55554,59,Male,Savings,Deposit,Internet,16986.36,590248.16,Coast
215,2025-08-14,Nairobi,77060,26,Female,Current,Loan Repayment,Internet,54894.99,735930.85,Western
216,2025-08-21,Nakuru,84734,32,Female,Savings,Loan Repayment,Internet,92230.6,548029.75,Rift Valley
217,2025-08-29,Kisumu,14058,33,Female,Savings,Withdrawal,Branch,193924.2,396454.37,Western
218,2025-03-25,Mombasa,52461,53,Female,Current,Transfer,Internet,175686.68,216141.02,Central
219,2025-01-12,Mombasa,82237,22,Female,Current,Deposit,Branch,166882.57,354113.32,Central
220,2025-09-24,Mombasa,98822,65,Male,Current,Transfer,Internet,28151.41,202492.54,Western
221,2025-09-23,Nairobi,72290,35,Male,Current,Deposit,ATM,82142.52,549946.36,Central
222,2025-09-12,Eldoret,84967,27,Female,Current,Loan Repayment,ATM,75974.51,452283.24,Rift Valley
223,2025-05-28,Kisumu,48393,40,Female,Current,Transfer,ATM,157436.88,849566.31,Rift Valley
224,2025-07-14,Eldoret,49324,29,Female,Savings,Bill Payment,Branch,116358.32,87929.73,Western
225,2025-06-15,Nakuru,41804,38,Male,Current,Deposit,ATM,9583.67,564934.73,Rift Valley
226,2025-06-03,Nakuru,50949,52,Female,Current,Bill Payment,Branch,71606.64,594720.52,Western
227,2025-08-20,Nairobi,98667,22,Male,Savings,Bill Payment,Internet,100231.67,648536.34,Coast
228,2025-04-07,Eldoret,73794,43,Female,Current,Loan Repayment,ATM,34227.39,318077.75,Central
229,2025-06-09,Nakuru,33014,25,Female,Current,Loan Repayment,Branch,126257.14,524057.1,Coast
230,2025-09-16,Mombasa,64035,29,Male,Savings,Transfer,ATM,138378.66,10733.73,Central
231,2025-06-07,Nakuru,10512,37,Female,Savings,Loan Repayment,ATM,133654.47,196650.4,Rift Valley
232,2025-10-11,Nakuru,44867,73,Male,Savings,Bill Payment,ATM,29156.25,518423.84,Central
233,2025-01-15,Nairobi,19978,28,Female,Current,Loan Repayment,Branch,161339.35,62115.23,Central
234,2025-12-17,Nakuru,52312,27,Male,Current,Transfer,Mobile,6674.79,628698.25,Central
235,2025-06-28,Mombasa,68961,57,Female,Savings,Deposit,Mobile,178119.09,582662.12,Central
236,2025-08-14,Nairobi,91287,33,Male,Savings,Deposit,Mobile,186171.56,854715.53,Western
237,2025-01-04,Eldoret,49803,44,Female,Current,Deposit,Mobile,135488.61,674910.04,Coast
238,2025-07-31,Kisumu,62245,74,Female,Savings,Withdrawal,ATM,34776.17,358396.05,Coast
239,2025-01-04,Kisumu,61908,53,Female,Savings,Transfer,Branch,67242.48,651281.8,Central
240,2025-08-05,Kisumu,82593,33,Female,Savings,Bill Payment,Internet,68961.36,435576.44,Western
241,2025-12-07,Nairobi,54750,69,Male,Savings,Withdrawal,ATM,39339.62,544866.23,Coast
242,2025-10-12,Eldoret,71217,71,Male,Savings,Transfer,Internet,43373.58,405152.09,Coast
243,2025-06-02,Eldoret,76169,31,Male,Current,Withdrawal,Internet,119231.03,440346.77,Western
244,2025-10-01,Mombasa,62972,56,Male,Savings,Deposit,ATM,108564.31,270409.13,Rift Valley
245,2025-01-15,Nakuru,29014,37,Male,Current,Deposit,Mobile,155249.96,231564.71,Coast
246,2025-12-06,Nairobi,18923,53,Female,Current,Withdrawal,ATM,143771.89,87940.13,Western
247,2025-03-06,Eldoret,47010,40,Female,Current,Withdrawal,Internet,35361.05,366581.83,Western
248,2025-07-31,Nairobi,96384,63,Female,Savings,Bill Payment,Internet,181218.52,97697.9,Western
249,2025-02-28,Kisumu,89811,64,Male,Savings,Bill Payment,ATM,121745.08,430703.01,Western
250,2025-03-21,Eldoret,15142,53,Female,Savings,Loan Repayment,Mobile,114076.04,716634.15,Western
251,2025-08-11,Nakuru,55749,18,Male,Current,Deposit,ATM,194828.27,681069.05,Central
252,2025-06-13,Mombasa,55306,65,Male,Current,Bill Payment,Mobile,56305.02,89933.58,Rift Valley
253,2025-08-15,Kisumu,75939,65,Female,Savings,Withdrawal,Branch,134656.89,846564.11,Coast
254,2025-09-08,Mombasa,15726,62,Female,Savings,Loan Repayment,Mobile,193885.93,637516.81,Western
255,2025-05-08,Nairobi,32026,40,Female,Current,Deposit,Mobile,127337.43,137190.42,Rift Valley
256,2025-12-10,Eldoret,41178,63,Male,Savings,Loan Repayment,Branch,26707.11,640909.57,Western
257,2025-03-10,Mombasa,87011,54,Male,Current,Deposit,Branch,152127.36,169211.24,Coast
258,2025-11-03,Eldoret,63228,71,Male,Savings,Transfer,ATM,72160.11,206432.77,Central
259,2025-05-24,Kisumu,35836,25,Female,Current,Deposit,Mobile,64961.69,468659.44,Western
260,2025-05-29,Mombasa,83076,22,Male,Savings,Bill Payment,Branch,16885.96,717141.31,Western
261,2025-02-25,Eldoret,66916,49,Male,Current,Deposit,Internet,183919.37,644506.74,Western
262,2025-12-01,Mombasa,20242,26,Male,Savings,Bill Payment,Mobile,59333.44,185734.73,Coast
263,2025-02-22,Kisumu,90844,38,Female,Savings,Transfer,Internet,46122.16,136342.78,Western
264,2025-05-10,Mombasa,17565,20,Male,Current,Deposit,Mobile,98926.53,499530.1,Coast
265,2025-06-03,Nakuru,86168,58,Male,Savings,Withdrawal,Mobile,27746.21,636755.85,Rift Valley
266,2025-02-15,Nairobi,67606,48,Male,Savings,Transfer,ATM,6501.05,610740.36,Rift Valley
267,2025-03-15,Kisumu,19436,60,Male,Current,Transfer,ATM,87794.81,666104.17,Coast
268,2025-03-26,Eldoret,48763,18,Female,Current,Loan Repayment,Mobile,93820.67,542721.65,Rift Valley
269,2025-08-08,Nakuru,92014,73,Male,Current,Loan Repayment,ATM,162248.51,60008.45,Western
270,2025-11-08,Kisumu,84058,54,Female,Current,Bill Payment,Mobile,59932.44,343408.79,Central
271,2025-04-07,Mombasa,98956,65,Female,Savings,Withdrawal,Internet,111019.96,943177.87,Western
272,2025-09-29,Mombasa,84031,46,Female,Current,Deposit,Mobile,36182.28,889993.37,Central
273,2025-04-24,Kisumu,95154,24,Male,Current,Bill Payment,Mobile,110848.85,226554.39,Central
274,2025-09-20,Nakuru,84299,23,Female,Savings,Bill Payment,Mobile,172709.04,550562.82,Central
275,2025-11-17,Nakuru,23381,47,Female,Savings,Withdrawal,Branch,155018.5,136802.36,Central
276,2025-07-27,Mombasa,16189,41,Male,Savings,Loan Repayment,Mobile,91995.17,120537.65,Coast
277,2025-08-07,Nairobi,91418,73,Male,Savings,Transfer,Mobile,73459.78,841474.02,Central
278,2025-05-11,Nairobi,41365,41,Female,Current,Deposit,Internet,20019.09,548833.01,Central
279,2025-01-18,Mombasa,43371,40,Male,Current,Deposit,Branch,22803.88,20956.69,Central
280,2025-02-07,Kisumu,34283,27,Female,Current,Withdrawal,Internet,107732.88,689519.84,Western
281,2025-08-16,Nairobi,13245,39,Male,Current,Loan Repayment,Branch,174624.45,800454.34,Central
282,2025-02-08,Mombasa,91319,70,Female,Current,Withdrawal,Branch,78743.88,873020.43,Central
283,2025-07-04,Kisumu,79240,31,Female,Savings,Loan Repayment,ATM,42354.89,819179.85,Rift Valley
284,2025-06-19,Nakuru,71394,42,Female,Current,Deposit,Internet,115874.41,333779.44,Central
285,2025-05-08,Eldoret,89778,20,Male,Savings,Transfer,Branch,54740.28,500001.73,Western
286,2025-07-02,Nakuru,85173,51,Male,Savings,Loan Repayment,ATM,174489.3,774298.43,Central
287,2025-07-05,Kisumu,41200,73,Male,Savings,Transfer,Internet,147932.47,508907.04,Coast
288,2025-06-29,Nakuru,63210,39,Male,Current,Transfer,Branch,100796.28,894200.28,Coast
289,2025-06-28,Mombasa,27775,31,Male,Current,Bill Payment,Branch,79275.23,772347.74,Coast
290,2025-10-28,Nairobi,28850,37,Female,Current,Loan Repayment,Internet,14792.76,190237.19,Central
291,2025-10-27,Mombasa,49876,55,Female,Current,Transfer,Branch,144268.87,921953.71,Rift Valley
292,2025-06-13,Mombasa,46159,75,Female,Savings,Withdrawal,Internet,47456.61,20065.53,Central
293,2025-07-24,Eldoret,36259,75,Female,Savings,Withdrawal,Mobile,146804.48,963140.16,Central
294,2025-02-10,Nairobi,85429,39,Male,Savings,Withdrawal,Internet,107434.19,875442.12,Western
295,2025-01-15,Mombasa,52145,38,Male,Current,Bill Payment,Internet,34983.51,863304.91,Central
296,2025-02-14,Nakuru,53846,67,Female,Current,Transfer,Branch,174675.51,25740.94,Western
297,2025-10-16,Kisumu,17342,44,Female,Savings,Deposit,ATM,31322.68,142658.04,Central
298,2025-07-03,Kisumu,65473,40,Male,Current,Withdrawal,Internet,162709.47,477561.0,Central
299,2025-11-28,Kisumu,95411,67,Female,Current,Transfer,Internet,26459.74,9040.31,Rift Valley
300,2025-02-21,Kisumu,29738,58,Male,Current,Deposit,ATM,124963.51,122222.41,Coast
301,2025-10-12,Mombasa,43962,56,Female,Savings,Withdrawal,Mobile,105746.75,350828.15,Coast
302,2025-08-15,Eldoret,37936,58,Female,Current,Bill Payment,Mobile,64833.97,903500.65,Central
303,2025-12-04,Nairobi,18577,69,Female,Current,Deposit,Mobile,112883.8,409927.39,Rift Valley
304,2025-12-03,Mombasa,14024,34,Male,Current,Bill Payment,Mobile,46353.0,203205.27,Rift Valley
305,2025-11-26,Kisumu,49119,74,Female,Savings,Loan Repayment,Mobile,95526.5,933887.38,Western
306,2025-03-11,Kisumu,47036,23,Female,Savings,Bill Payment,Mobile,32403.38,682773.36,Rift Valley
307,2025-04-19,Nakuru,16832,74,Male,Current,Deposit,Branch,36541.21,863966.92,Western
308,2025-12-17,Nairobi,24622,27,Male,Savings,Transfer,Mobile,100575.66,351676.8,Coast
309,2025-08-26,Eldoret,21826,44,Female,Current,Transfer,ATM,117096.26,201377.97,Central
310,2025-01-20,Mombasa,76162,56,Male,Current,Deposit,ATM,9758.9,894007.45,Central
311,2025-02-26,Nairobi,73878,26,Female,Savings,Withdrawal,Mobile,137109.57,147935.85,Central
312,2025-09-29,Kisumu,75046,22,Female,Savings,Withdrawal,ATM,54667.27,177219.66,Western
313,2025-05-18,Nairobi,15661,30,Male,Current,Loan Repayment,Internet,53514.87,325711.95,Central
314,2025-12-01,Eldoret,81299,36,Female,Current,Transfer,Branch,84450.15,539996.78,Rift Valley
315,2025-03-19,Eldoret,60517,74,Female,Savings,Deposit,Mobile,121605.2,926283.5,Western
316,2025-12-22,Nakuru,59409,33,Male,Savings,Deposit,ATM,181713.33,49510.03,Western
317,2025-12-17,Eldoret,81951,60,Female,Current,Loan Repayment,ATM,94746.68,647328.11,Rift Valley
318,2025-09-19,Kisumu,87633,52,Female,Savings,Bill Payment,Internet,142463.37,393523.86,Western
319,2025-11-10,Kisumu,19436,58,Male,Current,Transfer,Branch,171555.39,347777.64,Rift Valley
320,2025-10-20,Mombasa,28623,22,Female,Savings,Loan Repayment,Mobile,162689.27,238642.21,Coast
321,2025-03-20,Eldoret,33293,58,Male,Current,Bill Payment,Internet,166440.97,817770.68,Central
322,2025-07-29,Mombasa,42962,42,Male,Current,Transfer,Internet,90615.73,88000.27,Rift Valley
323,2025-05-29,Eldoret,24653,46,Female,Savings,Loan Repayment,Mobile,1283.31,130522.46,Rift Valley
324,2025-09-24,Mombasa,91624,41,Female,Current,Transfer,ATM,111284.46,807.91,Western
325,2025-01-30,Nakuru,33387,37,Female,Current,Transfer,Mobile,53154.26,438067.82,Rift Valley
326,2025-02-15,Mombasa,26816,45,Female,Current,Deposit,Branch,75207.71,41752.49,Western
327,2025-07-28,Eldoret,94959,56,Female,Current,Withdrawal,Branch,169954.56,129473.86,Coast
328,2025-12-31,Nakuru,58805,22,Male,Current,Deposit,ATM,151232.07,379403.09,Rift Valley
329,2025-09-12,Nairobi,24130,55,Female,Current,Bill Payment,Branch,198986.55,176231.29,Central
330,2025-08-14,Eldoret,74391,26,Male,Savings,Withdrawal,Branch,108378.9,925778.51,Western
331,2025-10-11,Kisumu,60789,67,Female,Savings,Deposit,Mobile,169593.03,571025.43,Central
332,2025-02-22,Eldoret,21567,72,Male,Current,Deposit,Mobile,142240.84,482791.46,Central
333,2025-10-09,Eldoret,86538,26,Female,Savings,Withdrawal,Internet,66933.75,518219.14,Central
334,2025-04-06,Nakuru,46001,51,Female,Savings,Transfer,Branch,51079.28,858878.32,Rift Valley
335,2025-09-19,Eldoret,99268,21,Female,Current,Withdrawal,Branch,160414.21,856641.23,Western
336,2025-06-06,Mombasa,27268,21,Male,Current,Bill Payment,Branch,142003.9,141283.17,Western
337,2025-04-13,Eldoret,82892,60,Male,Current,Deposit,ATM,81844.83,564930.81,Western
338,2025-01-19,Kisumu,38795,68,Female,Current,Withdrawal,Mobile,160512.08,592092.14,Rift Valley
339,2025-07-27,Eldoret,36720,74,Male,Savings,Withdrawal,Branch,171638.95,124463.41,Coast
340,2025-02-06,Nakuru,75162,29,Male,Savings,Bill Payment,Mobile,134802.98,674958.48,Western
341,2025-04-19,Nakuru,30834,27,Male,Savings,Bill Payment,ATM,40405.3,91531.92,Central
342,2025-08-01,Mombasa,96360,71,Female,Current,Bill Payment,Mobile,173648.09,923855.65,Coast
343,2025-01-22,Mombasa,68499,36,Male,Current,Loan Repayment,Mobile,61982.37,258039.7,Coast
344,2025-03-19,Mombasa,61314,20,Female,Current,Withdrawal,Internet,44750.65,545719.64,Central
345,2025-04-12,Eldoret,29519,64,Male,Current,Transfer,Branch,22963.12,828494.86,Central
346,2025-12-03,Mombasa,95999,51,Male,Current,Bill Payment,Internet,3652.62,781458.2,Central
347,2025-04-13,Eldoret,46700,73,Female,Savings,Withdrawal,Mobile,94144.09,767773.84,Coast
348,2025-10-24,Kisumu,14247,55,Male,Savings,Transfer,Mobile,188885.76,656531.88,Central
349,2025-03-30,Kisumu,55905,46,Female,Savings,Transfer,Internet,35853.58,787726.17,Western
350,2025-02-05,Nakuru,69635,24,Male,Savings,Loan Repayment,Branch,92333.23,33727.09,Central
351,2025-07-31,Mombasa,64437,54,Female,Savings,Transfer,Mobile,71951.49,662745.83,Central
352,2025-06-19,Nairobi,94510,73,Female,Current,Withdrawal,Internet,18893.24,879061.61,Central
353,2025-03-20,Eldoret,45450,52,Male,Current,Bill Payment,Mobile,32888.95,535467.6,Western
354,2025-07-07,Mombasa,47156,43,Male,Savings,Withdrawal,Mobile,178132.74,15111.39,Central
355,2025-09-08,Nakuru,37647,62,Male,Savings,Withdrawal,Mobile,168230.67,998157.58,Rift Valley
356,2025-07-21,Nakuru,77910,25,Female,Savings,Deposit,Mobile,46860.19,595294.02,Central
357,2025-05-06,Nairobi,88535,39,Male,Savings,Withdrawal,Mobile,162947.69,342071.93,Rift Valley
358,2025-10-31,Mombasa,11411,38,Female,Current,Deposit,ATM,157743.77,148064.83,Coast
359,2025-03-19,Kisumu,28398,31,Male,Savings,Transfer,ATM,199459.03,791588.97,Rift Valley
360,2025-01-20,Eldoret,78885,67,Female,Savings,Loan Repayment,ATM,39887.88,625155.61,Western
361,2025-07-30,Nairobi,95320,63,Female,Savings,Bill Payment,Branch,27074.77,828429.03,Western
362,2025-01-28,Eldoret,99141,55,Male,Current,Bill Payment,Internet,149630.12,593594.81,Central
363,2025-02-04,Kisumu,40420,33,Male,Current,Loan Repayment,Mobile,175524.13,575003.83,Central
364,2025-07-20,Eldoret,92150,61,Female,Current,Bill Payment,ATM,45746.57,671934.19,Western
365,2025-12-06,Nakuru,65914,68,Female,Savings,Transfer,Branch,120805.57,950991.36,Rift Valley
366,2025-08-03,Eldoret,89266,37,Female,Savings,Transfer,Mobile,16711.55,393870.81,Rift Valley
367,2025-11-14,Nairobi,48290,39,Male,Current,Withdrawal,Branch,81548.16,538177.41,Coast
368,2025-03-03,Mombasa,99515,58,Male,Current,Withdrawal,Branch,54368.97,957707.03,Western
369,2025-03-27,Mombasa,56078,74,Female,Current,Bill Payment,Internet,191161.17,506753.86,Coast
370,2025-03-25,Eldoret,79100,18,Male,Savings,Deposit,Mobile,90968.69,809394.68,Western
371,2025-06-30,Nairobi,82440,65,Female,Savings,Transfer,Branch,15272.97,624017.7,Rift Valley
372,2025-05-17,Kisumu,57424,37,Female,Savings,Bill Payment,Branch,72808.14,976198.5,Central
373,2025-12-16,Nairobi,83061,42,Female,Current,Loan Repayment,Mobile,145799.41,749817.14,Central
374,2025-06-16,Eldoret,27955,18,Female,Savings,Withdrawal,ATM,199541.34,173582.68,Western
375,2025-11-18,Mombasa,48164,67,Male,Current,Loan Repayment,Branch,129794.88,804903.66,Rift Valley
376,2025-09-10,Kisumu,46369,38,Male,Current,Deposit,Internet,178754.99,200784.39,Central
377,2025-03-25,Kisumu,78224,28,Female,Savings,Loan Repayment,Internet,194298.61,777078.47,Western
378,2025-12-22,Mombasa,45697,37,Female,Savings,Loan Repayment,Internet,185616.67,403076.95,Western
379,2025-07-05,Eldoret,51894,42,Female,Current,Deposit,Mobile,185167.63,622733.67,Rift Valley
380,2025-11-23,Mombasa,51255,20,Male,Current,Loan Repayment,Branch,132305.85,848099.32,Rift Valley
381,2025-02-09,Kisumu,61333,41,Female,Current,Deposit,Internet,89986.54,11745.51,Western
382,2025-07-01,Nakuru,57160,34,Male,Savings,Loan Repayment,ATM,150771.75,678066.91,Rift Valley
383,2025-12-31,Nairobi,50232,28,Male,Savings,Bill Payment,Branch,168338.82,789745.21,Western
384,2025-07-24,Eldoret,75511,69,Female,Current,Withdrawal,Mobile,106405.19,521193.75,Western
385,2025-03-10,Mombasa,54397,61,Male,Current,Deposit,ATM,170401.71,667812.06,Rift Valley
386,2025-07-26,Mombasa,85198,64,Female,Savings,Withdrawal,Mobile,134342.88,754115.0,Central
387,2025-05-25,Nairobi,95045,42,Female,Savings,Bill Payment,Internet,142432.99,771524.48,Western
388,2025-11-08,Mombasa,39342,37,Male,Current,Loan Repayment,ATM,72007.21,699436.05,Central
389,2025-03-04,Kisumu,38625,18,Female,Savings,Bill Payment,Internet,100723.77,977271.82,Central
390,2025-01-21,Nakuru,71287,25,Female,Savings,Transfer,Internet,192947.23,530692.69,Coast
391,2025-04-22,Nakuru,37391,36,Male,Savings,Withdrawal,ATM,162174.11,268058.06,Western
392,2025-02-02,Kisumu,21733,55,Male,Current,Bill Payment,Branch,45333.64,867653.9,Central
393,2025-07-10,Nakuru,53178,60,Female,Savings,Bill Payment,Mobile,86322.62,969182.89,Rift Valley
394,2025-04-08,Kisumu,90699,30,Male,Current,Withdrawal,Internet,151935.28,76450.16,Central
395,2025-08-13,Mombasa,35786,67,Female,Savings,Loan Repayment,Internet,149555.57,948305.13,Central
396,2025-02-02,Kisumu,36953,44,Male,Current,Loan Repayment,Internet,125552.43,565376.61,Western
397,2025-07-01,Kisumu,23796,20,Male,Current,Bill Payment,ATM,160916.48,455056.2,Central
398,2025-06-25,Nairobi,30168,41,Female,Current,Deposit,Internet,158970.49,476242.36,Coast
399,2025-02-25,Nakuru,83848,34,Female,Savings,Transfer,Internet,131300.41,937515.95,Coast
400,2025-12-30,Kisumu,78024,45,Female,Savings,Bill Payment,Mobile,27749.73,111129.07,Rift Valley
401,2025-01-15,Nairobi,21278,47,Male,Savings,Loan Repayment,ATM,171717.71,338450.03,Rift Valley
402,2025-09-06,Mombasa,10961,33,Male,Current,Bill Payment,ATM,19702.05,877601.14,Coast
403,2025-08-14,Eldoret,84980,55,Female,Savings,Loan Repayment,ATM,172353.67,168973.83,Coast
404,2025-11-29,Eldoret,71828,56,Male,Savings,Bill Payment,Branch,12642.06,238601.02,Coast
405,2025-01-03,Eldoret,84197,68,Male,Savings,Withdrawal,ATM,181607.89,200132.82,Central
406,2025-01-20,Eldoret,16380,43,Male,Savings,Deposit,Branch,52664.71,153412.38,Central
407,2025-09-03,Nairobi,22658,29,Male,Savings,Loan Repayment,Internet,21248.55,786952.75,Rift Valley
408,2025-01-02,Nairobi,13894,53,Male,Savings,Deposit,Internet,91470.6,670703.58,Coast
409,2025-01-13,Mombasa,76454,69,Female,Savings,Deposit,Mobile,134378.7,983305.95,Central
410,2025-10-07,Nakuru,56206,61,Male,Savings,Withdrawal,ATM,18047.67,273998.58,Western
411,2025-06-01,Mombasa,74767,56,Female,Savings,Deposit,ATM,15091.58,113669.54,Coast
412,2025-09-24,Eldoret,69719,44,Male,Savings,Deposit,ATM,143362.49,30621.5,Coast
413,2025-08-09,Nairobi,33568,57,Female,Current,Transfer,Mobile,50604.0,300535.63,Western
414,2025-01-15,Kisumu,60107,24,Male,Current,Withdrawal,Branch,152490.08,836823.7,Western
415,2025-05-21,Mombasa,11724,44,Male,Current,Withdrawal,Internet,184188.58,328708.03,Coast
416,2025-06-25,Nairobi,79732,28,Male,Savings,Transfer,Branch,125432.74,367125.62,Central
417,2025-08-23,Mombasa,37722,51,Male,Savings,Bill Payment,ATM,129594.01,218060.0,Central
418,2025-05-14,Eldoret,25509,29,Female,Savings,Transfer,Branch,49773.1,257129.1,Central
419,2025-02-16,Mombasa,94035,34,Male,Savings,Loan Repayment,ATM,139013.8,303900.23,Central
420,2025-02-04,Nakuru,11905,22,Female,Savings,Withdrawal,ATM,144516.83,648400.02,Western
421,2025-08-19,Mombasa,23118,34,Female,Current,Bill Payment,Mobile,89041.09,728312.82,Central
422,2025-08-24,Kisumu,52295,71,Male,Savings,Bill Payment,Mobile,21404.41,208871.57,Western
423,2025-12-10,Kisumu,46392,57,Male,Savings,Deposit,ATM,31691.32,659247.56,Western
424,2025-12-05,Kisumu,33672,20,Male,Current,Deposit,ATM,76664.06,652227.84,Coast
425,2025-02-01,Nairobi,48782,18,Female,Savings,Transfer,Internet,108482.05,176328.35,Western
426,2025-05-09,Kisumu,58002,28,Male,Savings,Withdrawal,Internet,152183.39,932255.01,Central
427,2025-04-25,Mombasa,38707,66,Female,Current,Withdrawal,Branch,52657.94,7539.34,Central
428,2025-12-06,Eldoret,58411,33,Female,Savings,Bill Payment,Branch,97536.82,109880.38,Rift Valley
429,2025-02-17,Eldoret,25436,49,Female,Savings,Withdrawal,Branch,88109.16,118310.48,Central
430,2025-05-17,Kisumu,68185,48,Male,Current,Loan Repayment,ATM,14396.23,222404.84,Coast
431,2025-10-16,Nakuru,59311,25,Male,Current,Loan Repayment,ATM,48023.49,170648.85,Western
432,2025-04-19,Nairobi,20889,48,Female,Current,Bill Payment,Mobile,14979.57,453014.45,Western
433,2025-02-20,Mombasa,46782,60,Female,Savings,Deposit,Branch,96367.93,179972.78,Central
434,2025-11-18,Nakuru,13207,59,Female,Savings,Loan Repayment,Mobile,154535.48,664451.54,Coast
435,2025-11-30,Kisumu,29010,42,Female,Savings,Transfer,Mobile,139983.24,15653.56,Rift Valley
436,2025-02-11,Eldoret,38438,72,Male,Current,Bill Payment,Mobile,167869.16,304443.7,Western
437,2025-10-26,Mombasa,18681,43,Male,Savings,Deposit,Internet,189684.38,233100.82,Rift Valley
438,2025-07-11,Nakuru,74500,61,Male,Savings,Withdrawal,Branch,40461.44,999581.76,Rift Valley
439,2025-05-19,Mombasa,52176,20,Female,Savings,Transfer,Branch,133766.8,22954.74,Western
440,2025-03-24,Mombasa,10020,27,Female,Current,Bill Payment,Branch,27623.98,240439.9,Central
441,2025-05-21,Eldoret,29549,26,Male,Current,Deposit,Mobile,46938.61,167501.55,Rift Valley
442,2025-07-29,Kisumu,84733,60,Male,Savings,Transfer,Branch,19059.12,435579.34,Central
443,2025-01-09,Kisumu,19245,36,Male,Savings,Bill Payment,ATM,105923.63,848815.12,Central
444,2025-08-17,Mombasa,75482,60,Female,Savings,Bill Payment,ATM,118478.1,253348.22,Rift Valley
445,2025-04-03,Kisumu,94341,33,Female,Current,Loan Repayment,Internet,135512.09,73425.19,Central
446,2025-11-16,Eldoret,37831,61,Female,Savings,Bill Payment,Branch,68072.1,760780.72,Coast
447,2025-08-27,Kisumu,40527,45,Male,Savings,Loan Repayment,Branch,80269.62,133928.97,Coast
448,2025-07-09,Kisumu,59818,60,Female,Current,Withdrawal,Mobile,127995.61,878915.15,Central
449,2025-01-19,Nakuru,27825,74,Female,Current,Deposit,Branch,116512.32,942379.62,Western
450,2025-06-26,Eldoret,51221,29,Female,Savings,Withdrawal,Branch,74004.34,962481.61,Western
451,2025-10-09,Mombasa,93176,33,Male,Current,Transfer,Internet,32765.2,64730.95,Rift Valley
452,2025-12-07,Nakuru,15980,30,Male,Current,Loan Repayment,Internet,5908.81,798396.8,Coast
453,2025-02-13,Mombasa,10515,29,Male,Savings,Transfer,Mobile,3961.54,114227.71,Central
454,2025-04-12,Mombasa,71586,39,Male,Current,Transfer,Internet,83535.61,478842.33,Western
455,2025-06-20,Nairobi,21000,34,Male,Current,Deposit,ATM,124848.2,696627.16,Western
456,2025-03-09,Kisumu,54787,50,Female,Savings,Withdrawal,ATM,150279.22,838935.04,Rift Valley
457,2025-07-17,Kisumu,12179,32,Female,Savings,Bill Payment,ATM,13220.95,152249.85,Rift Valley
458,2025-08-28,Mombasa,91585,23,Female,Current,Withdrawal,ATM,38625.28,582494.56,Central
459,2025-11-21,Eldoret,41578,66,Female,Current,Loan Repayment,Internet,144913.25,30904.73,Central
460,2025-04-24,Nakuru,48116,31,Female,Savings,Withdrawal,Mobile,197251.0,995340.67,Western
461,2025-03-09,Mombasa,18129,32,Female,Current,Transfer,Branch,63159.47,721189.9,Central
462,2025-11-08,,21683,36,Male,Current,Loan Repayment,Mobile,30335.32,931665.84,Coast
463,2025-08-25,Nairobi,35913,38,Male,Current,Bill Payment,Internet,155108.07,106215.77,Central
464,2025-11-16,Eldoret,67317,48,Male,Current,Loan Repayment,Mobile,89980.33,852291.77,Rift Valley
465,2025-12-28,Kisumu,80121,46,Female,Savings,Deposit,Branch,17663.33,922460.68,Coast
466,2025-01-20,Nakuru,26902,22,Female,Savings,Transfer,ATM,170499.18,660527.96,Western
467,2025-08-12,Nakuru,21232,27,Female,Savings,Deposit,ATM,57677.2,767925.37,Coast
468,2025-09-29,Nairobi,19258,38,Male,Current,Withdrawal,Mobile,34819.27,764962.14,Rift Valley
469,2025-12-29,Kisumu,57504,25,Male,Current,Loan Repayment,ATM,18428.02,942954.94,Rift Valley
470,2025-08-31,Mombasa,34242,56,Female,Current,Bill Payment,Mobile,146825.14,129635.39,Coast
471,2025-09-09,Nairobi,77245,39,Male,Savings,Transfer,Branch,162847.62,695320.61,Western
472,2025-06-10,Mombasa,54774,61,Male,Current,Deposit,ATM,172625.4,574892.07,Central
473,2025-05-11,Nakuru,15158,75,Male,Current,Withdrawal,Internet,163800.26,265976.66,Western
474,2025-06-04,Kisumu,90980,40,Female,Current,Transfer,ATM,188557.21,12591.09,Rift Valley
475,2025-11-22,Nakuru,42030,70,Male,Savings,Withdrawal,Internet,50718.1,655932.26,Rift Valley
476,2025-08-12,Kisumu,27510,33,Female,Savings,Transfer,Mobile,169590.49,878841.74,Coast
477,2025-12-13,Nakuru,95518,21,Female,Current,Bill Payment,Branch,156469.07,869847.68,Coast
478,2025-06-24,Kisumu,42682,22,Male,Savings,Transfer,ATM,180617.85,25573.47,Western
479,2025-02-06,Nakuru,18868,49,Male,Savings,Bill Payment,Branch,62297.14,476648.34,Rift Valley
480,2025-06-08,Nakuru,71665,38,Female,Current,Transfer,ATM,120016.81,997773.21,Central
481,2025-09-05,Eldoret,64580,18,Male,Savings,Withdrawal,Internet,108599.28,927605.04,Central
482,2025-12-02,Nakuru,14572,47,Female,Savings,Withdrawal,Branch,199745.39,183809.83,Western
483,2025-09-21,Kisumu,23310,32,Male,Savings,Transfer,Branch,31632.42,636945.37,Central
484,2025-08-02,Mombasa,52894,37,Female,Savings,Bill Payment,ATM,133721.8,143254.67,Rift Valley
485,2025-10-15,Mombasa,34031,19,Male,Current,Deposit,ATM,41558.07,23422.81,Coast
486,2025-09-19,Eldoret,30242,53,Male,Savings,Withdrawal,Branch,160700.76,423850.54,Western
487,2025-11-06,Kisumu,40642,44,Male,Current,Deposit,ATM,154784.91,802685.58,Coast
488,2025-05-02,Nakuru,43504,32,Male,Savings,Loan Repayment,Mobile,180837.56,201997.0,Central
489,2025-08-25,Nakuru,38290,35,Female,Savings,Bill Payment,ATM,88580.83,86338.63,Central
490,2025-10-14,Eldoret,28626,38,Female,Savings,Withdrawal,Internet,81710.25,721672.6,Coast
491,2025-04-27,Mombasa,63756,40,Female,Current,Transfer,Mobile,127035.42,445538.37,Coast
492,2025-04-09,Nakuru,51391,25,Female,Savings,Bill Payment,Branch,168001.8,768699.5,Rift Valley
493,2025-08-31,Kisumu,71790,51,Male,Current,Loan Repayment,Mobile,100084.71,232914.43,Western
494,2025-12-26,Eldoret,19125,43,Male,Current,Bill Payment,Internet,70462.87,690701.38,Rift Valley
495,2025-11-27,Mombasa,70986,73,Male,Savings,Bill Payment,Internet,101830.12,712256.48,Rift Valley
496,2025-08-10,Nakuru,49088,28,Male,Savings,Transfer,Branch,158224.2,590024.92,Coast
497,2025-06-24,Mombasa,82009,53,Female,Savings,Transfer,ATM,27283.22,904424.45,Central
498,2025-11-12,Kisumu,72864,46,Female,Current,Transfer,ATM,70032.88,531969.66,Western
499,2025-11-24,Eldoret,25237,39,Female,Current,Loan Repayment,Internet,3449.84,800015.05,Central
500,2025-07-05,Nakuru,11572,35,Female,Current,Bill Payment,Mobile,187864.15,377259.54,Central
501,2025-04-09,Mombasa,17795,65,Male,Savings,Transfer,Mobile,43932.84,436624.75,Central
502,2025-02-24,Mombasa,82206,53,Male,Savings,Bill Payment,Mobile,8069.15,496866.15,Rift Valley
503,2025-08-05,Nairobi,92518,73,Male,Savings,Transfer,ATM,16912.81,160449.84,Central
504,2025-01-12,Kisumu,92588,28,Male,Current,Withdrawal,ATM,36266.73,609258.59,Coast
505,2025-07-04,Nairobi,66945,38,Female,Current,Transfer,Branch,46605.77,974609.39,Coast
506,2025-03-26,Mombasa,29954,68,Female,Savings,Bill Payment,ATM,156659.0,547328.24,Central
507,2025-08-20,Eldoret,13016,56,Female,Current,Loan Repayment,Mobile,171896.89,914835.42,Coast
508,2025-09-12,Mombasa,60241,28,Male,Savings,Transfer,Branch,141143.24,189052.35,Rift Valley
509,2025-12-06,Eldoret,53746,48,Male,Current,Bill Payment,Mobile,53862.73,903781.55,Central
510,2025-10-24,Kisumu,51716,59,Female,Current,Withdrawal,Branch,190415.88,858458.01,Central
511,2025-09-09,Nairobi,29540,45,Male,Current,Transfer,Branch,141032.51,4369.51,Coast
512,2025-02-22,Eldoret,46259,74,Male,Current,Bill Payment,Internet,16363.42,448906.21,Western
513,2025-02-19,Nairobi,74730,71,Female,Savings,Deposit,Internet,55652.23,370512.92,Rift Valley
514,2025-10-20,Kisumu,69797,59,Female,Current,Bill Payment,ATM,9361.45,836176.78,Western
515,2025-01-28,Nakuru,80903,65,Male,Current,Bill Payment,Mobile,52016.65,506382.93,Rift Valley
516,2025-09-02,Nairobi,21388,23,Male,Savings,Bill Payment,Branch,175227.23,80502.07,Western
517,2025-06-25,Nakuru,34288,26,Male,Savings,Loan Repayment,Internet,67334.81,163794.52,Coast
518,2025-08-31,Mombasa,42792,34,Male,Savings,Withdrawal,Internet,194215.2,771166.38,Rift Valley
519,2025-09-30,Nakuru,68136,31,Male,Current,Bill Payment,Internet,136430.89,744725.98,Coast
520,2025-12-01,Eldoret,73028,70,Male,Current,Withdrawal,ATM,110867.74,405143.71,Coast
521,2025-03-12,Eldoret,71547,49,Female,Current,Deposit,Branch,152399.65,589380.15,Coast
522,2025-06-25,Nairobi,58192,42,Male,Savings,Bill Payment,Internet,193366.46,385036.8,Coast
523,2025-06-10,Nairobi,51659,31,Female,Savings,Transfer,Branch,125933.11,563022.28,Western
524,2025-09-04,Mombasa,81202,73,Male,Current,Withdrawal,Mobile,60126.22,969241.16,Coast
525,2025-12-30,Nakuru,18438,44,Male,Savings,Loan Repayment,ATM,41233.1,507463.62,Central
526,2025-05-02,Nairobi,99684,36,Male,Savings,Loan Repayment,ATM,53386.63,974919.71,Central
527,2025-05-24,Kisumu,84511,62,Male,Current,Transfer,Mobile,2712.42,202729.14,Coast
528,2025-04-25,Nairobi,37599,25,Female,Current,Bill Payment,Branch,198531.9,26888.05,Rift Valley
529,2025-02-26,Kisumu,77423,27,Female,Current,Deposit,ATM,198788.48,993581.26,Rift Valley
530,2025-03-24,Kisumu,57903,53,Male,Current,Transfer,Internet,108750.33,162572.15,Coast
531,2025-03-18,Nairobi,87140,68,Male,Savings,Transfer,ATM,112136.79,412698.21,Central
532,2025-01-30,Mombasa,65399,26,Male,Savings,Withdrawal,Internet,48370.97,92583.2,Rift Valley
533,2025-10-29,Eldoret,66276,39,Female,Savings,Withdrawal,ATM,90579.9,503091.41,Central
534,2025-11-06,Mombasa,35980,22,Female,Savings,Transfer,ATM,67829.66,78839.51,Western
535,2025-02-07,Nakuru,68576,33,Male,Savings,Transfer,Branch,64925.95,909908.56,Rift Valley
536,2025-03-26,Nakuru,15952,49,Male,Savings,Deposit,Internet,101428.04,335344.57,Central
537,2025-09-24,Mombasa,76930,43,Male,Savings,Withdrawal,Branch,51865.99,453865.4,Coast
538,2025-08-28,Nairobi,39193,60,Female,Savings,Withdrawal,Branch,17653.29,687436.85,Western
539,2025-06-21,Mombasa,44893,60,Female,Savings,Deposit,Branch,83373.91,844575.34,Central
540,2025-03-21,Nairobi,19234,21,Male,Current,Deposit,Branch,100509.9,488442.88,Coast
541,2025-02-20,Eldoret,83756,69,Female,Current,Deposit,Branch,25470.94,67112.31,Rift Valley
542,2025-03-07,Nairobi,34227,55,Male,Savings,Deposit,Internet,48080.89,220996.89,Western
543,2025-06-28,Mombasa,58066,44,Female,Savings,Bill Payment,Branch,36012.13,132023.67,Rift Valley
544,2025-05-01,Mombasa,96380,73,Female,Savings,Deposit,Branch,18482.43,220997.57,Coast
545,2025-01-22,Kisumu,21037,73,Female,Current,Loan Repayment,Branch,193872.94,644102.63,Coast
546,2025-06-09,Nakuru,36760,48,Female,Savings,Transfer,Internet,102148.3,588043.92,Coast
547,2025-11-14,Kisumu,96445,50,Male,Savings,Bill Payment,Branch,132865.04,185436.87,Western
548,2025-05-22,Nairobi,92363,63,Female,Current,Loan Repayment,Branch,49867.62,925605.96,Rift Valley
549,2025-10-06,Kisumu,48413,43,Male,Current,Bill Payment,Internet,146249.49,212917.59,Rift Valley
550,2025-07-03,Kisumu,69639,41,Male,Current,Withdrawal,Mobile,196667.01,432173.46,Western
551,2025-11-22,Kisumu,12196,35,Male,Current,Transfer,Branch,6569.31,961980.1,Western
552,2025-04-28,Kisumu,54160,48,Male,Savings,Bill Payment,ATM,73915.69,269858.69,Rift Valley
553,2025-01-23,Mombasa,54418,72,Female,Current,Transfer,Branch,31161.56,153913.86,Coast
554,2025-12-31,Mombasa,56166,35,Male,Savings,Transfer,ATM,170349.17,890729.35,Rift Valley
555,2025-08-06,Mombasa,29967,67,Female,Savings,Deposit,Internet,87962.28,397478.56,Western
556,2025-01-11,Eldoret,61125,29,Female,Savings,Transfer,ATM,152273.42,332953.82,Central
557,2025-11-16,Mombasa,37112,19,Male,Current,Deposit,Mobile,141658.02,848933.21,Coast
558,2025-04-30,Eldoret,86807,67,Female,Savings,Deposit,Internet,103253.9,850404.76,Central
559,2025-09-19,Eldoret,26035,33,Male,Current,Transfer,Branch,183038.35,15389.34,Coast
560,2025-03-01,Kisumu,62355,33,Female,Savings,Transfer,Mobile,75503.69,37962.88,Western
561,2025-05-18,Eldoret,72803,47,Male,Savings,Bill Payment,Branch,45643.3,624938.15,Rift Valley
562,2025-10-08,Eldoret,30945,69,Male,Current,Bill Payment,ATM,62202.61,871184.91,Central
563,2025-02-04,Nairobi,21924,29,Female,Savings,Bill Payment,Branch,101606.96,289289.47,Western
564,2025-09-22,Kisumu,32180,24,Female,Savings,Transfer,Internet,172253.03,209516.97,Rift Valley
565,2025-07-03,Kisumu,88900,57,Female,Current,Deposit,Internet,168687.34,366037.08,Western
566,2025-03-12,Kisumu,98341,72,Male,Current,Withdrawal,Branch,4630.71,898237.63,Coast
567,2025-07-25,Nairobi,31231,60,Male,Current,Transfer,Branch,51747.85,172308.79,Rift Valley
568,2025-03-26,Kisumu,17634,19,Female,Savings,Transfer,Branch,135172.11,497019.92,Rift Valley
569,2025-04-12,Nakuru,32674,22,Male,Savings,Transfer,Mobile,140457.22,770411.59,Western
570,2025-05-29,Nakuru,80019,26,Female,Savings,Withdrawal,Internet,61804.07,678627.7,Coast
571,2025-12-10,Eldoret,51910,54,Male,Current,Bill Payment,Branch,110011.42,164146.25,Central
572,2025-12-01,Nairobi,20589,57,Male,Savings,Transfer,ATM,35521.32,827875.45,Central
573,2025-01-09,Nakuru,40116,46,Male,Current,Loan Repayment,Mobile,172499.82,203037.0,Western
574,2025-11-05,Nairobi,27261,39,Female,Savings,Deposit,ATM,124867.65,120810.01,Coast
575,2025-12-26,Kisumu,98025,35,Female,Savings,Withdrawal,Branch,120622.44,970734.49,Central
576,2025-01-31,Kisumu,39839,37,Male,Current,Loan Repayment,Mobile,76432.8,542807.2,Rift Valley
577,2025-08-22,Mombasa,38895,35,Female,Savings,Withdrawal,Internet,79279.0,224075.62,Coast
578,2025-08-14,Kisumu,70489,50,Female,Current,Deposit,Internet,80300.97,159949.77,Rift Valley
579,2025-12-03,Eldoret,30487,51,Male,Current,Withdrawal,Branch,194119.48,209617.01,Coast
580,2025-12-01,Mombasa,56306,54,Male,Current,Transfer,Internet,127158.47,482399.41,Rift Valley
581,2025-10-31,Nakuru,38540,38,Female,Savings,Transfer,Internet,158645.09,137842.95,Coast
582,2025-12-25,Mombasa,48280,61,Male,Current,Bill Payment,Branch,166903.5,713430.6,Rift Valley
583,2025-04-07,Nairobi,30464,44,Male,Savings,Transfer,Mobile,128913.83,434006.35,Western
584,2025-03-18,Nairobi,33980,64,Male,Savings,Bill Payment,Mobile,87990.26,503705.33,Central
585,2025-01-09,Mombasa,68236,20,Male,Current,Withdrawal,Internet,126120.98,594491.27,Coast
586,2025-11-28,Kisumu,58712,24,Female,Savings,Withdrawal,Internet,30761.99,550683.3,Central
587,2025-01-31,Nakuru,16617,30,Male,Savings,Deposit,Internet,50610.21,86290.29,Rift Valley
588,2025-04-04,Kisumu,10023,37,Female,Savings,Transfer,Mobile,157719.04,722717.35,Central
589,2025-04-25,Nairobi,25000,39,Male,Current,Bill Payment,ATM,199160.03,209012.68,Central
590,2025-06-10,Eldoret,63968,59,Female,Savings,Transfer,Branch,14630.06,947897.32,Rift Valley
591,2025-12-13,Eldoret,86660,67,Female,Current,Withdrawal,Branch,181142.86,820844.62,Coast
592,2025-12-05,Nairobi,83362,31,Female,Savings,Loan Repayment,ATM,16062.42,368944.26,Rift Valley
593,2025-01-05,Nairobi,43931,58,Female,Savings,Withdrawal,Branch,163586.56,874745.01,Rift Valley
594,2025-12-31,Mombasa,28706,59,Female,Savings,Transfer,ATM,76450.54,720171.25,Coast
595,2025-06-22,Nairobi,26799,21,Male,Current,Deposit,Internet,61212.95,545842.08,Coast
596,2025-03-01,Nairobi,94199,22,Female,Savings,Transfer,Mobile,123272.16,636683.13,Rift Valley
597,2025-03-04,Nairobi,78521,47,Female,Current,Bill Payment,Branch,21433.28,925549.9,Rift Valley
598,2025-04-13,Kisumu,72944,59,Female,Current,Loan Repayment,Internet,166833.68,586292.45,Rift Valley
599,2025-05-15,Mombasa,30109,46,Female,Current,Transfer,Mobile,120698.43,171305.58,Coast
600,2025-05-20,Mombasa,26095,53,Male,Current,Deposit,ATM,122816.73,663463.17,Western
601,2025-10-28,Eldoret,18266,24,Male,Current,Transfer,ATM,162141.32,364100.49,Rift Valley
602,2025-02-15,Nairobi,13551,27,Male,Savings,Deposit,Mobile,120913.36,70478.54,Western
603,2025-08-02,Eldoret,43014,55,Male,Current,Deposit,ATM,108672.48,656335.34,Western
604,2025-11-02,Nairobi,24662,24,Female,Savings,Loan Repayment,Mobile,117562.76,721017.32,Western
605,2025-12-13,Eldoret,47932,29,Female,Savings,Transfer,Branch,117177.07,299072.84,Western
606,2025-11-23,Nakuru,21213,24,Female,Current,Withdrawal,Internet,23075.52,508781.36,Western
607,2025-06-07,Kisumu,42431,44,Female,Savings,Bill Payment,Branch,51511.5,814330.98,Coast
608,2025-03-11,Nakuru,94892,26,Male,Savings,Transfer,Mobile,72136.47,689847.07,Coast
609,2025-07-24,Eldoret,32806,63,Male,Current,Deposit,Mobile,95180.49,649453.31,Rift Valley
610,2025-01-23,Mombasa,61389,43,Female,Savings,Transfer,Internet,80529.49,569534.41,Rift Valley
611,2025-04-07,Eldoret,28463,50,Female,Current,Deposit,ATM,48206.88,742723.35,Coast
612,2025-07-04,Kisumu,70189,48,Female,Current,Loan Repayment,Internet,196778.05,890269.4,Coast
613,2025-10-07,Mombasa,32321,23,Male,Savings,Bill Payment,Internet,172978.93,524615.68,Coast
614,2025-10-10,Mombasa,53134,72,Female,Current,Deposit,Internet,41269.46,918969.65,Rift Valley
615,2025-04-23,Eldoret,71124,18,Female,Current,Deposit,ATM,192077.21,228424.73,Western
616,2025-05-04,Nairobi,87797,24,Female,Current,Loan Repayment,ATM,49310.36,286736.62,Central
617,2025-07-10,Nakuru,14175,74,Male,Savings,Loan Repayment,Branch,110002.31,812856.4,Coast
618,2025-10-04,Eldoret,44845,40,Female,Savings,Withdrawal,ATM,141689.29,573115.58,Western
619,2025-11-03,Eldoret,35396,69,Female,Current,Deposit,Internet,101417.56,38146.13,Western
620,2025-12-28,Kisumu,96836,35,Female,Current,Bill Payment,Branch,93471.89,566622.79,Central
621,2025-12-19,Nakuru,32971,69,Male,Savings,Withdrawal,Mobile,27234.76,493003.78,Western
622,2025-04-07,Kisumu,68408,48,Male,Savings,Deposit,Mobile,89259.9,67263.17,Central
623,2025-01-10,Eldoret,64009,50,Male,Current,Withdrawal,Mobile,155976.08,586286.96,Coast
624,2025-06-23,Kisumu,92627,49,Female,Current,Deposit,ATM,64670.19,606815.61,Rift Valley
625,2025-04-14,Mombasa,53995,18,Male,Savings,Deposit,Branch,171752.66,489882.15,Rift Valley
626,2025-07-11,Nairobi,86791,42,Female,Savings,Bill Payment,Internet,81932.3,958739.68,Rift Valley
627,2025-10-05,Nakuru,59226,24,Female,Savings,Bill Payment,ATM,99657.31,432246.83,Central
628,2025-03-01,Nakuru,71556,73,Female,Savings,Loan Repayment,Branch,133037.07,276554.63,Central
629,2025-08-31,Mombasa,56054,54,Female,Current,Deposit,Internet,125767.02,603340.36,Central
630,2025-06-19,Kisumu,81175,33,Female,Savings,Bill Payment,Branch,176562.92,634495.56,Coast
631,2025-11-16,Eldoret,49839,58,Male,Current,Deposit,Mobile,64144.79,876359.8,Central
632,2025-05-06,Nairobi,94958,28,Female,Savings,Bill Payment,Mobile,149152.82,717994.43,Western
633,2025-11-11,Nakuru,28588,69,Male,Savings,Bill Payment,Branch,190354.45,153544.6,Rift Valley
634,2025-03-31,Nakuru,47866,41,Male,Current,Bill Payment,ATM,187281.12,163171.33,Central
635,2025-07-23,Nakuru,99336,65,Male,Current,Transfer,ATM,31242.99,133795.14,Western
636,2025-10-05,Nairobi,86075,74,Male,Current,Loan Repayment,Mobile,97490.86,837080.17,Central
637,2025-04-21,Mombasa,50269,32,Male,Savings,Transfer,ATM,179677.73,181936.84,Rift Valley
638,2025-11-21,Nakuru,52962,71,Male,Savings,Transfer,Branch,136904.62,848835.13,Rift Valley
639,2025-05-22,Kisumu,89278,52,Male,Savings,Loan Repayment,Internet,177852.38,242283.86,Central
640,2025-12-11,Nairobi,36436,67,Female,Savings,Transfer,Internet,19723.53,281828.54,Rift Valley
641,2025-10-04,Mombasa,68029,24,Male,Current,Bill Payment,Mobile,32456.81,73413.42,Central
642,2025-02-16,Eldoret,20939,26,Male,Current,Deposit,Branch,125211.86,116710.8,Rift Valley
643,2025-06-24,Mombasa,41726,55,Female,Current,Bill Payment,Internet,139908.8,127220.04,Rift Valley
644,2025-02-04,Kisumu,64865,36,Female,Savings,Withdrawal,Branch,65137.23,282411.21,Rift Valley
645,2025-06-05,Eldoret,91593,23,Male,Current,Deposit,Branch,172515.95,256402.88,Western
646,2025-07-22,Nairobi,40363,50,Male,Current,Withdrawal,ATM,96289.07,382382.09,Western
647,2025-07-12,Nairobi,83019,58,Male,Current,Withdrawal,Internet,82094.9,128259.8,Western
648,2025-08-17,Eldoret,47714,73,Female,Savings,Withdrawal,Internet,128090.69,872493.19,Rift Valley
649,2025-12-30,Nairobi,45996,72,Female,Current,Withdrawal,Branch,150526.73,468447.07,Rift Valley
650,2025-04-11,Nairobi,21665,58,Male,Current,Bill Payment,Mobile,82995.09,576501.78,Rift Valley
651,2025-11-21,Eldoret,57916,42,Male,Savings,Deposit,Internet,103818.02,583222.37,Rift Valley
652,2025-07-31,Kisumu,84760,44,Male,Savings,Loan Repayment,Branch,65967.49,385513.63,Rift Valley
653,2025-08-17,Nairobi,75480,54,Male,Savings,Withdrawal,ATM,69228.67,782473.21,Coast
654,2025-05-02,Eldoret,49149,46,Female,Savings,Deposit,ATM,34644.42,207123.2,Central
655,2025-07-14,Mombasa,79154,70,Female,Current,Deposit,Mobile,110709.83,654334.18,Coast
656,2025-03-05,Nairobi,20330,49,Female,Savings,Bill Payment,Internet,74331.12,984551.97,Western
657,2025-04-06,Eldoret,33781,28,Female,Current,Withdrawal,Branch,152529.53,65144.55,Western
658,2025-07-05,Kisumu,79792,33,Male,Current,Bill Payment,Mobile,123928.59,318926.54,Central
659,2025-08-16,Eldoret,92896,64,Female,Current,Bill Payment,Mobile,114584.78,220425.88,Coast
660,2025-11-21,Kisumu,83538,66,Female,Current,Bill Payment,ATM,197306.17,9961.37,Central
661,2025-10-29,Nakuru,60891,58,Female,Current,Withdrawal,Branch,156836.49,550330.4,Coast
662,2025-09-08,Nairobi,71546,67,Male,Current,Bill Payment,ATM,139064.68,292129.45,Coast
663,2025-11-22,Eldoret,91808,60,Male,Current,Loan Repayment,Branch,119612.5,728779.84,Coast
664,2025-06-09,Eldoret,54953,19,Male,Current,Transfer,Mobile,115561.86,172955.72,Western
665,2025-03-01,Kisumu,87194,27,Male,Current,Transfer,Branch,54082.62,884075.55,Western
666,2025-12-14,Nakuru,55037,34,Male,Savings,Transfer,Mobile,64273.08,198462.75,Rift Valley
667,2025-05-15,Kisumu,13130,64,Female,Current,Deposit,Internet,27554.77,365302.94,Western
668,2025-06-25,Nairobi,76605,29,Female,Current,Deposit,Branch,99813.99,366095.54,Central
669,2025-06-25,Eldoret,91660,68,Female,Savings,Bill Payment,Branch,65982.12,134109.31,Western
670,2025-11-08,Nairobi,40870,33,Male,Savings,Withdrawal,Mobile,26235.39,680726.9,Rift Valley
671,2025-06-29,Eldoret,58951,60,Male,Savings,Withdrawal,Branch,103587.8,476178.43,Central
672,2025-12-31,Kisumu,15397,23,Female,Current,Deposit,Branch,29867.41,528245.74,Coast
673,2025-11-20,Nairobi,77750,57,Male,Current,Withdrawal,Internet,43571.26,764904.8,Rift Valley
674,2025-02-10,Eldoret,54294,68,Female,Savings,Transfer,ATM,193269.56,891012.53,Coast
675,2025-04-12,Nakuru,75879,25,Female,Savings,Loan Repayment,ATM,67469.58,149626.88,Coast
676,2025-10-14,Kisumu,57410,61,Male,Current,Deposit,ATM,59484.26,625359.44,Rift Valley
677,2025-08-30,Kisumu,54917,37,Male,Savings,Bill Payment,Mobile,15929.01,859219.51,Rift Valley
678,2025-04-07,Nairobi,97725,23,Male,Savings,Deposit,Branch,87763.75,595013.85,Western
679,2025-05-21,Nairobi,63804,54,Female,Savings,Transfer,Mobile,92315.25,207220.31,Coast
680,2025-05-05,Mombasa,13656,75,Female,Savings,Bill Payment,Branch,72435.8,897973.62,Rift Valley
681,2025-08-03,Nairobi,76327,24,Female,Savings,Bill Payment,Mobile,98646.0,491247.01,Coast
682,2025-09-20,Eldoret,27230,50,Female,Current,Transfer,ATM,47916.51,459772.98,Western
683,2025-10-19,Nairobi,77038,52,Male,Savings,Withdrawal,ATM,18546.9,231329.52,Coast
684,2025-03-05,Nairobi,64808,29,Male,Savings,Bill Payment,Branch,173913.29,656319.41,Coast
685,2025-07-28,Kisumu,92969,31,Male,Current,Bill Payment,Mobile,8583.14,555581.51,Coast
686,2025-06-21,Nairobi,37546,46,Male,Savings,Transfer,Mobile,184214.23,648280.8,Western
687,2025-10-29,Nairobi,74737,54,Female,Savings,Withdrawal,Internet,85229.36,421327.11,Rift Valley
688,2025-05-03,Nakuru,78071,41,Female,Savings,Bill Payment,Internet,74349.26,971887.58,Central
689,2025-08-14,Nairobi,52383,64,Male,Current,Bill Payment,Branch,35081.62,119917.11,Central
690,2025-05-03,Nakuru,12012,27,Male,Current,Bill Payment,Internet,181968.63,908550.75,Coast
691,2025-12-09,Mombasa,68761,34,Female,Current,Bill Payment,ATM,46782.51,798264.2,Western
692,2025-02-28,Kisumu,87823,70,Female,Savings,Deposit,Branch,146392.53,68600.66,Rift Valley
693,2025-12-07,Nakuru,72060,68,Male,Savings,Loan Repayment,ATM,84245.72,249579.32,Central
694,2025-10-28,Mombasa,67608,39,Male,Current,Deposit,Branch,122426.99,845075.01,Western
695,2025-02-03,Kisumu,89437,19,Male,Current,Bill Payment,Mobile,127668.69,342578.4,Central
696,2025-08-18,Nairobi,52210,53,Male,Savings,Transfer,Mobile,180155.37,515269.52,Western
697,2025-10-27,Kisumu,68544,68,Male,Current,Transfer,Branch,42618.18,608151.93,Coast
698,2025-08-16,Mombasa,38009,64,Female,Savings,Bill Payment,Internet,80818.49,475089.02,Rift Valley
699,2025-03-21,Kisumu,16346,45,Female,Savings,Loan Repayment,Internet,136422.4,381325.54,Western
700,2025-03-11,Mombasa,57129,62,Female,Savings,Withdrawal,Mobile,128836.64,984777.28,Western
701,2025-01-02,Eldoret,34438,22,Female,Savings,Withdrawal,ATM,164589.36,550019.17,Western
702,2025-11-03,Mombasa,48165,70,Female,Current,Deposit,ATM,114573.56,22848.8,Western
703,2025-09-28,Nairobi,92463,55,Female,Savings,Withdrawal,Branch,196345.31,753354.73,Western
704,2025-08-21,Nairobi,50014,34,Male,Current,Transfer,Internet,141877.64,746443.18,Western
705,2025-05-25,Kisumu,45713,57,Male,Savings,Deposit,ATM,122517.27,349923.88,Coast
706,2025-12-01,Eldoret,54526,35,Male,Savings,Loan Repayment,Internet,36007.0,874172.88,Central
707,2025-10-11,Mombasa,14021,33,Female,Current,Withdrawal,Branch,178815.97,468320.22,Central
708,2025-07-10,Nairobi,12419,59,Female,Savings,Deposit,ATM,156403.81,128824.34,Western
709,2025-12-19,Nairobi,76387,61,Male,Current,Withdrawal,Internet,63908.54,133794.24,Coast
710,2025-08-17,Eldoret,33642,26,Female,Current,Withdrawal,Internet,110467.01,403749.01,Central
711,2025-09-28,Kisumu,89439,47,Male,Savings,Loan Repayment,Internet,121937.51,151951.16,Western
712,2025-06-14,Eldoret,12477,52,Male,Savings,Withdrawal,Branch,159243.74,881039.04,Western
713,2025-01-29,Mombasa,45840,62,Male,Current,Transfer,Internet,130323.24,923964.31,Rift Valley
714,2025-08-24,Nairobi,54528,37,Female,Savings,Transfer,ATM,70713.18,693423.11,Rift Valley
715,2025-12-17,Kisumu,82601,53,Female,Current,Transfer,Mobile,177003.74,800904.73,Western
716,2025-11-18,Nairobi,35570,60,Female,Savings,Deposit,Internet,110840.72,539514.19,Rift Valley
717,2025-10-13,Nakuru,21795,26,Male,Savings,Withdrawal,Branch,128198.38,806705.22,Central
718,2025-05-02,Nairobi,39541,18,Male,Savings,Bill Payment,Mobile,31335.87,527480.89,Rift Valley
719,2025-09-03,Kisumu,10612,71,Male,Current,Transfer,Branch,184849.77,34834.83,Rift Valley
720,2025-03-06,Nakuru,69066,26,Female,Savings,Bill Payment,Mobile,1890.88,478083.78,Rift Valley
721,2025-07-10,Nakuru,13605,59,Female,Savings,Deposit,Branch,15360.82,569954.49,Western
722,2025-04-30,Kisumu,95838,46,Male,Current,Loan Repayment,Branch,116052.46,530310.36,Western
723,2025-09-07,Mombasa,66475,22,Female,Savings,Loan Repayment,Internet,142482.73,542257.88,Coast
724,2025-05-03,Mombasa,41493,32,Female,Savings,Bill Payment,Internet,57355.44,15193.94,Rift Valley
725,2025-06-03,Nakuru,61068,56,Female,Savings,Bill Payment,Branch,92828.2,285958.78,Central
726,2025-02-19,Eldoret,90768,38,Male,Savings,Bill Payment,Mobile,46273.52,369217.77,Central
727,2025-06-18,Nairobi,86281,40,Female,Current,Loan Repayment,ATM,189174.39,883981.86,Western
728,2025-06-18,Kisumu,28635,29,Male,Savings,Bill Payment,Internet,196770.89,936609.58,Central
729,2025-01-02,Kisumu,38269,44,Female,Current,Transfer,ATM,15099.44,533327.83,Western
730,2025-02-07,Nakuru,82847,63,Female,Current,Deposit,Internet,83335.07,944132.69,Western
731,2025-01-09,Kisumu,16467,55,Male,Savings,Loan Repayment,Branch,19102.27,920108.52,Central
732,2025-09-30,Kisumu,55663,24,Male,Savings,Bill Payment,Branch,158939.55,969798.01,Western
733,2025-09-23,Kisumu,72166,60,Female,Current,Loan Repayment,Mobile,17074.48,979448.5,Central
734,2025-03-16,Eldoret,55035,29,Female,Current,Loan Repayment,Internet,85863.28,2917.41,Central
735,2025-10-06,Mombasa,26778,34,Female,Savings,Deposit,ATM,119821.59,364508.01,Central
736,2025-01-31,Eldoret,44533,33,Male,Savings,Bill Payment,Mobile,186409.86,639436.32,Coast
737,2025-02-25,Mombasa,39223,24,Female,Savings,Transfer,Branch,63240.13,475171.08,Coast
738,2025-07-25,Eldoret,30644,38,Female,Current,Withdrawal,ATM,135932.41,96730.86,Rift Valley
739,2025-02-23,Nairobi,41513,60,Female,Savings,Deposit,Branch,94579.75,472504.13,Coast
740,2025-11-09,Eldoret,75025,29,Female,Current,Loan Repayment,ATM,179305.68,994818.6,Coast
741,2025-06-18,Kisumu,39194,56,Male,Savings,Bill Payment,Branch,100762.07,494577.76,Coast
742,2025-04-15,Mombasa,55288,71,Female,Savings,Deposit,Internet,23655.69,180248.74,Rift Valley
743,2025-11-19,Eldoret,10197,43,Male,Savings,Loan Repayment,Branch,37665.58,984220.29,Coast
744,2025-04-14,Kisumu,64212,38,Male,Current,Loan Repayment,Mobile,108421.28,263006.95,Central
745,2025-05-08,Kisumu,75613,21,Male,Current,Deposit,ATM,5005.18,961493.13,Rift Valley
746,2025-08-13,Kisumu,12168,58,Female,Savings,Loan Repayment,ATM,31622.77,833715.65,Rift Valley
747,2025-06-10,Nakuru,45009,67,Female,Savings,Transfer,Internet,178294.01,18033.91,Central
748,2025-08-15,Nairobi,78716,44,Male,Current,Deposit,ATM,53850.2,389458.68,Coast
749,2025-07-22,Mombasa,25776,61,Female,Savings,Loan Repayment,Branch,138850.12,966882.17,Coast
750,2025-09-29,Nairobi,20759,29,Male,Savings,Withdrawal,Internet,199564.67,391415.07,Central
751,2025-06-27,Eldoret,97198,26,Female,Savings,Transfer,ATM,153462.17,336565.75,Rift Valley
752,2025-04-16,Eldoret,40443,37,Male,Current,Bill Payment,Mobile,81684.39,567005.19,Central
753,2025-02-16,Nairobi,23856,37,Male,Current,Deposit,ATM,146300.33,615775.6,Coast
754,2025-01-19,Mombasa,91158,51,Male,Current,Bill Payment,Mobile,53867.98,148561.47,Western
755,2025-11-20,Eldoret,32552,46,Female,Current,Deposit,Internet,43667.97,227427.7,Western
756,2025-10-23,Nakuru,86696,68,Female,Savings,Loan Repayment,Mobile,14795.61,992571.75,Coast
757,2025-01-11,Mombasa,74769,28,Male,Current,Transfer,Branch,163867.7,483676.27,Western
758,2025-12-18,Mombasa,52497,26,Female,Current,Transfer,Internet,64882.23,19154.19,Western
759,2025-11-01,Eldoret,96849,18,Male,Savings,Bill Payment,Branch,131419.6,832648.73,Rift Valley
760,2025-03-11,Nairobi,75675,47,Male,Savings,Transfer,Mobile,123686.42,673522.56,Rift Valley
761,2025-09-29,Nairobi,96231,19,Male,Current,Deposit,ATM,34448.53,346254.88,Coast
762,2025-10-16,Eldoret,46472,30,Female,Current,Loan Repayment,ATM,134703.96,233665.62,Rift Valley
763,2025-07-30,Nairobi,65669,68,Male,Savings,Withdrawal,Internet,30097.44,661923.25,Coast
764,2025-09-26,,74698,52,Male,Savings,Withdrawal,Mobile,29476.63,76997.41,Western
765,2025-12-22,Kisumu,96001,60,Male,Savings,Deposit,ATM,5423.26,93952.48,Central
766,2025-02-23,Kisumu,41503,55,Female,Current,Transfer,Branch,113092.77,560374.97,Coast
767,2025-12-15,Nakuru,93644,20,Female,Savings,Withdrawal,Mobile,113742.78,439523.62,Coast
768,2025-08-09,Eldoret,38986,65,Male,Current,Bill Payment,Branch,141364.39,724833.4,Rift Valley
769,2025-05-16,Eldoret,15644,46,Female,Current,Loan Repayment,ATM,130739.92,163801.09,Western
770,2025-06-02,Nairobi,74150,48,Male,Savings,Withdrawal,Branch,88850.63,348142.77,Western
771,2025-09-29,Kisumu,60920,57,Male,Current,Deposit,ATM,194030.87,281293.04,Western
772,2025-06-13,,64016,49,Male,Savings,Withdrawal,Mobile,181118.62,224875.69,Western
773,2025-07-17,Mombasa,83954,46,Male,Savings,Transfer,ATM,144098.49,142880.94,Central
774,2025-06-07,Kisumu,64590,59,Female,Current,Bill Payment,Internet,40466.84,516492.12,Coast
775,2025-04-24,Eldoret,45511,29,Female,Savings,Withdrawal,Branch,159178.52,75151.76,Rift Valley
776,2025-09-16,Kisumu,19285,25,Male,Current,Bill Payment,Mobile,94387.64,891353.54,Rift Valley
777,2025-07-08,Kisumu,29749,49,Male,Savings,Withdrawal,Mobile,114806.74,863146.34,Coast
778,2025-04-25,Eldoret,44884,47,Male,Savings,Bill Payment,Internet,144551.17,726552.8,Coast
779,2025-09-18,Nakuru,47261,73,Male,Current,Loan Repayment,ATM,50109.6,636565.09,Coast
780,2025-11-26,Mombasa,90763,50,Female,Savings,Bill Payment,ATM,28265.39,718058.57,Western
781,2025-06-08,Kisumu,16758,38,Female,Savings,Withdrawal,Branch,50951.05,156143.22,Central
782,2025-03-12,Mombasa,76343,31,Female,Savings,Deposit,Internet,91315.06,517587.58,Coast
783,2025-04-06,Mombasa,46632,43,Male,Current,Deposit,ATM,150132.7,423548.22,Coast
784,2025-04-25,Nairobi,39827,33,Male,Current,Deposit,ATM,154504.03,964855.44,Western
785,2025-02-20,Nairobi,77611,26,Male,Current,Loan Repayment,Branch,167266.92,93743.61,Western
786,2025-12-20,Nairobi,25774,43,Male,Current,Deposit,Mobile,52758.33,636572.6,Central
787,2025-06-20,Kisumu,26304,58,Female,Savings,Loan Repayment,Branch,23755.35,215900.79,Coast
788,2025-01-03,Nakuru,27579,57,Male,Savings,Deposit,Mobile,52507.07,264209.29,Central
789,2025-02-18,Kisumu,41331,53,Male,Savings,Loan Repayment,Mobile,122791.55,771013.0,Central
790,2025-02-28,Nairobi,39176,29,Male,Savings,Deposit,Internet,50249.25,796355.66,Rift Valley
791,2025-07-02,Eldoret,14256,55,Male,Savings,Loan Repayment,Branch,171104.07,368515.59,Rift Valley
792,2025-08-26,Nakuru,59927,56,Female,Savings,Deposit,Internet,116581.8,12549.32,Coast
793,2025-01-11,Nakuru,44218,38,Female,Current,Deposit,Internet,22974.55,130759.82,Central
794,2025-09-30,Mombasa,60475,66,Female,Savings,Transfer,Internet,50802.72,836833.29,Western
795,2025-05-07,Kisumu,19332,55,Male,Savings,Transfer,Internet,123447.47,263181.0,Western
796,2025-03-24,Eldoret,57840,32,Male,Current,Loan Repayment,ATM,23497.32,516117.93,Central
797,2025-06-04,Nakuru,74091,49,Female,Current,Deposit,Internet,56333.5,464282.57,Rift Valley
798,2025-07-21,Nairobi,52166,40,Male,Savings,Loan Repayment,ATM,101893.22,475683.4,Coast
799,2025-03-24,Nairobi,61296,19,Female,Current,Loan Repayment,ATM,130520.83,500411.27,Central
800,2025-07-16,Eldoret,78218,71,Male,Savings,Deposit,Internet,24975.76,904715.35,Coast
801,2025-04-09,Nairobi,45213,47,Female,Current,Withdrawal,Mobile,173147.75,704588.64,Central
802,2025-03-02,Nairobi,83038,72,Female,Savings,Loan Repayment,Internet,36419.94,331944.38,Coast
803,2025-08-26,Nairobi,96060,72,Male,Savings,Deposit,ATM,157260.54,581779.09,Rift Valley
804,2025-07-04,Eldoret,20652,38,Male,Savings,Bill Payment,Internet,51190.89,299162.92,Coast
805,2025-08-24,Nakuru,46118,44,Female,Savings,Withdrawal,Mobile,59349.65,363397.14,Rift Valley
806,2025-02-04,Kisumu,72714,21,Female,Current,Deposit,ATM,19083.04,148962.21,Western
807,2025-01-25,Nakuru,66156,48,Male,Savings,Deposit,Branch,25866.61,309878.54,Central
808,2025-10-18,Nakuru,70970,49,Male,Current,Loan Repayment,ATM,135167.83,382650.52,Western
809,2025-09-18,Nairobi,95694,41,Male,Current,Withdrawal,Internet,87791.88,113836.81,Coast
810,2025-11-06,Kisumu,48649,71,Male,Current,Deposit,Branch,73939.55,555005.38,Western
811,2025-09-08,Eldoret,81473,50,Female,Savings,Deposit,Internet,14579.44,146262.2,Central
812,2025-09-12,,39228,69,Male,Current,Deposit,Internet,55388.14,514454.81,Central
813,2025-02-20,Kisumu,48093,22,Male,Current,Withdrawal,Internet,190859.74,854793.88,Central
814,2025-11-04,Mombasa,19021,61,Male,Current,Bill Payment,Internet,121739.84,526907.35,Western
815,2025-10-07,Kisumu,37701,18,Male,Current,Deposit,Mobile,179734.94,363880.31,Rift Valley
816,2025-01-08,Mombasa,85590,58,Male,Savings,Transfer,Mobile,26204.35,866077.08,Western
817,2025-03-11,Kisumu,34626,53,Female,Savings,Transfer,ATM,65153.29,858838.12,Coast
818,2025-05-29,Eldoret,80548,21,Male,Savings,Bill Payment,Internet,145753.98,578472.04,Coast
819,2025-07-03,Eldoret,57889,72,Male,Savings,Bill Payment,Branch,163815.47,552945.52,Rift Valley
820,2025-03-14,Mombasa,29177,51,Male,Current,Bill Payment,ATM,11909.61,935019.0,Coast
821,2025-12-27,Nairobi,95156,53,Male,Current,Loan Repayment,Branch,21797.3,463016.87,Rift Valley
822,2025-06-17,Eldoret,78255,72,Female,Savings,Loan Repayment,Mobile,140777.29,781074.06,Western
823,2025-04-10,Kisumu,15177,40,Female,Savings,Transfer,Branch,43037.96,536551.84,Central
824,2025-05-24,Eldoret,63952,58,Female,Current,Withdrawal,Branch,116811.99,354034.03,Rift Valley
825,2025-08-04,Nairobi,48770,25,Female,Savings,Transfer,Mobile,122622.08,886271.03,Western
826,2025-04-30,Mombasa,42210,71,Male,Current,Withdrawal,Internet,16859.05,73222.84,Rift Valley
827,2025-08-08,Nakuru,96063,52,Female,Savings,Transfer,Branch,189222.27,373455.81,Central
828,2025-02-15,Eldoret,18193,73,Female,Current,Transfer,Internet,4265.25,862981.83,Central
829,2025-12-18,Nakuru,41166,41,Female,Savings,Bill Payment,ATM,171265.59,191950.75,Western
830,2025-05-27,Nakuru,45257,57,Female,Current,Withdrawal,Branch,116260.56,667638.41,Rift Valley
831,2025-05-21,Mombasa,25975,35,Female,Current,Loan Repayment,Internet,8432.66,74320.53,Coast
832,2025-10-12,Kisumu,17434,23,Male,Current,Loan Repayment,Mobile,75356.59,512483.79,Coast
833,2025-01-25,Mombasa,38434,58,Male,Savings,Loan Repayment,ATM,196107.99,542719.61,Western
834,2025-02-27,Nakuru,71993,38,Female,Savings,Bill Payment,ATM,77325.13,709383.12,Western
835,2025-01-23,Kisumu,34516,67,Female,Savings,Loan Repayment,Mobile,108084.5,134215.03,Coast
836,2025-10-17,Nakuru,12245,42,Male,Savings,Withdrawal,ATM,198222.37,660098.56,Coast
837,2025-01-07,Eldoret,74069,73,Male,Savings,Bill Payment,ATM,43434.35,406084.84,Central
838,2025-10-28,Nakuru,70795,32,Male,Current,Withdrawal,Branch,137998.66,617533.97,Rift Valley
839,2025-10-22,Kisumu,71432,61,Male,Current,Transfer,Mobile,52380.79,907886.21,Central
840,2025-03-16,Kisumu,79588,70,Male,Current,Loan Repayment,Branch,186286.12,291594.11,Rift Valley
841,2025-12-02,Nakuru,91418,73,Male,Savings,Deposit,Mobile,92997.57,97321.1,Coast
842,2025-02-15,Nairobi,87325,32,Male,Savings,Transfer,Branch,157956.13,25753.99,Western
843,2025-09-17,Nairobi,80730,44,Female,Savings,Bill Payment,Mobile,138032.02,111528.91,Rift Valley
844,2025-11-18,Nairobi,81171,48,Female,Current,Deposit,ATM,105457.25,754180.69,Coast
845,2025-07-05,Eldoret,36480,48,Male,Current,Withdrawal,Mobile,67176.71,514198.39,Coast
846,2025-08-18,Eldoret,49604,71,Female,Current,Deposit,Branch,79895.62,877016.27,Rift Valley
847,2025-12-28,Eldoret,57413,72,Female,Savings,Withdrawal,Internet,57684.95,545770.65,Coast
848,2025-04-16,Nairobi,22033,31,Female,Savings,Deposit,Mobile,8493.7,271616.05,Western
849,2025-03-31,Kisumu,34655,75,Female,Savings,Loan Repayment,ATM,22643.9,519961.74,Central
850,2025-10-08,Eldoret,50560,53,Male,Savings,Bill Payment,Mobile,17131.27,743637.68,Coast
851,2025-02-02,Nakuru,64644,20,Female,Current,Loan Repayment,ATM,152996.31,277670.09,Rift Valley
852,2025-05-16,Eldoret,19852,51,Male,Savings,Bill Payment,Mobile,2343.03,729217.71,Western
853,2025-10-14,Nairobi,26900,30,Male,Savings,Deposit,Mobile,38792.55,263809.87,Central
854,2025-04-19,Kisumu,51134,23,Female,Savings,Transfer,Branch,147736.1,492900.02,Central
855,2025-03-29,Eldoret,18505,75,Male,Savings,Withdrawal,Mobile,64262.29,220108.71,Coast
856,2025-06-21,Nakuru,13175,38,Male,Current,Loan Repayment,Internet,17579.96,847159.02,Western
857,2025-11-20,Mombasa,63223,55,Female,Savings,Withdrawal,Internet,163101.9,829823.85,Coast
858,2025-11-20,Nakuru,44978,63,Male,Current,Deposit,Branch,102934.06,558335.94,Central
859,2025-09-19,Mombasa,44025,55,Female,Current,Withdrawal,Mobile,46397.01,894821.32,Western
860,2025-01-02,Kisumu,44947,53,Male,Savings,Loan Repayment,Branch,94071.74,761484.59,Rift Valley
861,2025-02-07,Mombasa,75239,74,Male,Current,Transfer,ATM,172055.33,881939.47,Central
862,2025-05-11,Mombasa,14099,69,Male,Current,Bill Payment,Internet,114692.6,734923.72,Rift Valley
863,2025-11-13,Eldoret,77870,50,Male,Current,Bill Payment,Mobile,169233.91,697393.87,Central
864,2025-09-19,Nakuru,33683,60,Male,Current,Transfer,Branch,41219.01,467472.02,Central
865,2025-05-27,Kisumu,69586,70,Male,Savings,Transfer,Branch,173636.15,257123.63,Rift Valley
866,2025-07-10,Nakuru,69029,60,Female,Savings,Deposit,ATM,1051.75,264596.0,Central
867,2025-02-09,Mombasa,83319,59,Male,Current,Loan Repayment,ATM,145287.01,41597.33,Central
868,2025-10-25,Mombasa,54551,32,Male,Current,Bill Payment,Mobile,27021.6,240746.62,Rift Valley
869,2025-02-10,Nairobi,82990,20,Male,Current,Withdrawal,Internet,177790.93,128731.65,Western
870,2025-10-05,Nakuru,16846,57,Female,Current,Transfer,Internet,131409.18,853194.54,Central
871,2025-04-04,Nakuru,76355,72,Male,Current,Loan Repayment,Internet,157194.36,776581.7,Central
872,2025-02-24,Eldoret,45229,54,Female,Current,Bill Payment,Mobile,107627.86,588319.4,Rift Valley
873,2025-05-25,Kisumu,46023,75,Male,Savings,Loan Repayment,ATM,183914.46,125890.27,Western
874,2025-01-09,Nakuru,51931,36,Female,Current,Deposit,Mobile,43462.62,987519.94,Western
875,2025-08-31,Nakuru,99350,66,Male,Savings,Loan Repayment,Internet,184647.44,137270.01,Central
876,2025-11-01,Nairobi,88327,69,Female,Savings,Loan Repayment,Internet,22149.52,401025.24,Rift Valley
877,2025-01-24,Nairobi,57776,32,Male,Savings,Loan Repayment,ATM,84874.65,793965.38,Western
878,2025-12-11,Eldoret,40337,43,Female,Savings,Bill Payment,Mobile,12273.1,886097.91,Coast
879,2025-10-30,Nakuru,74523,65,Female,Current,Withdrawal,Mobile,91604.0,391399.95,Coast
880,2025-04-18,Nakuru,76622,63,Male,Current,Loan Repayment,Branch,176242.59,515675.19,Central
881,2025-12-15,Eldoret,25672,65,Female,Current,Transfer,Internet,70895.03,491152.29,Western
882,2025-08-26,Mombasa,50746,41,Female,Savings,Transfer,Branch,104526.42,109854.36,Western
883,2025-12-22,Mombasa,72093,69,Female,Current,Transfer,Internet,92813.74,728192.91,Rift Valley
884,2025-09-15,Kisumu,33041,75,Female,Savings,Deposit,ATM,40204.27,340251.27,Coast
885,2025-12-07,Eldoret,74619,26,Female,Savings,Withdrawal,Internet,137205.98,328060.2,Central
886,2025-04-18,Kisumu,44591,33,Female,Savings,Deposit,ATM,109726.02,51576.95,Western
887,2025-08-05,Mombasa,91050,55,Male,Savings,Withdrawal,Mobile,50001.77,74095.65,Central
888,2025-04-19,Mombasa,32817,20,Male,Current,Withdrawal,ATM,31971.98,140515.37,Rift Valley
889,2025-11-15,Kisumu,22926,72,Male,Current,Transfer,ATM,7655.95,550093.4,Coast
890,2025-09-17,Mombasa,59381,35,Male,Savings,Withdrawal,Mobile,145151.75,38754.45,Rift Valley
891,2025-05-12,Mombasa,80574,63,Male,Savings,Transfer,ATM,94939.65,361855.93,Rift Valley
892,2025-01-05,Mombasa,84076,41,Male,Current,Loan Repayment,Branch,153790.03,489874.15,Central
893,2025-04-07,Nakuru,75044,44,Male,Current,Bill Payment,ATM,44312.73,311901.96,Coast
894,2025-12-14,Eldoret,39420,72,Male,Savings,Loan Repayment,Mobile,148915.49,781107.91,Rift Valley
895,2025-08-20,Mombasa,89859,49,Male,Current,Deposit,ATM,114122.05,404679.84,Western
896,2025-12-06,Mombasa,82403,54,Male,Savings,Loan Repayment,Mobile,38017.77,91113.2,Western
897,2025-09-07,Kisumu,93965,43,Male,Current,Deposit,ATM,191714.53,316968.36,Central
898,2025-05-25,Eldoret,97555,23,Male,Savings,Loan Repayment,Internet,105420.82,805146.49,Coast
899,2025-04-23,Eldoret,28723,63,Female,Savings,Bill Payment,Branch,147159.4,784220.62,Central
900,2025-08-03,Nairobi,12988,25,Male,Savings,Deposit,Internet,114894.88,323766.81,Coast
901,2025-01-16,Nakuru,24479,30,Male,Current,Deposit,ATM,115874.37,713902.01,Central
902,2025-11-05,Mombasa,20278,22,Male,Current,Deposit,Mobile,107962.09,357951.84,Western
903,2025-12-28,Nairobi,89184,47,Female,Current,Transfer,Branch,11248.37,393904.07,Rift Valley
904,2025-03-09,Nairobi,62317,70,Female,Current,Deposit,Branch,11800.1,730710.57,Coast
905,2025-11-12,Mombasa,12091,54,Male,Savings,Transfer,Internet,185828.51,118804.11,Central
906,2025-02-20,Kisumu,90545,71,Male,Current,Deposit,ATM,37823.64,650715.13,Western
907,2025-06-13,Mombasa,11297,23,Male,Current,Loan Repayment,Branch,35903.8,567859.84,Coast
908,2025-05-10,Mombasa,53741,66,Female,Current,Bill Payment,ATM,46947.88,570039.16,Coast
909,2025-09-02,Kisumu,82051,74,Female,Current,Bill Payment,Mobile,1096.3,894328.16,Coast
910,2025-01-22,Eldoret,93453,39,Female,Current,Loan Repayment,Mobile,196478.98,993499.39,Western
911,2025-08-03,Nakuru,29182,51,Female,Savings,Bill Payment,Internet,152438.61,921856.74,Western
912,2025-12-22,Nairobi,81938,31,Male,Current,Deposit,ATM,36210.01,980577.6,Rift Valley
913,2025-03-11,Eldoret,57445,21,Female,Savings,Loan Repayment,Mobile,46959.99,324762.92,Central
914,2025-10-07,Nakuru,23742,49,Female,Current,Deposit,Internet,81427.72,489488.43,Coast
915,2025-06-24,Mombasa,40076,68,Female,Current,Transfer,Branch,195297.87,894587.22,Rift Valley
916,2025-04-26,Nairobi,99099,49,Male,Current,Loan Repayment,Branch,111276.04,72011.35,Western
917,2025-09-23,Nakuru,31994,57,Male,Current,Withdrawal,Internet,95495.56,997001.25,Coast
918,2025-05-17,Kisumu,54067,56,Female,Savings,Withdrawal,ATM,62031.46,848141.42,Central
919,2025-04-11,Nakuru,42305,69,Male,Current,Bill Payment,Mobile,36364.24,443557.29,Rift Valley
920,2025-10-22,Nakuru,27095,24,Female,Savings,Deposit,Branch,5023.14,152001.97,Rift Valley
921,2025-04-16,Kisumu,35078,37,Female,Savings,Loan Repayment,ATM,63007.92,668588.08,Central
922,2025-01-26,Eldoret,23909,26,Male,Current,Deposit,ATM,133950.98,959202.88,Rift Valley
923,2025-06-23,Kisumu,23562,35,Female,Savings,Loan Repayment,ATM,132344.77,948864.32,Coast
924,2025-01-31,Nakuru,56863,32,Male,Savings,Loan Repayment,Internet,90340.02,124701.05,Central
925,2025-05-16,Eldoret,44383,39,Female,Current,Transfer,Branch,142128.34,229867.67,Western
926,2025-02-01,Eldoret,49059,67,Male,Savings,Deposit,Mobile,137068.76,776310.35,Western
927,2025-08-24,Nairobi,52076,59,Male,Current,Withdrawal,Branch,195698.71,651147.03,Coast
928,2025-09-27,Nakuru,48579,24,Male,Savings,Bill Payment,Branch,3558.71,129263.48,Central
929,2025-05-08,Nakuru,45525,51,Male,Savings,Loan Repayment,Branch,817.33,36169.4,Central
930,2025-07-24,Nakuru,76608,39,Male,Savings,Bill Payment,ATM,30872.58,118473.73,Western
931,2025-08-01,Eldoret,17219,51,Male,Savings,Transfer,ATM,143619.54,342080.24,Western
932,2025-07-15,Kisumu,99344,62,Male,Current,Withdrawal,Branch,76386.16,770465.32,Western
933,2025-07-21,Eldoret,90878,59,Female,Savings,Transfer,Mobile,100653.99,730503.54,Rift Valley
934,2025-01-14,Kisumu,60538,58,Male,Current,Withdrawal,Branch,63520.02,69207.07,Western
935,2025-11-29,Mombasa,32820,32,Female,Savings,Transfer,Internet,137652.01,517878.91,Western
936,2025-11-15,Nairobi,64707,60,Female,Current,Bill Payment,Internet,128553.88,20950.59,Rift Valley
937,2025-11-29,Nakuru,10722,49,Male,Current,Loan Repayment,Branch,144418.25,992795.28,Central
938,2025-04-28,Eldoret,37975,58,Female,Savings,Transfer,Internet,78249.29,620257.64,Rift Valley
939,2025-05-31,Nairobi,85771,20,Female,Savings,Bill Payment,Mobile,73168.73,378353.11,Rift Valley
940,2025-05-26,Nakuru,98391,51,Male,Savings,Deposit,ATM,87250.63,483638.18,Coast
941,2025-08-10,Mombasa,57649,47,Male,Current,Withdrawal,Branch,122137.24,883565.96,Western
942,2025-03-13,Mombasa,29871,75,Male,Savings,Loan Repayment,Internet,4672.56,736781.79,Western
943,2025-06-12,Nairobi,48327,64,Male,Current,Transfer,Internet,44564.58,808673.55,Rift Valley
944,2025-07-06,Mombasa,36083,63,Female,Current,Bill Payment,Internet,161455.22,150475.66,Rift Valley
945,2025-04-24,Nairobi,62491,34,Female,Current,Transfer,Mobile,183839.99,953375.23,Rift Valley
946,2025-04-03,Nairobi,54881,51,Female,Current,Deposit,Mobile,198625.92,307459.37,Western
947,2025-01-09,Kisumu,11145,61,Female,Current,Deposit,Mobile,166279.49,761186.91,Rift Valley
948,2025-10-15,Mombasa,65618,49,Female,Current,Loan Repayment,Branch,135897.91,894314.43,Rift Valley
949,2025-06-21,Nakuru,37577,42,Female,Savings,Deposit,Branch,190210.81,859023.68,Central
950,2025-10-07,Kisumu,77886,22,Male,Current,Bill Payment,ATM,150627.79,421166.41,Central
951,2025-04-10,Nakuru,30427,64,Male,Current,Bill Payment,Internet,157548.65,804713.28,Rift Valley
952,2025-09-07,Mombasa,33255,33,Male,Current,Loan Repayment,Internet,60219.21,677897.92,Western
953,2025-09-10,Nakuru,94320,65,Male,Current,Withdrawal,ATM,62088.07,21302.77,Central
954,2025-11-27,Mombasa,97037,42,Female,Current,Bill Payment,Branch,145370.8,831832.01,Western
955,2025-08-03,Kisumu,58038,39,Male,Current,Withdrawal,ATM,36623.03,79764.46,Western
956,2025-03-11,Eldoret,75435,68,Male,Current,Deposit,Branch,146429.94,656378.96,Central
957,2025-07-02,Nakuru,46827,29,Male,Savings,Transfer,Internet,120392.78,987015.12,Coast
958,2025-11-26,Eldoret,35729,20,Male,Current,Loan Repayment,Branch,1852.23,968544.11,Rift Valley
959,2025-06-30,Mombasa,63520,56,Male,Savings,Loan Repayment,Mobile,82491.81,573855.72,Coast
960,2025-09-03,Mombasa,50708,30,Female,Savings,Deposit,ATM,60697.0,317007.08,Coast
961,2025-08-20,Kisumu,18347,41,Male,Current,Transfer,Mobile,58322.16,424317.92,Rift Valley
962,2025-02-23,Mombasa,16298,38,Female,Savings,Transfer,Mobile,138154.82,160431.96,Rift Valley
963,2025-01-29,Nairobi,56121,74,Male,Current,Loan Repayment,Internet,102225.92,655942.19,Rift Valley
964,2025-07-23,Kisumu,63184,54,Female,Current,Transfer,Branch,174010.75,901435.24,Central
965,2025-07-01,Mombasa,95103,48,Male,Current,Deposit,Mobile,23198.0,486415.89,Coast
966,2025-05-03,Mombasa,73356,32,Female,Current,Transfer,Branch,186247.92,721413.84,Rift Valley
967,2025-11-17,Eldoret,21966,67,Female,Savings,Transfer,Branch,115881.26,188673.03,Rift Valley
968,2025-09-13,Kisumu,75021,34,Female,Savings,Withdrawal,Branch,174080.39,915102.97,Central
969,2025-03-02,Nakuru,22984,61,Female,Current,Bill Payment,ATM,174537.44,321346.93,Central
970,2025-08-19,Nairobi,96103,34,Female,Savings,Loan Repayment,ATM,46095.83,188837.27,Coast
971,2025-02-16,Nairobi,82936,56,Male,Savings,Loan Repayment,ATM,15312.14,919277.4,Rift Valley
972,2025-04-23,Nairobi,23142,26,Male,Current,Bill Payment,Internet,92966.48,12225.54,Western
973,2025-07-07,Nairobi,17430,18,Male,Current,Withdrawal,Branch,161399.22,115318.72,Western
974,2025-11-15,Nairobi,21024,26,Female,Savings,Loan Repayment,ATM,179426.82,849077.74,Rift Valley
975,2025-01-17,Nakuru,74138,72,Male,Current,Deposit,Internet,19988.44,255345.76,Coast
976,2025-03-28,Kisumu,37462,40,Male,Savings,Bill Payment,ATM,148783.17,283608.54,Coast
977,2025-08-04,Nakuru,45403,56,Male,Current,Deposit,Mobile,119114.64,283863.0,Rift Valley
978,2025-03-02,Kisumu,83143,36,Male,Current,Loan Repayment,ATM,145636.21,655091.55,Central
979,2025-12-19,Eldoret,33002,30,Male,Current,Deposit,Internet,108874.82,106182.66,Rift Valley
980,2025-08-01,Mombasa,66136,19,Male,Current,Loan Repayment,Internet,178394.62,324577.54,Central
981,2025-12-07,Kisumu,15106,59,Male,Current,Withdrawal,ATM,62974.24,862269.0,Central
982,2025-06-06,Nakuru,46562,44,Female,Current,Deposit,Internet,159713.51,864785.54,Rift Valley
983,2025-10-19,Kisumu,36532,65,Male,Savings,Deposit,Branch,23467.93,643198.41,Western
984,2025-03-23,Eldoret,11678,70,Female,Savings,Bill Payment,ATM,197114.19,925932.62,Central
985,2025-10-17,Nairobi,25359,63,Female,Savings,Bill Payment,ATM,33138.5,908377.77,Western
986,2025-08-31,Nakuru,65790,62,Male,Current,Bill Payment,Mobile,73242.07,166565.81,Rift Valley
987,2025-03-14,Nakuru,72183,52,Male,Current,Deposit,Mobile,87356.2,728746.35,Coast
988,2025-11-20,Nakuru,94342,30,Male,Current,Loan Repayment,Mobile,123988.51,396337.29,Coast
989,2025-06-21,Eldoret,16955,55,Female,Current,Deposit,ATM,123940.63,780234.88,Western
990,2025-07-26,Eldoret,74608,21,Female,Savings,Bill Payment,Internet,39486.02,317501.35,Central
991,2025-05-13,Kisumu,55554,51,Male,Current,Loan Repayment,ATM,118038.97,701237.13,Rift Valley
992,2025-03-08,Eldoret,17112,57,Male,Current,Bill Payment,Mobile,111066.66,596166.38,Central
993,2025-01-07,Kisumu,19586,41,Female,Current,Transfer,ATM,36237.3,461455.32,Western
994,2025-03-31,Mombasa,55731,57,Male,Current,Loan Repayment,Branch,24387.06,921319.64,Central
995,2025-11-03,Eldoret,51543,44,Female,Current,Withdrawal,Mobile,149177.48,948982.23,Coast
996,2025-12-20,Mombasa,44849,65,Female,Savings,Transfer,Internet,91699.9,587191.99,Rift Valley
997,2025-03-09,Mombasa,38408,45,Male,Savings,Withdrawal,Internet,2789.18,803477.36,Rift Valley
998,2025-07-22,Nakuru,99659,61,Male,Current,Transfer,ATM,154872.76,554067.52,Western
999,2025-03-11,Nairobi,88122,27,Female,Current,Bill Payment,ATM,192978.98,965830.95,Rift Valley
1000,2025-06-30,Eldoret,59602,35,Female,Current,Deposit,Internet,178244.15,670411.77,Central
1001,2025-07-28,Eldoret,90848,43,Female,Current,Deposit,ATM,190117.7,336782.61,Western
1002,2025-04-10,Mombasa,18401,43,Male,Savings,Deposit,Mobile,85775.77,599828.8,Central
1003,2025-03-19,Nairobi,85339,36,Male,Current,Bill Payment,Branch,34637.37,589121.45,Coast
1004,2025-05-26,Kisumu,67346,50,Male,Current,Transfer,Mobile,11275.2,348979.99,Central
1005,2025-04-29,Eldoret,71472,53,Male,Current,Deposit,Mobile,141018.88,155882.4,Western
1006,2025-04-30,Nairobi,82610,52,Male,Current,Withdrawal,Internet,160952.31,315167.79,Central
1007,2025-11-03,Kisumu,61043,47,Female,Savings,Transfer,Mobile,79904.37,671730.79,Rift Valley
1008,2025-09-17,Eldoret,24354,70,Female,Current,Deposit,Internet,98490.22,420555.33,Rift Valley
1009,2025-12-31,Eldoret,66037,44,Male,Current,Withdrawal,Internet,134029.36,438169.25,Rift Valley
1010,2025-08-16,Nairobi,39734,19,Female,Current,Transfer,ATM,61349.1,567552.18,Rift Valley
1011,2025-01-28,Nairobi,30130,27,Male,Current,Loan Repayment,Branch,149319.95,847153.08,Rift Valley
1012,2025-03-29,Eldoret,97447,71,Male,Savings,Bill Payment,ATM,188002.43,10245.76,Central
1013,2025-07-06,Eldoret,55133,24,Male,Savings,Loan Repayment,Internet,108296.6,67241.64,Rift Valley
1014,2025-02-20,Eldoret,44995,22,Male,Current,Withdrawal,Internet,86912.78,390749.07,Central
1015,2025-01-21,Mombasa,99856,63,Male,Savings,Bill Payment,Internet,52537.27,530090.48,Western
1016,2025-12-14,Nakuru,63725,43,Female,Current,Withdrawal,Branch,67017.78,466556.45,Western
1017,2025-09-25,Kisumu,98335,61,Male,Current,Loan Repayment,Branch,54010.3,913716.66,Western
1018,2025-09-18,Mombasa,84280,42,Female,Savings,Loan Repayment,ATM,186188.33,693496.91,Coast
1019,2025-10-18,Eldoret,91056,26,Male,Savings,Deposit,Internet,86887.67,233125.94,Western
1020,2025-07-08,Nakuru,98975,25,Male,Current,Transfer,ATM,181168.2,671316.81,Rift Valley
1021,2025-11-03,Nakuru,49148,20,Female,Savings,Transfer,Branch,84783.82,133368.25,Rift Valley
1022,2025-07-24,Kisumu,66691,56,Female,Current,Loan Repayment,Branch,82188.33,114952.92,Central
1023,2025-08-16,Eldoret,71398,58,Female,Current,Deposit,ATM,143354.08,479594.97,Central
1024,2025-09-08,Kisumu,72026,21,Male,Current,Withdrawal,Branch,18812.4,295884.99,Central
1025,2025-08-11,Kisumu,40503,31,Male,Current,Transfer,Branch,162783.63,796252.24,Central
1026,2025-12-08,Nakuru,17051,72,Female,Current,Deposit,ATM,106770.78,351862.35,Rift Valley
1027,2025-08-30,Nakuru,34536,75,Male,Current,Deposit,ATM,35315.3,412282.43,Rift Valley
1028,2025-03-09,Nakuru,70500,61,Female,Current,Withdrawal,ATM,169920.5,181131.27,Central
1029,2025-09-26,Kisumu,92655,25,Male,Current,Withdrawal,Branch,33523.47,94134.15,Coast
1030,2025-07-29,Eldoret,25242,47,Male,Savings,Transfer,Internet,143565.46,221484.42,Western
1031,2025-03-05,Nakuru,67483,33,Male,Current,Deposit,Mobile,140042.55,694969.26,Central
1032,2025-03-10,Mombasa,16183,25,Male,Savings,Transfer,Branch,186477.66,818152.56,Coast
1033,2025-05-29,Nakuru,18035,47,Male,Current,Transfer,Branch,9079.25,784244.22,Western
1034,2025-10-07,Eldoret,77624,27,Female,Savings,Bill Payment,Branch,188253.16,287108.38,Rift Valley
1035,2025-04-19,Mombasa,47209,44,Male,Current,Transfer,Branch,71721.55,971519.07,Western
1036,2025-12-19,Kisumu,48423,28,Female,Savings,Bill Payment,Mobile,136584.26,261242.36,Rift Valley
1037,2025-05-03,Nairobi,61620,44,Female,Current,Withdrawal,Branch,179216.72,645702.02,Central
1038,2025-11-06,Eldoret,44943,32,Male,Current,Loan Repayment,Branch,152063.39,131056.25,Rift Valley
1039,2025-02-24,Kisumu,78422,52,Male,Current,Withdrawal,Internet,84346.26,831094.15,Rift Valley
1040,2025-10-21,Nakuru,61116,30,Male,Current,Transfer,Branch,65162.47,14384.54,Rift Valley
1041,2025-09-26,Eldoret,36102,63,Male,Savings,Loan Repayment,Mobile,113416.56,534782.23,Rift Valley
1042,2025-09-18,Eldoret,51492,72,Male,Current,Bill Payment,Internet,105993.98,364396.01,Coast
1043,2025-08-25,Nakuru,13114,65,Female,Current,Loan Repayment,Branch,189436.73,231249.54,Rift Valley
1044,2025-10-18,Nakuru,78528,24,Male,Savings,Transfer,Internet,56027.45,529328.9,Central
1045,2025-01-12,Mombasa,78626,56,Male,Current,Transfer,Mobile,148246.31,178076.02,Central
1046,2025-04-01,Mombasa,93153,40,Female,Savings,Transfer,Internet,137758.16,184191.95,Rift Valley
1047,2025-11-08,Mombasa,94837,37,Male,Savings,Withdrawal,ATM,194378.64,547827.47,Rift Valley
1048,2025-04-20,Mombasa,37606,57,Female,Savings,Loan Repayment,Mobile,143014.28,788128.7,Western
1049,2025-08-11,Nairobi,40152,51,Female,Current,Withdrawal,Mobile,36186.16,442083.78,Western
1050,2025-05-02,Nairobi,12445,45,Male,Current,Bill Payment,Internet,80123.97,482669.63,Coast
1051,2025-01-09,Nairobi,52410,41,Female,Current,Transfer,Branch,108260.27,140587.49,Rift Valley
1052,2025-12-21,Kisumu,64636,32,Male,Savings,Withdrawal,Mobile,80067.38,744639.04,Western
1053,2025-04-27,Nairobi,38827,52,Female,Current,Deposit,Mobile,127606.02,170069.51,Coast
1054,2025-10-06,Eldoret,69433,21,Male,Savings,Transfer,Branch,74221.3,562757.22,Western
1055,2025-05-17,Eldoret,31367,25,Female,Current,Withdrawal,ATM,174661.13,154098.9,Coast
1056,2025-05-06,Mombasa,83348,47,Male,Savings,Withdrawal,Branch,84428.81,436861.87,Central
1057,2025-03-28,Kisumu,93679,73,Male,Current,Transfer,ATM,166719.5,920624.89,Coast
1058,2025-08-05,Mombasa,50807,35,Male,Savings,Loan Repayment,ATM,42422.24,259020.12,Western
1059,2025-03-30,Nairobi,71580,73,Female,Current,Withdrawal,Branch,114187.97,295299.64,Central
1060,2025-02-12,Nakuru,61909,35,Female,Savings,Bill Payment,ATM,70405.47,585439.35,Coast
1061,2025-08-27,Nakuru,15238,37,Male,Savings,Deposit,Branch,82902.73,147731.96,Rift Valley
1062,2025-10-31,Kisumu,52279,56,Female,Savings,Deposit,Branch,165539.52,550010.77,Rift Valley
1063,2025-03-24,Nakuru,72987,25,Female,Current,Transfer,ATM,113195.18,617484.26,Rift Valley
1064,2025-04-30,Nakuru,13309,45,Male,Savings,Loan Repayment,Internet,27251.91,520935.58,Coast
1065,2025-07-31,,64859,27,Male,Current,Loan Repayment,Mobile,184678.59,201346.72,Central
1066,2025-06-26,Nakuru,56069,59,Female,Current,Transfer,Internet,115926.83,588392.97,Western
1067,2025-05-26,Eldoret,43495,48,Female,Savings,Withdrawal,Branch,140207.13,693181.76,Western
1068,2025-11-23,Nairobi,22145,56,Female,Savings,Deposit,ATM,9227.06,818935.43,Central
1069,2025-12-31,Mombasa,93165,45,Female,Savings,Transfer,Branch,18261.88,905342.24,Central
1070,2025-11-05,Eldoret,78879,41,Female,Savings,Loan Repayment,ATM,54946.76,771602.58,Coast
1071,2025-07-20,Eldoret,85181,39,Female,Current,Bill Payment,Internet,33562.57,274405.46,Western
1072,2025-05-14,Mombasa,19485,54,Female,Current,Transfer,ATM,107790.0,598795.82,Rift Valley
1073,2025-05-28,Nairobi,46724,55,Female,Current,Transfer,Internet,57282.31,107070.72,Coast
1074,2025-02-22,Kisumu,35157,54,Female,Current,Withdrawal,Internet,108598.09,804528.0,Central
1075,2025-04-04,Nakuru,64969,19,Male,Current,Transfer,ATM,108033.68,216180.74,Rift Valley
1076,2025-03-25,Nairobi,71679,41,Male,Savings,Bill Payment,ATM,33702.37,226459.8,Rift Valley
1077,2025-10-06,Mombasa,54027,39,Male,Current,Deposit,Mobile,119962.9,839089.22,Western
1078,2025-10-01,Nakuru,59489,27,Female,Current,Transfer,Internet,136078.89,675125.73,Rift Valley
1079,2025-02-06,Eldoret,56092,41,Male,Savings,Deposit,ATM,34120.8,282129.51,Western
1080,2025-02-02,Kisumu,79772,44,Female,Current,Deposit,Branch,162838.99,522648.43,Western
1081,2025-02-18,Mombasa,37917,26,Male,Savings,Transfer,ATM,8209.91,415644.12,Central
1082,2025-05-04,Nakuru,69211,36,Male,Current,Transfer,ATM,176704.89,775465.48,Coast
1083,2025-07-18,Kisumu,39366,41,Male,Current,Deposit,Internet,133193.86,386103.82,Rift Valley
1084,2025-06-05,Eldoret,51612,61,Male,Current,Transfer,ATM,45198.24,327430.06,Western
1085,2025-11-15,Nakuru,29056,75,Male,Savings,Withdrawal,Internet,68983.93,804087.15,Rift Valley
1086,2025-07-24,Nakuru,19441,28,Male,Savings,Loan Repayment,ATM,161615.73,591319.36,Central
1087,2025-05-27,Kisumu,13233,44,Female,Current,Bill Payment,Mobile,67676.47,626313.82,Rift Valley
1088,2025-11-22,Nakuru,79356,22,Female,Current,Bill Payment,Branch,170508.33,795481.05,Coast
1089,2025-06-06,Kisumu,74801,59,Male,Current,Transfer,Mobile,129083.42,927515.25,Coast
1090,2025-08-10,Mombasa,43557,68,Female,Savings,Deposit,Mobile,153031.89,57315.41,Coast
1091,2025-08-30,Nairobi,98483,50,Female,Savings,Loan Repayment,ATM,121048.91,44325.82,Central
1092,2025-09-17,Nakuru,56257,63,Female,Current,Transfer,Mobile,105256.99,690946.8,Rift Valley
1093,2025-06-21,Nairobi,53514,35,Male,Current,Deposit,Branch,47951.99,262600.56,Coast
1094,2025-01-13,Nairobi,36824,42,Male,Savings,Bill Payment,Internet,163191.73,891004.79,Western
1095,2025-01-13,Nairobi,31627,51,Female,Current,Withdrawal,ATM,44705.81,650066.35,Central
1096,2025-04-02,Kisumu,40748,55,Female,Savings,Transfer,ATM,31927.63,334380.9,Western
1097,2025-05-10,Eldoret,28887,18,Male,Savings,Deposit,Internet,76631.89,507538.34,Western
1098,2025-07-18,Kisumu,67335,75,Female,Current,Deposit,Internet,159472.18,284009.8,Western
1099,2025-12-20,Mombasa,38358,34,Male,Savings,Deposit,Internet,199516.31,820403.95,Coast
1100,2025-11-23,Eldoret,74830,51,Male,Current,Withdrawal,Internet,26631.55,877887.92,Western
1101,2025-05-04,Mombasa,41152,45,Male,Savings,Loan Repayment,Mobile,43572.05,857783.14,Central
1102,2025-02-02,Mombasa,73237,64,Male,Savings,Bill Payment,Branch,55324.96,184847.37,Western
1103,2025-04-24,Nairobi,14953,65,Female,Current,Bill Payment,Mobile,165519.39,691589.12,Coast
1104,2025-01-21,Mombasa,69279,67,Male,Savings,Transfer,Internet,48339.77,432829.95,Western
1105,2025-06-02,Eldoret,34293,68,Male,Current,Loan Repayment,Internet,197110.15,695113.09,Rift Valley
1106,2025-08-15,Nakuru,84302,73,Female,Savings,Transfer,ATM,193045.38,686261.96,Rift Valley
1107,2025-07-22,Mombasa,10245,65,Female,Current,Transfer,ATM,182834.05,331966.13,Central
1108,2025-07-21,Mombasa,16925,51,Female,Savings,Transfer,ATM,148701.41,758937.12,Rift Valley
1109,2025-11-02,Mombasa,42688,26,Female,Current,Withdrawal,ATM,124940.34,341376.44,Rift Valley
1110,2025-03-20,Nairobi,34732,71,Female,Savings,Bill Payment,Mobile,152744.33,417678.53,Rift Valley
1111,2025-11-30,Eldoret,86430,31,Female,Savings,Transfer,Mobile,62509.23,104496.8,Rift Valley
1112,2025-12-17,Eldoret,43089,43,Female,Current,Bill Payment,Internet,91811.45,398064.45,Coast
1113,2025-12-11,Mombasa,70565,48,Male,Savings,Bill Payment,ATM,34729.46,601746.09,Western
1114,2025-05-13,Nairobi,90620,43,Female,Current,Loan Repayment,ATM,89751.04,927087.33,Western
1115,2025-11-19,Mombasa,87596,44,Female,Current,Bill Payment,Internet,133880.05,956370.15,Rift Valley
1116,2025-09-06,Nakuru,67271,43,Female,Savings,Deposit,Branch,79259.99,566673.44,Central
1117,2025-09-26,Nakuru,78930,49,Female,Current,Withdrawal,Mobile,1751.78,568530.39,Rift Valley
1118,2025-07-04,Eldoret,70995,39,Male,Savings,Deposit,Internet,172667.85,279109.14,Rift Valley
1119,2025-08-24,Nairobi,27241,52,Female,Current,Bill Payment,Internet,68835.59,325757.29,Central
1120,2025-02-25,Nakuru,33011,43,Female,Savings,Loan Repayment,ATM,19718.48,303458.69,Coast
1121,2025-08-19,Nakuru,39581,26,Male,Current,Deposit,Branch,104202.96,762962.44,Western
1122,2025-06-04,Kisumu,45751,30,Female,Current,Bill Payment,ATM,162268.97,678260.61,Coast
1123,2025-09-24,Nakuru,68186,39,Male,Savings,Deposit,Branch,127806.61,144249.91,Central
1124,2025-02-02,Kisumu,54961,39,Male,Savings,Deposit,ATM,99967.88,441096.43,Central
1125,2025-11-22,Eldoret,66495,32,Male,Savings,Loan Repayment,Branch,3789.86,306674.06,Western
1126,2025-03-12,Kisumu,48419,46,Female,Current,Transfer,ATM,132345.15,859053.14,Rift Valley
1127,2025-03-13,Nairobi,75598,72,Male,Current,Deposit,Mobile,17226.62,79055.06,Western
1128,2025-10-19,Nakuru,45587,60,Female,Current,Loan Repayment,Internet,66561.04,579835.46,Central
1129,2025-11-16,Nairobi,37430,42,Female,Savings,Loan Repayment,Branch,1130.42,922715.96,Coast
1130,2025-03-05,Nakuru,26056,47,Female,Current,Loan Repayment,Internet,176787.69,413572.7,Central
1131,2025-09-22,Eldoret,52317,26,Female,Current,Deposit,Branch,195371.58,241183.76,Central
1132,2025-02-20,Nairobi,40964,23,Female,Savings,Deposit,Mobile,68200.82,808042.29,Rift Valley
1133,2025-11-06,Mombasa,21662,75,Female,Savings,Withdrawal,Branch,46527.55,782728.24,Central
1134,2025-02-14,Nairobi,83961,24,Female,Current,Withdrawal,ATM,124084.11,732676.62,Western
1135,2025-08-28,Nairobi,59611,24,Male,Current,Loan Repayment,Branch,135911.1,638739.01,Western
1136,2025-03-25,Nakuru,66252,66,Female,Savings,Withdrawal,Branch,144399.34,226745.33,Western
1137,2025-02-07,Nairobi,28399,73,Female,Savings,Withdrawal,Mobile,68273.98,654876.83,Western
1138,2025-05-30,Mombasa,66850,55,Male,Savings,Withdrawal,Branch,47124.7,427072.68,Coast
1139,2025-04-21,Eldoret,32752,61,Female,Current,Withdrawal,Internet,105870.0,731343.25,Coast
1140,2025-02-18,Nakuru,43006,36,Female,Savings,Deposit,ATM,128413.46,138174.26,Coast
1141,2025-10-27,Mombasa,85545,49,Male,Savings,Transfer,Internet,179663.15,689083.13,Central
1142,2025-02-10,Kisumu,27328,75,Male,Current,Bill Payment,Branch,106937.28,904204.86,Coast
1143,2025-04-13,Eldoret,88613,72,Male,Current,Bill Payment,Branch,162579.24,255715.18,Western
1144,2025-10-04,Mombasa,74160,59,Male,Savings,Bill Payment,Branch,47613.27,385990.96,Coast
1145,2025-01-09,Mombasa,67010,61,Male,Current,Transfer,ATM,199636.96,619571.55,Western
1146,2025-03-29,Eldoret,46050,62,Female,Savings,Transfer,Mobile,86098.35,173078.09,Central
1147,2025-11-22,Nakuru,31960,40,Female,Current,Deposit,Internet,71099.14,505470.91,Central
1148,2025-01-02,Nakuru,59256,71,Female,Savings,Loan Repayment,Branch,16652.77,142005.23,Central
1149,2025-06-08,Nakuru,63930,29,Female,Current,Deposit,Mobile,29125.46,674400.02,Rift Valley
1150,2025-05-06,Nakuru,18592,39,Male,Current,Deposit,ATM,140787.13,140720.3,Rift Valley
1151,2025-06-14,Mombasa,73487,51,Female,Savings,Deposit,ATM,90111.62,914449.44,Rift Valley
1152,2025-03-20,Mombasa,24592,65,Female,Savings,Withdrawal,Internet,134060.21,956440.73,Western
1153,2025-03-29,Nairobi,96207,51,Male,Current,Loan Repayment,Internet,152241.83,768356.61,Coast
1154,2025-11-13,Mombasa,17931,57,Male,Savings,Transfer,ATM,149249.65,634603.37,Central
1155,2025-01-13,Nairobi,82196,72,Female,Savings,Withdrawal,Branch,46414.79,372566.44,Western
1156,2025-03-08,Nairobi,36427,59,Male,Current,Bill Payment,Internet,171548.9,120705.37,Western
1157,2025-04-09,Nakuru,64445,45,Male,Current,Loan Repayment,ATM,111284.81,115740.13,Rift Valley
1158,2025-01-20,Mombasa,85741,64,Female,Current,Deposit,Mobile,171525.08,726191.73,Central
1159,2025-11-04,Nakuru,33616,64,Male,Current,Withdrawal,Internet,96671.81,502599.47,Western
1160,2025-05-05,Mombasa,60354,60,Male,Current,Withdrawal,Internet,176817.3,698286.65,Coast
1161,2025-09-23,Kisumu,44007,40,Male,Current,Transfer,ATM,47967.23,842134.76,Coast
1162,2025-09-03,Eldoret,35717,62,Female,Current,Withdrawal,Internet,46918.16,429875.05,Coast
1163,2025-12-13,Kisumu,53114,53,Male,Savings,Loan Repayment,Internet,182857.4,743655.95,Central
1164,2025-09-21,Eldoret,59914,62,Male,Savings,Deposit,Internet,37017.64,893021.13,Rift Valley
1165,2025-01-31,Mombasa,47175,21,Male,Savings,Loan Repayment,Internet,32887.1,251968.53,Western
1166,2025-12-05,Mombasa,94354,49,Female,Savings,Loan Repayment,Mobile,50830.77,228335.62,Central
1167,2025-06-12,Nakuru,46757,51,Male,Current,Transfer,Branch,6059.63,899857.19,Rift Valley
1168,2025-04-18,Eldoret,23081,59,Male,Savings,Loan Repayment,Mobile,66527.92,982368.14,Central
1169,2025-01-15,Mombasa,63579,68,Female,Savings,Withdrawal,ATM,25895.59,852037.69,Rift Valley
1170,2025-01-29,Nakuru,30937,30,Female,Current,Withdrawal,Internet,177813.7,71779.12,Coast
1171,2025-05-12,Nairobi,27943,36,Female,Savings,Withdrawal,Mobile,181854.6,576192.44,Central
1172,2025-04-30,Eldoret,10645,64,Female,Current,Transfer,Mobile,87947.63,301487.87,Central
1173,2025-04-24,Nakuru,96986,55,Female,Savings,Deposit,Mobile,130489.44,822505.41,Central
1174,2025-12-07,Kisumu,87708,56,Male,Current,Withdrawal,ATM,111623.71,561303.01,Western
1175,2025-10-16,Eldoret,50251,35,Female,Savings,Loan Repayment,ATM,39574.4,64781.71,Coast
1176,2025-04-15,Nairobi,75140,19,Female,Savings,Deposit,ATM,7766.4,206890.45,Western
1177,2025-02-10,Mombasa,79556,23,Female,Savings,Withdrawal,Internet,23067.82,712129.84,Central
1178,2025-04-02,Mombasa,90908,51,Female,Current,Deposit,Branch,65281.92,451295.18,Central
1179,2025-12-22,Eldoret,33721,69,Male,Current,Deposit,Internet,156301.5,996916.86,Western
1180,2025-09-05,Nakuru,69025,51,Female,Savings,Loan Repayment,Internet,91609.8,441019.79,Coast
1181,2025-02-19,Eldoret,82770,37,Female,Current,Loan Repayment,Mobile,45136.57,890841.15,Rift Valley
1182,2025-09-25,Eldoret,29412,65,Male,Current,Bill Payment,Branch,164107.97,301325.38,Central
1183,2025-06-06,Kisumu,36156,67,Female,Savings,Transfer,ATM,22925.46,781091.68,Central
1184,2025-12-27,Nairobi,89937,71,Male,Savings,Loan Repayment,ATM,166630.0,784284.57,Coast
1185,2025-08-19,Nairobi,30009,72,Male,Current,Transfer,Mobile,80007.19,700226.04,Western
1186,2025-05-07,Nairobi,45593,38,Male,Savings,Bill Payment,Internet,19129.62,13850.62,Coast
1187,2025-09-09,Mombasa,17530,41,Female,Savings,Withdrawal,Mobile,143357.62,272914.99,Western
1188,2025-10-01,,47257,56,Female,Savings,Bill Payment,Mobile,36367.73,910296.45,Rift Valley
1189,2025-07-08,Mombasa,81735,25,Male,Savings,Withdrawal,ATM,182819.18,532744.84,Rift Valley
1190,2025-08-09,Kisumu,31809,42,Female,Current,Deposit,ATM,142548.74,3805.03,Central
1191,2025-04-30,Eldoret,49799,19,Female,Current,Bill Payment,ATM,172246.76,155012.1,Rift Valley
1192,2025-09-29,Eldoret,43719,26,Male,Current,Withdrawal,ATM,69952.16,297909.02,Western
1193,2025-02-13,Eldoret,42450,44,Male,Savings,Withdrawal,Mobile,34463.73,302664.1,Rift Valley
1194,2025-10-10,Eldoret,70320,20,Female,Current,Loan Repayment,ATM,10921.15,481465.61,Rift Valley
1195,2025-12-01,Eldoret,74737,56,Male,Savings,Loan Repayment,Internet,168547.66,331677.16,Coast
1196,2025-08-20,Nakuru,42991,47,Male,Savings,Loan Repayment,ATM,180442.42,75818.37,Western
1197,2025-08-01,Kisumu,45644,46,Female,Savings,Bill Payment,ATM,29747.16,15874.6,Central
1198,2025-10-17,Eldoret,22509,46,Male,Savings,Loan Repayment,Internet,196024.56,542382.31,Western
1199,2025-12-20,Eldoret,16575,25,Male,Current,Withdrawal,Mobile,79038.98,361098.45,Coast
1200,2025-05-08,Nakuru,37767,31,Male,Savings,Withdrawal,Mobile,126841.66,239555.24,Rift Valley
1201,2025-01-19,Mombasa,67899,60,Male,Savings,Bill Payment,Internet,86209.73,218500.83,Western
1202,2025-01-27,Kisumu,21856,48,Male,Savings,Transfer,ATM,61830.9,199377.42,Western
1203,2025-07-25,Nakuru,66007,55,Female,Savings,Transfer,Mobile,36395.07,522334.55,Rift Valley
1204,2025-06-19,Eldoret,23461,57,Male,Savings,Deposit,Branch,138675.32,497172.58,Western
1205,2025-08-18,Kisumu,37827,35,Male,Savings,Transfer,Internet,141966.69,259859.6,Coast
1206,2025-04-03,Nakuru,42849,48,Male,Savings,Bill Payment,Mobile,35597.67,170616.04,Coast
1207,2025-01-18,Nakuru,71046,35,Female,Savings,Bill Payment,Internet,44883.36,48053.48,Central
1208,2025-04-17,Nakuru,81148,57,Male,Savings,Bill Payment,Internet,159377.27,598657.58,Coast
1209,2025-06-30,Eldoret,67689,70,Male,Current,Loan Repayment,Internet,151086.55,743649.22,Coast
1210,2025-11-10,Eldoret,35717,64,Male,Savings,Loan Repayment,Internet,158776.52,807623.1,Rift Valley
1211,2025-12-19,,73943,46,Female,Current,Transfer,Mobile,77630.14,376596.9,Coast
1212,2025-05-21,Nakuru,10834,34,Male,Savings,Loan Repayment,Internet,155063.99,343941.69,Central
1213,2025-07-13,Nakuru,62853,57,Male,Current,Bill Payment,Internet,177879.89,302811.45,Rift Valley
1214,2025-07-24,Nakuru,81973,32,Female,Current,Deposit,Branch,183506.48,153951.88,Western
1215,2025-05-30,Nairobi,29018,30,Male,Current,Bill Payment,Mobile,198513.29,839932.41,Western
1216,2025-01-19,Nakuru,75754,29,Female,Current,Transfer,Internet,20568.49,334583.34,Western
1217,2025-12-01,Kisumu,93273,32,Male,Savings,Deposit,Mobile,187026.76,590922.6,Western
1218,2025-05-28,Eldoret,97770,47,Female,Savings,Loan Repayment,Internet,48595.39,117593.37,Central
1219,2025-10-05,Kisumu,38272,37,Female,Savings,Transfer,Mobile,196378.93,757477.39,Western
1220,2025-04-12,Nairobi,78502,18,Female,Savings,Transfer,Internet,48318.49,859173.35,Rift Valley
1221,2025-10-26,Eldoret,87825,41,Male,Current,Transfer,ATM,18126.04,30277.56,Central
1222,2025-08-15,Mombasa,30193,29,Male,Savings,Deposit,Mobile,142548.06,988428.23,Central
1223,2025-06-04,Mombasa,33402,30,Male,Savings,Bill Payment,ATM,110324.26,604059.65,Rift Valley
1224,2025-03-29,Eldoret,77504,27,Female,Savings,Withdrawal,Branch,76371.45,295555.49,Central
1225,2025-06-02,Kisumu,19443,47,Male,Savings,Transfer,Branch,193858.76,649439.63,Coast
1226,2025-12-17,Kisumu,21705,65,Male,Current,Withdrawal,ATM,131068.05,850997.85,Coast
1227,2025-09-25,Mombasa,24121,50,Male,Current,Loan Repayment,ATM,198012.31,25675.04,Rift Valley
1228,2025-04-14,Mombasa,50772,28,Male,Current,Transfer,Mobile,139881.99,859017.45,Western
1229,2025-04-09,Mombasa,75667,72,Male,Savings,Deposit,Mobile,22382.27,240801.94,Western
1230,2025-08-01,Eldoret,96189,30,Female,Savings,Loan Repayment,Internet,82225.35,382823.63,Western
1231,2025-05-07,Nairobi,60696,34,Female,Savings,Bill Payment,ATM,82251.77,189085.34,Coast
1232,2025-10-12,Nakuru,98690,43,Female,Savings,Bill Payment,Branch,58858.6,417857.55,Rift Valley
1233,2025-10-23,,47775,72,Female,Current,Withdrawal,Mobile,99418.94,563010.98,Rift Valley
1234,2025-11-21,Eldoret,11874,31,Male,Savings,Bill Payment,Branch,131014.54,40066.64,Western
1235,2025-02-16,Kisumu,23593,26,Male,Savings,Withdrawal,Internet,141987.7,14288.13,Rift Valley
1236,2025-07-08,Eldoret,41264,60,Male,Current,Transfer,Branch,162467.43,808143.9,Coast
1237,2025-07-02,Nakuru,83308,28,Female,Savings,Deposit,ATM,18438.94,585394.33,Rift Valley
1238,2025-08-07,Nakuru,25792,74,Female,Current,Bill Payment,Branch,24730.74,842625.06,Rift Valley
1239,2025-10-21,Nakuru,98420,37,Male,Savings,Withdrawal,Branch,194587.37,847454.44,Coast
1240,2025-06-15,Nakuru,69857,69,Male,Current,Loan Repayment,Branch,179752.38,315914.41,Rift Valley
1241,2025-06-11,Kisumu,99627,49,Male,Current,Bill Payment,ATM,49713.12,940780.31,Central
1242,2025-07-06,Eldoret,57045,25,Male,Savings,Bill Payment,Mobile,108684.13,125198.27,Western
1243,2025-10-21,Eldoret,91017,18,Female,Savings,Bill Payment,Internet,64093.05,89353.89,Coast
1244,2025-09-11,Eldoret,53708,27,Male,Savings,Loan Repayment,Internet,50828.39,330475.94,Western
1245,2025-07-06,Eldoret,61896,69,Female,Savings,Transfer,Internet,41493.57,38578.58,Rift Valley
1246,2025-06-11,Kisumu,14597,47,Male,Current,Bill Payment,Mobile,168001.9,936395.45,Coast
1247,2025-11-04,Mombasa,53119,53,Female,Current,Deposit,Internet,102767.03,75276.08,Rift Valley
1248,2025-03-29,Nakuru,44855,28,Male,Current,Loan Repayment,Internet,180727.07,171479.47,Rift Valley
1249,2025-02-06,Eldoret,59391,55,Male,Savings,Bill Payment,ATM,108623.07,194023.74,Western
1250,2025-09-27,Mombasa,35139,48,Female,Savings,Loan Repayment,Internet,22793.81,235663.15,Western
1251,2025-10-20,Nakuru,92825,68,Male,Savings,Loan Repayment,Branch,121085.94,556971.78,Coast
1252,2025-09-26,Kisumu,32530,63,Female,Current,Loan Repayment,Branch,45765.6,628937.34,Rift Valley
1253,2025-05-12,Nairobi,17641,69,Male,Current,Bill Payment,Internet,22489.48,72549.76,Rift Valley
1254,2025-06-15,Eldoret,25325,56,Male,Current,Bill Payment,Mobile,24040.12,507500.62,Western
1255,2025-03-08,Eldoret,17122,58,Female,Current,Loan Repayment,Branch,153266.23,344924.86,Coast
1256,2025-11-04,Mombasa,93996,60,Male,Current,Deposit,Branch,44564.16,969642.8,Coast
1257,2025-08-13,Kisumu,49214,30,Female,Current,Transfer,ATM,11502.39,105624.0,Rift Valley
1258,2025-03-08,Nakuru,47209,38,Male,Current,Deposit,Internet,52143.2,938120.68,Coast
1259,2025-01-21,Nairobi,73339,25,Male,Savings,Withdrawal,Branch,4239.23,700978.16,Rift Valley
1260,2025-07-09,Eldoret,46822,47,Male,Savings,Bill Payment,Mobile,37604.61,530449.1,Central
1261,2025-06-04,Kisumu,97702,19,Male,Savings,Deposit,ATM,42356.77,931416.32,Coast
1262,2025-05-25,Kisumu,19167,58,Male,Savings,Deposit,Mobile,79898.79,633104.94,Rift Valley
1263,2025-08-18,Kisumu,11091,69,Male,Savings,Loan Repayment,Branch,103538.44,44491.98,Rift Valley
1264,2025-03-07,Kisumu,72411,65,Male,Current,Transfer,ATM,140156.92,266974.8,Central
1265,2025-01-28,Nairobi,19634,62,Male,Savings,Withdrawal,Branch,112098.34,538865.05,Western
1266,2025-09-27,Mombasa,78691,34,Male,Current,Loan Repayment,Internet,18592.72,796138.97,Rift Valley
1267,2025-10-09,Nakuru,12515,48,Female,Savings,Withdrawal,Internet,48966.34,584966.29,Rift Valley
1268,2025-05-22,Nairobi,49153,35,Female,Savings,Withdrawal,Branch,147663.6,331361.24,Coast
1269,2025-08-06,Nakuru,48018,22,Female,Savings,Bill Payment,Branch,178232.3,616696.83,Rift Valley
1270,2025-08-21,Nairobi,58853,29,Female,Current,Withdrawal,ATM,89244.69,440949.22,Rift Valley
1271,2025-05-24,Kisumu,92039,31,Male,Savings,Transfer,Internet,127453.98,663311.5,Rift Valley
1272,2025-12-15,Nairobi,96591,41,Male,Savings,Withdrawal,Internet,7145.0,517550.28,Western
1273,2025-09-08,Nairobi,69440,49,Female,Savings,Deposit,Branch,118998.67,226199.05,Coast
1274,2025-09-07,Nakuru,30336,36,Female,Current,Withdrawal,Internet,50496.97,134884.3,Coast
1275,2025-07-04,Mombasa,24267,50,Male,Current,Deposit,Internet,173843.39,551388.06,Western
1276,2025-08-14,Eldoret,70798,18,Male,Savings,Withdrawal,Internet,26680.16,610047.35,Coast
1277,2025-07-04,Kisumu,44458,60,Male,Savings,Deposit,Internet,9166.48,829679.59,Central
1278,2025-05-03,Nakuru,76535,69,Male,Current,Withdrawal,Branch,148653.1,169460.97,Coast
1279,2025-06-09,Nairobi,31456,27,Male,Savings,Transfer,Internet,140683.44,528254.63,Central
1280,2025-02-07,Eldoret,21483,25,Female,Current,Withdrawal,Mobile,174872.87,448909.03,Rift Valley
1281,2025-09-06,Eldoret,70521,58,Male,Current,Transfer,Internet,173175.08,675792.55,Central
1282,2025-02-16,Mombasa,60641,35,Male,Savings,Loan Repayment,Mobile,193803.68,320340.38,Coast
1283,2025-03-22,Nairobi,69713,70,Male,Savings,Deposit,Mobile,119388.43,95203.06,Western
1284,2025-12-11,Mombasa,53012,50,Male,Current,Deposit,Branch,18404.71,631580.55,Coast
1285,2025-10-01,Kisumu,30145,41,Female,Current,Loan Repayment,Branch,14911.69,944961.07,Rift Valley
1286,2025-05-11,Kisumu,64457,22,Female,Savings,Bill Payment,ATM,146821.18,915038.68,Rift Valley
1287,2025-06-02,Nakuru,17243,49,Female,Savings,Transfer,Branch,181135.73,538206.35,Western
1288,2025-08-15,Kisumu,79116,69,Male,Savings,Withdrawal,Internet,43023.95,745660.23,Coast
1289,2025-01-02,Mombasa,39192,30,Female,Current,Deposit,Internet,32356.32,993873.58,Central
1290,2025-05-16,Eldoret,75432,74,Male,Current,Bill Payment,Internet,198675.69,64332.94,Central
1291,2025-12-03,Nakuru,36470,62,Male,Savings,Withdrawal,Branch,10627.52,629153.11,Rift Valley
1292,2025-06-28,Nairobi,82061,63,Female,Current,Loan Repayment,Branch,197618.86,175674.39,Central
1293,2025-07-13,Mombasa,26082,73,Female,Savings,Transfer,Branch,13053.86,835459.68,Coast
1294,2025-12-13,Nakuru,76105,63,Female,Savings,Deposit,Branch,187991.81,405232.64,Central
1295,2025-04-01,Nairobi,81090,23,Male,Current,Bill Payment,Mobile,126146.3,667873.65,Western
1296,2025-03-18,Nairobi,72738,28,Male,Savings,Bill Payment,Branch,29569.04,928189.0,Central
1297,2025-07-08,Nakuru,88200,65,Male,Current,Loan Repayment,Internet,161810.52,250543.07,Rift Valley
1298,2025-08-30,Mombasa,54884,74,Female,Current,Transfer,Mobile,149775.92,721951.77,Coast
1299,2025-02-22,Mombasa,22802,52,Male,Savings,Deposit,Internet,43859.36,764238.83,Western
1300,2025-12-22,Eldoret,58322,33,Male,Current,Withdrawal,Mobile,88253.91,260639.61,Coast
1301,2025-09-20,Nakuru,52396,63,Female,Current,Bill Payment,Mobile,30612.19,845094.61,Central
1302,2025-04-30,Eldoret,90941,50,Male,Current,Withdrawal,Internet,94912.46,301497.34,Rift Valley
1303,2025-04-18,Kisumu,29175,63,Female,Current,Deposit,Internet,173429.15,647582.63,Rift Valley
1304,2025-11-24,Nairobi,15081,53,Female,Savings,Bill Payment,Internet,97773.57,270071.18,Rift Valley
1305,2025-01-09,Nakuru,40054,39,Female,Current,Deposit,Mobile,187175.45,109845.65,Western
1306,2025-01-29,Mombasa,82335,67,Male,Savings,Loan Repayment,Internet,188699.72,966731.31,Rift Valley
1307,2025-05-17,Mombasa,20532,52,Female,Savings,Deposit,ATM,37430.25,291400.14,Western
1308,2025-12-11,Kisumu,71300,30,Male,Current,Loan Repayment,Branch,53639.24,348517.01,Rift Valley
1309,2025-07-25,Nairobi,62082,55,Female,Current,Withdrawal,ATM,130104.94,518318.71,Rift Valley
1310,2025-01-11,Nakuru,49626,28,Female,Savings,Loan Repayment,Branch,149219.52,357554.06,Rift Valley
1311,2025-10-26,Kisumu,87744,26,Male,Current,Deposit,ATM,118024.45,245469.0,Western
1312,2025-05-20,Eldoret,73457,55,Male,Savings,Deposit,ATM,40072.5,796063.22,Central
1313,2025-07-05,Mombasa,68272,60,Male,Savings,Loan Repayment,Branch,174411.71,736896.85,Central
1314,2025-09-24,Nairobi,88139,36,Female,Current,Loan Repayment,Internet,114057.3,65675.57,Central
1315,2025-09-15,Eldoret,34813,66,Female,Current,Loan Repayment,Internet,32403.71,287648.98,Coast
1316,2025-04-06,Nakuru,35078,33,Male,Savings,Deposit,ATM,28154.71,678160.84,Central
1317,2025-02-25,Mombasa,94584,21,Male,Savings,Loan Repayment,ATM,2692.29,150275.86,Central
1318,2025-07-28,Nairobi,52220,30,Male,Savings,Deposit,Internet,28799.01,653895.26,Coast
1319,2025-04-11,Nakuru,44931,46,Male,Savings,Loan Repayment,ATM,156347.67,741061.09,Rift Valley
1320,2025-10-27,Eldoret,62284,70,Male,Current,Loan Repayment,Internet,183606.87,779365.8,Coast
1321,2025-01-12,Eldoret,86165,56,Female,Current,Withdrawal,ATM,139791.18,457786.09,Rift Valley
1322,2025-03-13,Mombasa,11982,61,Male,Savings,Withdrawal,ATM,188971.22,768004.59,Western
1323,2025-02-24,Nairobi,37114,50,Male,Savings,Bill Payment,Mobile,177954.45,591093.16,Western
1324,2025-05-03,Mombasa,86485,24,Female,Savings,Deposit,Branch,115710.22,464623.29,Coast
1325,2025-04-18,Nairobi,86672,62,Female,Current,Loan Repayment,Branch,74295.62,820696.73,Coast
1326,2025-09-09,,36372,30,Female,Savings,Bill Payment,Branch,31887.57,934241.76,Western
1327,2025-11-12,Kisumu,19315,41,Female,Savings,Bill Payment,Mobile,128830.19,427041.27,Central
1328,2025-08-19,Mombasa,86604,32,Female,Savings,Transfer,Mobile,43420.66,619786.71,Rift Valley
1329,2025-06-21,Eldoret,18175,55,Male,Savings,Bill Payment,Internet,194783.77,575187.47,Western
1330,2025-08-28,Nakuru,42736,47,Female,Current,Transfer,Mobile,45302.6,668406.38,Western
1331,2025-06-30,Kisumu,78763,43,Female,Current,Withdrawal,Mobile,80941.26,33795.76,Rift Valley
1332,2025-09-06,Kisumu,70921,61,Female,Savings,Transfer,ATM,27581.84,918947.91,Rift Valley
1333,2025-09-27,Kisumu,16715,71,Male,Savings,Bill Payment,ATM,95139.86,427171.17,Coast
1334,2025-11-02,Mombasa,99152,50,Female,Savings,Withdrawal,ATM,53356.56,489660.71,Rift Valley
1335,2025-03-09,Mombasa,58945,36,Male,Savings,Transfer,Branch,38328.16,559223.39,Coast
1336,2025-11-02,Kisumu,60184,37,Male,Savings,Loan Repayment,Internet,53870.1,720569.57,Central
1337,2025-11-10,Nakuru,77727,70,Male,Current,Deposit,Internet,90892.92,543387.29,Central
1338,2025-08-22,Kisumu,34664,63,Female,Savings,Loan Repayment,Branch,60145.65,51798.9,Rift Valley
1339,2025-02-22,Nairobi,72514,37,Male,Savings,Withdrawal,Mobile,116061.78,834397.19,Coast
1340,2025-03-02,Eldoret,30615,20,Male,Current,Withdrawal,Mobile,23329.02,494035.0,Coast
1341,2025-01-09,Mombasa,22653,22,Female,Savings,Withdrawal,Internet,180010.42,172960.44,Rift Valley
1342,2025-04-08,Nakuru,57786,22,Male,Savings,Transfer,Branch,179796.52,300463.8,Central
1343,2025-05-12,Mombasa,21209,65,Female,Current,Loan Repayment,ATM,54295.59,136948.72,Rift Valley
1344,2025-12-28,Nairobi,86718,66,Male,Savings,Transfer,Branch,140698.95,916208.33,Central
1345,2025-11-22,Mombasa,11764,34,Male,Savings,Loan Repayment,Branch,57934.6,374670.75,Western
1346,2025-11-18,Mombasa,63054,44,Male,Savings,Deposit,Branch,146293.2,346812.24,Coast
1347,2025-05-27,Nairobi,13358,45,Female,Current,Bill Payment,Branch,176904.9,439058.73,Rift Valley
1348,2025-06-18,Mombasa,80028,59,Female,Savings,Loan Repayment,Mobile,43903.51,718880.24,Rift Valley
1349,2025-07-07,Kisumu,19986,66,Male,Savings,Loan Repayment,Mobile,196978.71,232573.06,Coast
1350,2025-06-17,Nakuru,40736,32,Male,Current,Transfer,Mobile,100253.56,811588.33,Central
1351,2025-06-14,Kisumu,93636,73,Female,Savings,Withdrawal,Internet,95188.99,373552.72,Coast
1352,2025-08-06,Nairobi,71892,21,Female,Savings,Withdrawal,ATM,23260.58,134652.47,Western
1353,2025-01-26,Kisumu,60102,33,Male,Savings,Loan Repayment,Internet,6142.79,890641.51,Central
1354,2025-02-21,Mombasa,94788,54,Female,Savings,Transfer,ATM,63620.7,973224.57,Coast
1355,2025-01-18,Eldoret,85309,63,Female,Savings,Transfer,Mobile,173620.59,565529.29,Central
1356,2025-11-14,Nakuru,84440,22,Male,Current,Withdrawal,ATM,64283.15,59544.63,Rift Valley
1357,2025-09-19,Nakuru,25032,62,Male,Savings,Bill Payment,Internet,47596.01,57902.45,Rift Valley
1358,2025-06-18,Nakuru,59227,62,Male,Savings,Deposit,ATM,83732.09,547645.87,Coast
1359,2025-04-14,Nairobi,25415,56,Female,Current,Withdrawal,Internet,81890.76,322239.87,Central
1360,2025-11-02,Nakuru,46491,74,Female,Savings,Deposit,Branch,157633.35,602610.74,Coast
1361,2025-11-25,Kisumu,64179,51,Male,Savings,Bill Payment,ATM,176416.96,19496.34,Rift Valley
1362,2025-11-01,Nakuru,51608,40,Male,Current,Deposit,ATM,91306.49,182798.0,Coast
1363,2025-09-28,Kisumu,83122,49,Male,Savings,Transfer,Internet,91923.64,427771.83,Western
1364,2025-07-13,Kisumu,48235,60,Male,Current,Loan Repayment,Mobile,55366.53,316867.75,Rift Valley
1365,2025-04-08,Nakuru,51919,38,Male,Savings,Loan Repayment,ATM,38355.08,685501.46,Coast
1366,2025-01-30,Kisumu,67814,49,Male,Current,Withdrawal,Branch,64069.72,62186.94,Central
1367,2025-08-17,Kisumu,37810,40,Male,Current,Bill Payment,Internet,120810.23,724687.83,Central
1368,2025-05-05,Nakuru,41543,60,Male,Current,Deposit,Internet,45042.12,702410.85,Rift Valley
1369,2025-09-21,Kisumu,87379,68,Female,Current,Bill Payment,Branch,142361.7,474282.98,Western
1370,2025-06-03,Mombasa,30313,32,Male,Savings,Withdrawal,ATM,116689.82,511244.44,Western
1371,2025-08-03,Nairobi,33556,65,Male,Current,Bill Payment,Mobile,125862.55,684937.33,Western
1372,2025-05-03,Kisumu,88237,72,Female,Current,Bill Payment,Mobile,87898.94,917856.04,Central
1373,2025-11-18,Kisumu,25727,29,Male,Current,Loan Repayment,ATM,143651.26,946767.63,Coast
1374,2025-07-23,Nairobi,23061,72,Male,Current,Withdrawal,Internet,72485.54,219239.09,Rift Valley
1375,2025-01-14,Kisumu,29170,73,Female,Current,Withdrawal,Branch,192464.62,385320.73,Coast
1376,2025-01-22,Kisumu,57581,58,Male,Savings,Transfer,Internet,95114.22,89073.5,Coast
1377,2025-08-27,Nairobi,50452,57,Female,Current,Transfer,Internet,17459.19,667472.21,Western
1378,2025-04-15,Nakuru,70730,60,Female,Current,Loan Repayment,Branch,5379.15,391743.53,Coast
1379,2025-06-02,Kisumu,89142,27,Female,Savings,Deposit,Branch,44625.6,368301.7,Central
1380,2025-07-08,Mombasa,38586,36,Female,Savings,Withdrawal,ATM,1267.39,426310.07,Western
1381,2025-12-24,Mombasa,54426,45,Female,Savings,Withdrawal,Branch,122132.82,173518.2,Coast
1382,2025-09-14,Mombasa,87980,67,Male,Savings,Deposit,Mobile,82288.52,30846.52,Western
1383,2025-04-02,Nairobi,18555,47,Female,Current,Transfer,Mobile,124264.53,790946.79,Western
1384,2025-06-10,Kisumu,28321,55,Female,Current,Deposit,Mobile,74662.21,852723.71,Rift Valley
1385,2025-02-25,Nairobi,86357,33,Male,Savings,Withdrawal,Internet,105541.52,157130.15,Western
1386,2025-01-24,Nairobi,19937,27,Female,Savings,Withdrawal,ATM,129682.99,349660.41,Western
1387,2025-08-28,Nairobi,40302,43,Male,Current,Transfer,Internet,28231.26,457984.15,Central
1388,2025-02-12,Nairobi,97524,60,Female,Current,Withdrawal,Internet,189780.0,290532.05,Rift Valley
1389,2025-09-29,Mombasa,81981,66,Female,Current,Bill Payment,Mobile,182012.13,941720.65,Coast
1390,2025-06-01,Mombasa,29175,23,Female,Savings,Deposit,Internet,92990.89,355056.31,Central
1391,2025-01-24,Mombasa,70991,41,Female,Savings,Bill Payment,Mobile,148194.96,305393.69,Coast
1392,2025-08-29,Eldoret,29153,22,Female,Current,Bill Payment,ATM,132994.33,113124.48,Western
1393,2025-02-01,Nairobi,32711,75,Female,Current,Bill Payment,Mobile,118786.03,260953.96,Rift Valley
1394,2025-08-19,Kisumu,92286,43,Male,Savings,Withdrawal,Mobile,175527.77,42944.71,Central
1395,2025-12-22,Kisumu,58268,69,Male,Savings,Transfer,Mobile,188894.37,556012.86,Central
1396,2025-06-17,Mombasa,66766,53,Male,Current,Transfer,ATM,19564.78,856299.89,Western
1397,2025-04-30,Eldoret,87733,42,Male,Current,Bill Payment,Mobile,4027.06,287866.97,Western
1398,2025-06-21,Nairobi,43110,34,Female,Savings,Bill Payment,Internet,78370.32,891860.55,Rift Valley
1399,2025-07-09,Nakuru,66266,39,Male,Current,Deposit,ATM,104157.85,733643.54,Central
1400,2025-11-16,Mombasa,47530,44,Male,Current,Transfer,ATM,37964.96,544543.33,Rift Valley
1401,2025-01-14,Nakuru,88046,34,Female,Savings,Withdrawal,Branch,134692.25,406029.71,Rift Valley
1402,2025-04-17,Nakuru,50744,23,Male,Current,Bill Payment,Internet,34790.64,65987.46,Western
1403,2025-08-06,Eldoret,25286,41,Female,Current,Withdrawal,ATM,197966.97,937000.38,Rift Valley
1404,2025-08-10,Kisumu,49683,26,Female,Savings,Deposit,Mobile,118083.27,527328.36,Rift Valley
1405,2025-06-23,Nairobi,68951,38,Male,Savings,Bill Payment,Mobile,70560.56,917512.3,Rift Valley
1406,2025-03-25,Eldoret,89333,18,Male,Savings,Deposit,Internet,6685.18,222197.35,Rift Valley
1407,2025-03-22,Mombasa,10579,26,Female,Savings,Withdrawal,Internet,185608.26,865311.08,Rift Valley
1408,2025-10-07,Kisumu,26249,40,Female,Current,Transfer,Internet,16301.97,810582.47,Coast
1409,2025-01-05,Nakuru,25905,19,Male,Current,Withdrawal,ATM,192171.85,318799.27,Rift Valley
1410,2025-05-15,Nairobi,49692,57,Male,Current,Transfer,ATM,65594.05,125885.14,Rift Valley
1411,2025-02-14,Mombasa,28836,51,Male,Savings,Deposit,Mobile,58694.02,898023.14,Rift Valley
1412,2025-07-30,Mombasa,61432,18,Male,Savings,Withdrawal,Internet,76093.57,787208.86,Coast
1413,2025-07-31,Eldoret,21256,20,Male,Current,Deposit,Mobile,192038.53,882961.68,Central
1414,2025-02-12,Eldoret,65288,27,Female,Savings,Bill Payment,ATM,26776.28,538144.28,Western
1415,2025-07-27,Eldoret,62138,58,Male,Current,Loan Repayment,Mobile,162507.84,476648.36,Rift Valley
1416,2025-04-16,Eldoret,34975,23,Female,Savings,Loan Repayment,Mobile,137357.43,73910.62,Western
1417,2025-06-07,Eldoret,86136,25,Male,Savings,Loan Repayment,ATM,40629.41,857576.72,Central
1418,2025-10-26,Nairobi,17822,42,Female,Savings,Bill Payment,ATM,51788.64,451770.64,Rift Valley
1419,2025-05-09,Kisumu,95296,25,Female,Current,Deposit,ATM,74855.0,692517.54,Rift Valley
1420,2025-07-30,Nakuru,59906,20,Male,Savings,Withdrawal,ATM,189573.35,228289.11,Coast
1421,2025-02-07,Nairobi,81401,52,Female,Savings,Withdrawal,Branch,93842.44,749015.33,Rift Valley
1422,2025-01-07,Eldoret,47774,54,Male,Current,Transfer,Branch,79132.07,654422.22,Coast
1423,2025-02-11,Kisumu,35630,75,Female,Savings,Bill Payment,Branch,143842.32,829253.3,Rift Valley
1424,2025-10-09,Eldoret,20361,67,Female,Current,Withdrawal,Branch,132077.37,677810.49,Central
1425,2025-10-16,Kisumu,33117,23,Female,Current,Bill Payment,ATM,163951.46,186093.74,Rift Valley
1426,2025-02-15,Kisumu,70382,47,Female,Savings,Bill Payment,Branch,19258.86,929413.88,Coast
1427,2025-09-12,Mombasa,37399,34,Female,Savings,Deposit,Branch,104261.48,929924.06,Coast
1428,2025-03-06,Mombasa,17645,22,Female,Current,Transfer,Mobile,6366.85,688356.73,Rift Valley
1429,2025-03-21,Nakuru,41062,62,Male,Savings,Transfer,Internet,77076.51,697654.9,Coast
1430,2025-02-26,Mombasa,92948,38,Female,Current,Deposit,Mobile,149179.01,774407.98,Central
1431,2025-05-21,Nairobi,48661,32,Male,Savings,Loan Repayment,ATM,127271.68,171664.56,Central
1432,2025-04-25,Nakuru,67442,50,Female,Current,Loan Repayment,ATM,139190.92,361759.78,Western
1433,2025-02-21,Nakuru,34598,24,Female,Current,Bill Payment,Mobile,17761.59,311715.04,Western
1434,2025-08-27,Kisumu,76419,33,Female,Savings,Transfer,Mobile,90542.99,429366.77,Rift Valley
1435,2025-02-16,Mombasa,85420,23,Female,Savings,Deposit,ATM,129326.5,369466.45,Coast
1436,2025-04-20,Eldoret,82545,52,Male,Current,Withdrawal,Mobile,82634.13,724314.47,Western
1437,2025-01-18,Kisumu,10169,20,Male,Savings,Loan Repayment,Internet,91393.72,906748.71,Rift Valley
1438,2025-01-30,Nairobi,48114,27,Female,Savings,Bill Payment,Internet,155730.01,712706.82,Western
1439,2025-05-25,Eldoret,30265,19,Female,Savings,Bill Payment,ATM,137503.06,206730.24,Central
1440,2025-09-29,Nairobi,22707,39,Male,Savings,Withdrawal,Branch,178006.06,998395.93,Central
1441,2025-08-18,Nakuru,79673,46,Female,Savings,Withdrawal,Branch,111859.52,954014.41,Coast
1442,2025-05-22,Eldoret,29822,44,Female,Current,Loan Repayment,Mobile,102582.24,618394.89,Western
1443,2025-11-05,Nairobi,47375,43,Male,Savings,Transfer,Mobile,97712.15,295102.04,Western
1444,2025-01-24,Eldoret,75110,36,Female,Savings,Withdrawal,Branch,96012.84,608826.48,Central
1445,2025-04-28,Mombasa,73520,68,Male,Savings,Bill Payment,Mobile,84155.66,179247.05,Central
1446,2025-12-12,Eldoret,76873,52,Male,Current,Bill Payment,ATM,73140.67,919073.98,Central
1447,2025-07-03,Kisumu,70416,30,Male,Current,Transfer,Mobile,64166.91,59520.94,Central
1448,2025-09-04,Nairobi,29401,40,Female,Current,Deposit,Branch,99577.24,848385.5,Western
1449,2025-07-05,Kisumu,44844,63,Female,Savings,Transfer,Branch,144834.37,726881.36,Rift Valley
1450,2025-07-18,Eldoret,22130,30,Male,Current,Transfer,ATM,99515.63,177928.99,Coast
1451,2025-02-28,Eldoret,80928,21,Female,Current,Deposit,Branch,164805.61,18085.43,Western
1452,2025-04-25,Kisumu,58110,27,Female,Current,Withdrawal,Internet,95601.21,267421.12,Coast
1453,2025-05-16,Nairobi,41156,67,Male,Savings,Withdrawal,Branch,74955.05,544802.16,Central
1454,2025-10-10,Mombasa,99433,27,Female,Current,Withdrawal,Internet,167114.43,379244.86,Rift Valley
1455,2025-08-04,Eldoret,49089,71,Female,Savings,Transfer,Internet,155191.57,819207.82,Rift Valley
1456,2025-02-16,Kisumu,87278,19,Female,Current,Bill Payment,Branch,83872.42,794909.41,Rift Valley
1457,2025-06-03,Nairobi,17327,59,Male,Current,Withdrawal,Internet,73049.4,510179.01,Western
1458,2025-02-24,Eldoret,29931,41,Female,Savings,Deposit,Branch,83466.11,278693.81,Western
1459,2025-06-11,Nakuru,24748,63,Female,Savings,Bill Payment,Branch,162276.99,728844.91,Rift Valley
1460,2025-01-13,Eldoret,56040,25,Male,Savings,Loan Repayment,Internet,3912.63,832365.64,Coast
1461,2025-09-05,Kisumu,67522,72,Male,Current,Bill Payment,ATM,99302.94,347491.36,Central
1462,2025-10-07,Nairobi,38083,70,Female,Current,Bill Payment,Branch,97599.85,820853.84,Western
1463,2025-01-21,Mombasa,82298,60,Female,Current,Deposit,Internet,179694.14,252827.07,Coast
1464,2025-09-28,Nairobi,76838,54,Male,Savings,Loan Repayment,Internet,80456.78,173360.53,Central
1465,2025-06-28,Kisumu,65917,66,Male,Savings,Deposit,ATM,128245.9,848162.86,Coast
1466,2025-09-13,Nairobi,22557,52,Female,Savings,Transfer,Internet,180438.79,21644.61,Central
1467,2025-04-13,Nakuru,71735,43,Female,Current,Transfer,Internet,105491.03,404894.41,Western
1468,2025-07-25,Nakuru,73818,50,Male,Current,Loan Repayment,ATM,3175.64,598835.3,Rift Valley
1469,2025-09-17,Eldoret,15047,64,Male,Current,Bill Payment,Mobile,18248.22,248615.84,Western
1470,2025-07-23,Eldoret,94132,52,Male,Current,Withdrawal,ATM,154424.66,649006.29,Western
1471,2025-12-12,Eldoret,41509,67,Female,Savings,Withdrawal,Internet,145630.87,290433.47,Western
1472,2025-08-12,Kisumu,20233,67,Male,Current,Bill Payment,Mobile,136544.13,811611.1,Coast
1473,2025-06-23,Nairobi,78286,39,Male,Savings,Bill Payment,ATM,141910.57,15934.6,Rift Valley
1474,2025-07-01,Nakuru,80926,46,Male,Current,Deposit,Internet,120247.5,698747.44,Central
1475,2025-03-08,Kisumu,70143,23,Male,Savings,Bill Payment,Mobile,27446.04,996127.04,Coast
1476,2025-11-21,Eldoret,18837,56,Male,Current,Transfer,Mobile,16647.36,430080.41,Central
1477,2025-07-04,Nakuru,50804,43,Male,Current,Bill Payment,Branch,196629.41,96356.98,Rift Valley
1478,2025-03-03,Mombasa,31939,26,Female,Current,Deposit,Branch,11827.83,841743.12,Coast
1479,2025-10-26,Mombasa,71886,51,Male,Savings,Deposit,ATM,6550.8,640086.49,Central
1480,2025-06-22,Kisumu,66716,38,Male,Current,Withdrawal,Mobile,180197.98,383872.31,Rift Valley
1481,2025-01-05,Kisumu,85033,50,Male,Current,Transfer,Internet,22161.47,261300.39,Western
1482,2025-10-18,Nakuru,29052,59,Male,Savings,Withdrawal,Internet,17249.61,864861.33,Coast
1483,2025-11-09,Mombasa,52088,52,Female,Savings,Deposit,ATM,146715.99,235311.66,Coast
1484,2025-04-20,Nairobi,32329,22,Male,Savings,Transfer,ATM,192207.64,279604.31,Coast
1485,2025-03-24,Kisumu,42322,69,Female,Current,Withdrawal,Internet,88634.98,996712.56,Western
1486,2025-05-24,Kisumu,13559,54,Female,Savings,Transfer,Branch,187871.35,725553.72,Central
1487,2025-09-20,Nakuru,54260,62,Female,Current,Deposit,ATM,16969.21,113393.61,Rift Valley
1488,2025-11-04,Eldoret,20879,21,Male,Savings,Bill Payment,Mobile,26044.25,301407.51,Central
1489,2025-10-04,Eldoret,22048,38,Male,Savings,Transfer,ATM,115900.79,865087.41,Western
1490,2025-05-06,Mombasa,72898,34,Female,Savings,Transfer,ATM,171030.84,638330.62,Rift Valley
1491,2025-02-23,Nairobi,39238,42,Female,Savings,Loan Repayment,Internet,114950.66,558461.55,Central
1492,2025-03-16,Nakuru,76442,51,Male,Current,Transfer,Internet,37941.49,726188.87,Coast
1493,2025-04-09,Eldoret,11970,34,Male,Current,Deposit,Mobile,198333.69,440604.63,Coast
1494,2025-12-20,Eldoret,39212,31,Male,Current,Loan Repayment,Internet,169862.66,283471.47,Western
1495,2025-06-01,Nakuru,14837,60,Female,Current,Transfer,Mobile,13407.44,904731.08,Coast
1496,2025-04-02,Nairobi,68828,61,Female,Current,Withdrawal,Internet,82437.37,199708.28,Rift Valley
1497,2025-08-30,Kisumu,26096,56,Female,Savings,Transfer,Internet,120731.86,574385.97,Rift Valley
1498,2025-06-17,Mombasa,51990,54,Female,Savings,Deposit,Mobile,96738.77,698915.86,Coast
1499,2025-12-30,Mombasa,61931,72,Female,Current,Withdrawal,Internet,180926.37,670759.64,Central
1500,2025-07-10,Eldoret,71436,24,Male,Savings,Deposit,Branch,135818.99,35087.02,Western
1501,2025-11-09,Mombasa,28532,54,Male,Savings,Withdrawal,ATM,136000.93,765553.21,Coast
1502,2025-06-13,Nakuru,58927,52,Female,Current,Withdrawal,Mobile,49386.53,358600.43,Central
1503,2025-04-23,Nakuru,25003,46,Male,Savings,Deposit,Internet,177597.33,329152.55,Rift Valley
1504,2025-10-28,Eldoret,73470,47,Male,Savings,Withdrawal,Branch,108147.63,269625.56,Coast
1505,2025-04-22,Nairobi,12789,45,Female,Savings,Transfer,Mobile,81779.52,607112.0,Western
1506,2025-09-09,Eldoret,92106,62,Male,Current,Withdrawal,Branch,127649.88,49329.62,Rift Valley
1507,2025-05-17,Nairobi,54785,54,Male,Savings,Bill Payment,ATM,64888.4,370037.73,Central
1508,2025-06-13,Nairobi,13261,58,Male,Savings,Transfer,Internet,14983.28,23693.34,Coast
1509,2025-04-24,Nakuru,12900,61,Female,Savings,Bill Payment,Mobile,29593.16,837964.96,Coast
1510,2025-08-02,Nakuru,39523,55,Male,Savings,Withdrawal,Mobile,39061.04,215026.73,Western
1511,2025-07-03,Eldoret,77058,18,Female,Current,Bill Payment,Branch,150316.37,433882.3,Coast
1512,2025-09-08,Mombasa,48848,43,Male,Current,Withdrawal,Mobile,198743.7,832071.07,Rift Valley
1513,2025-02-02,Nakuru,56768,53,Male,Savings,Bill Payment,Branch,188577.14,878579.9,Western
1514,2025-05-26,Mombasa,16274,62,Male,Savings,Withdrawal,Branch,37495.42,615832.35,Rift Valley
1515,2025-12-29,Nairobi,56317,27,Male,Current,Loan Repayment,ATM,52347.17,548832.53,Coast
1516,2025-03-09,Nakuru,52512,25,Male,Current,Withdrawal,Branch,45489.73,31417.06,Coast
1517,2025-02-26,Nakuru,33114,42,Female,Current,Transfer,Mobile,25944.01,141043.95,Central
1518,2025-01-22,Eldoret,27620,19,Male,Savings,Withdrawal,Internet,102520.71,910786.97,Western
1519,2025-08-03,Nairobi,16955,59,Male,Current,Bill Payment,Internet,91016.57,354371.67,Rift Valley
1520,2025-11-21,Nakuru,19910,50,Female,Current,Transfer,Internet,103975.06,236192.88,Rift Valley
1521,2025-09-13,Mombasa,52520,52,Male,Savings,Loan Repayment,Branch,81604.87,340892.77,Rift Valley
1522,2025-03-08,Mombasa,25601,29,Female,Savings,Deposit,Mobile,86990.78,128156.76,Coast
1523,2025-07-16,Kisumu,56937,75,Female,Current,Loan Repayment,Internet,494.81,439669.44,Western
1524,2025-06-09,Nairobi,12224,56,Female,Savings,Bill Payment,ATM,163934.49,436990.56,Coast
1525,2025-10-26,Nakuru,79120,26,Male,Current,Bill Payment,Branch,38195.53,772476.71,Coast
1526,2025-10-24,Nakuru,79246,72,Female,Current,Transfer,ATM,83652.56,974382.08,Central
1527,2025-04-15,Nairobi,23832,47,Female,Current,Loan Repayment,Internet,79798.03,209187.96,Coast
1528,2025-12-12,Nairobi,22381,43,Male,Current,Bill Payment,Branch,189077.42,288432.5,Central
1529,2025-04-22,Nairobi,44307,40,Male,Savings,Loan Repayment,Branch,78991.97,4406.18,Western
1530,2025-12-27,Mombasa,35250,48,Male,Current,Withdrawal,ATM,74334.24,510089.39,Rift Valley
1531,2025-04-27,Kisumu,41569,51,Female,Savings,Bill Payment,Branch,197467.74,336969.93,Western
1532,2025-12-21,Kisumu,90775,75,Male,Savings,Transfer,Internet,164032.63,941996.05,Western
1533,2025-06-14,,99667,29,Male,Current,Transfer,ATM,176661.11,473585.05,Rift Valley
1534,2025-06-04,Nairobi,39161,37,Female,Current,Withdrawal,Branch,97347.24,478335.44,Rift Valley
1535,2025-06-24,Mombasa,28758,68,Male,Current,Deposit,Branch,175365.11,393534.74,Western
1536,2025-05-19,Nairobi,65454,43,Female,Current,Loan Repayment,Mobile,131913.22,220920.51,Rift Valley
1537,2025-10-01,Eldoret,42695,41,Male,Current,Loan Repayment,Mobile,140647.05,233729.6,Central
1538,2025-09-12,Nakuru,90699,62,Female,Current,Transfer,Internet,194406.1,834933.95,Western
1539,2025-09-18,Nakuru,86285,22,Female,Current,Withdrawal,ATM,168832.12,871256.17,Rift Valley
1540,2025-06-27,Eldoret,50256,20,Female,Current,Loan Repayment,Branch,64302.1,646112.09,Western
1541,2025-02-24,Nairobi,95225,69,Male,Savings,Loan Repayment,Internet,38829.71,101224.25,Central
1542,2025-12-11,Mombasa,44273,39,Female,Current,Bill Payment,ATM,111382.98,46363.72,Western
1543,2025-03-20,Nakuru,32908,53,Female,Current,Withdrawal,Branch,135693.71,947209.95,Western
1544,2025-03-19,Nakuru,51208,58,Female,Current,Transfer,Internet,155066.87,654425.03,Rift Valley
1545,2025-11-19,Nakuru,79951,38,Female,Savings,Bill Payment,Internet,179536.03,855703.2,Central
1546,2025-03-30,Mombasa,40913,61,Female,Savings,Withdrawal,Mobile,158053.74,865137.95,Western
1547,2025-10-07,Nakuru,44141,71,Female,Savings,Bill Payment,Branch,60953.69,820706.48,Rift Valley
1548,2025-10-03,Mombasa,48311,35,Female,Savings,Transfer,Mobile,91390.68,463761.21,Central
1549,2025-07-14,Kisumu,38053,47,Female,Savings,Transfer,ATM,53091.06,614382.9,Central
1550,2025-01-10,Mombasa,35542,70,Female,Current,Withdrawal,Branch,134496.04,259439.67,Central
1551,2025-05-27,Nairobi,55948,24,Female,Current,Bill Payment,Internet,72755.42,701732.99,Central
1552,2025-08-02,Nairobi,89927,39,Female,Current,Deposit,Mobile,104851.07,322944.89,Coast
1553,2025-02-15,Nairobi,17185,57,Male,Savings,Deposit,Mobile,197678.54,416835.45,Coast
1554,2025-04-30,Kisumu,58961,49,Male,Current,Deposit,Internet,28515.89,153034.83,Rift Valley
1555,2025-09-04,Nairobi,36466,58,Female,Current,Loan Repayment,Internet,84820.93,502804.95,Rift Valley
1556,2025-11-09,Nairobi,10099,25,Female,Savings,Deposit,Branch,178683.97,793342.22,Rift Valley
1557,2025-11-17,Nairobi,54233,51,Male,Savings,Deposit,ATM,152730.88,681958.45,Central
1558,2025-09-16,Eldoret,12301,34,Male,Current,Loan Repayment,Internet,8757.94,805507.16,Coast
1559,2025-10-12,Eldoret,45814,63,Female,Savings,Bill Payment,Mobile,110959.83,138420.15,Rift Valley
1560,2025-02-12,Nairobi,60727,30,Female,Savings,Withdrawal,Branch,134994.77,416912.03,Central
1561,2025-05-07,Nakuru,30284,24,Male,Savings,Bill Payment,Mobile,196229.93,56474.85,Rift Valley
1562,2025-01-17,Kisumu,14079,71,Female,Savings,Transfer,Internet,69101.68,340977.56,Coast
1563,2025-06-05,Nakuru,71366,59,Female,Savings,Transfer,Branch,130349.8,3849.37,Rift Valley
1564,2025-02-23,Nakuru,87810,58,Female,Current,Withdrawal,Mobile,79101.2,147986.42,Coast
1565,2025-12-03,Kisumu,90413,63,Female,Savings,Loan Repayment,ATM,125462.09,776377.87,Coast
1566,2025-03-30,Mombasa,81201,70,Male,Savings,Deposit,Mobile,158474.54,383644.78,Rift Valley
1567,2025-05-05,Nakuru,83251,26,Female,Current,Bill Payment,ATM,36030.85,448531.53,Western
1568,2025-12-01,Mombasa,26623,21,Female,Current,Transfer,Internet,36328.72,182831.82,Rift Valley
1569,2025-02-12,Nakuru,25420,53,Male,Savings,Transfer,Internet,53377.46,552543.99,Central
1570,2025-01-14,Nakuru,60980,69,Male,Savings,Bill Payment,Branch,120333.12,444589.1,Western
1571,2025-06-06,Mombasa,44163,26,Female,Current,Bill Payment,Branch,147930.63,281311.3,Western
1572,2025-07-29,Nairobi,17278,23,Female,Savings,Deposit,Mobile,66615.62,325931.87,Coast
1573,2025-11-21,Kisumu,40075,44,Female,Current,Loan Repayment,Branch,63885.41,953372.31,Coast
1574,2025-10-08,Kisumu,10139,66,Male,Current,Withdrawal,Branch,62520.44,177420.64,Western
1575,2025-10-01,Nakuru,34370,30,Male,Savings,Deposit,ATM,163075.34,1021.72,Western
1576,2025-11-23,Nairobi,98019,74,Male,Current,Transfer,Mobile,86347.17,880530.55,Central
1577,2025-05-28,Nakuru,25331,45,Male,Current,Withdrawal,Internet,102331.92,567580.66,Rift Valley
1578,2025-10-05,Nakuru,79768,53,Female,Current,Transfer,Branch,32718.0,630947.48,Coast
1579,2025-11-14,Nakuru,70279,42,Male,Savings,Deposit,ATM,48393.43,978693.58,Western
1580,2025-01-24,Nakuru,25725,30,Female,Savings,Bill Payment,Mobile,184285.9,595949.06,Rift Valley
1581,2025-06-21,Nairobi,64796,57,Female,Savings,Withdrawal,Internet,92508.2,918175.08,Western
1582,2025-02-20,Eldoret,24567,70,Male,Current,Bill Payment,Branch,53292.5,456924.01,Western
1583,2025-08-12,Eldoret,77673,26,Male,Savings,Loan Repayment,Mobile,184563.03,518584.86,Rift Valley
1584,2025-09-20,Nakuru,94309,75,Female,Current,Transfer,ATM,185424.87,377370.98,Central
1585,2025-02-11,Kisumu,36701,35,Female,Current,Withdrawal,Branch,55066.28,390784.63,Rift Valley
1586,2025-04-08,Nairobi,32408,63,Male,Savings,Bill Payment,ATM,40729.05,858890.39,Rift Valley
1587,2025-08-28,Nairobi,15877,71,Male,Savings,Deposit,Branch,157295.09,847094.0,Coast
1588,2025-11-18,Eldoret,94421,56,Female,Savings,Bill Payment,Branch,21905.62,471433.23,Coast
1589,2025-12-28,Eldoret,70244,37,Female,Savings,Bill Payment,ATM,57739.74,488952.71,Rift Valley
1590,2025-05-16,,83027,44,Female,Current,Deposit,Branch,131326.61,189612.89,Rift Valley
1591,2025-04-27,Kisumu,93630,28,Male,Current,Withdrawal,Branch,43818.15,130813.11,Central
1592,2025-10-21,Mombasa,32645,18,Male,Savings,Loan Repayment,Mobile,103308.3,416684.12,Central
1593,2025-11-23,Mombasa,52269,35,Male,Current,Deposit,Branch,180188.19,189089.1,Rift Valley
1594,2025-10-28,Kisumu,25757,64,Male,Savings,Transfer,Internet,50375.03,932245.31,Western
1595,2025-03-06,Nairobi,96440,23,Female,Current,Deposit,Mobile,16459.83,500016.91,Rift Valley
1596,2025-01-14,Mombasa,42177,26,Female,Savings,Withdrawal,Branch,154631.98,313588.75,Central
1597,2025-10-10,Kisumu,60195,19,Female,Savings,Deposit,Internet,99581.72,578014.83,Rift Valley
1598,2025-02-12,Nairobi,75193,26,Female,Current,Bill Payment,Internet,166359.62,10489.35,Coast
1599,2025-04-02,Mombasa,43831,66,Female,Current,Withdrawal,ATM,191117.84,174314.16,Western
1600,2025-10-30,Eldoret,86857,51,Male,Current,Bill Payment,Mobile,98988.39,24692.04,Western
1601,2025-02-23,Nairobi,84402,46,Female,Savings,Deposit,Mobile,163956.03,987932.71,Central
1602,2025-03-06,Mombasa,73512,52,Female,Savings,Transfer,Branch,63168.7,78624.33,Central
1603,2025-08-22,Nairobi,18888,24,Female,Current,Deposit,Branch,169145.4,446881.49,Coast
1604,2025-01-27,Nakuru,67712,35,Female,Current,Withdrawal,Mobile,27049.87,600410.04,Rift Valley
1605,2025-05-09,Kisumu,35995,21,Male,Savings,Loan Repayment,Branch,195942.55,614110.21,Coast
1606,2025-04-10,Mombasa,51914,33,Male,Current,Withdrawal,Internet,84278.65,942043.54,Central
1607,2025-06-07,Nakuru,19193,62,Female,Current,Deposit,Branch,113227.74,615093.91,Rift Valley
1608,2025-08-08,Eldoret,63946,56,Female,Current,Loan Repayment,ATM,78018.59,171332.1,Coast
1609,2025-01-04,Kisumu,79428,21,Male,Current,Transfer,Branch,173387.69,322752.32,Western
1610,2025-01-03,Kisumu,42004,70,Male,Current,Deposit,Mobile,106256.73,627397.37,Central
1611,2025-03-31,Nakuru,82354,27,Female,Savings,Bill Payment,Branch,149080.74,939532.68,Coast
1612,2025-09-18,Eldoret,58187,50,Female,Savings,Transfer,Branch,164204.69,531380.62,Rift Valley
1613,2025-04-10,Eldoret,50681,60,Female,Current,Loan Repayment,Branch,105628.67,110950.3,Western
1614,2025-02-04,Nakuru,94988,64,Female,Current,Bill Payment,ATM,1195.25,591451.91,Coast
1615,2025-05-11,Mombasa,30456,31,Male,Current,Loan Repayment,Internet,46368.76,647653.87,Central
1616,2025-12-12,Mombasa,88824,73,Male,Savings,Bill Payment,ATM,188139.53,961404.98,Coast
1617,2025-04-19,Nairobi,90504,69,Female,Current,Bill Payment,Mobile,28622.64,588029.64,Coast
1618,2025-07-18,Nairobi,23462,31,Female,Current,Transfer,ATM,147659.3,229313.55,Western
1619,2025-03-27,Mombasa,35718,29,Male,Current,Loan Repayment,ATM,114146.15,349473.33,Rift Valley
1620,2025-05-02,Eldoret,60684,40,Female,Current,Loan Repayment,Mobile,199767.19,665354.41,Rift Valley
1621,2025-01-27,Kisumu,30216,39,Female,Savings,Bill Payment,ATM,44251.55,915030.86,Coast
1622,2025-08-08,Eldoret,40335,42,Female,Savings,Deposit,Branch,95254.43,33365.58,Central
1623,2025-12-09,Nakuru,10362,43,Female,Current,Deposit,Branch,197663.84,387604.17,Coast
1624,2025-04-25,Nairobi,74357,45,Male,Savings,Deposit,ATM,38832.1,631387.77,Western
1625,2025-03-31,Mombasa,27939,35,Female,Current,Withdrawal,Internet,20884.47,846052.16,Central
1626,2025-04-13,Nairobi,86632,52,Female,Savings,Loan Repayment,Branch,108000.06,817023.63,Coast
1627,2025-02-24,Eldoret,85147,24,Female,Savings,Bill Payment,Internet,155229.12,380392.65,Coast
1628,2025-11-20,Nairobi,77136,75,Male,Current,Bill Payment,Internet,75917.53,436417.72,Western
1629,2025-07-09,Nairobi,30460,34,Male,Current,Deposit,Mobile,83429.43,139118.81,Western
1630,2025-06-07,Nairobi,17507,73,Female,Current,Withdrawal,ATM,34810.63,459369.33,Western
1631,2025-08-15,Nairobi,79323,68,Female,Savings,Bill Payment,Mobile,114681.65,395258.79,Western
1632,2025-10-09,Eldoret,79475,67,Male,Current,Bill Payment,Mobile,176220.64,323421.74,Western
1633,2025-05-23,Eldoret,60047,33,Female,Savings,Deposit,ATM,50397.58,236257.41,Central
1634,2025-10-09,Eldoret,91366,70,Female,Savings,Withdrawal,Mobile,118215.55,902291.2,Western
1635,2025-11-03,Nairobi,51415,56,Female,Savings,Deposit,Mobile,21354.42,413824.65,Western
1636,2025-04-28,Kisumu,30758,54,Male,Savings,Withdrawal,ATM,87687.22,954250.5,Central
1637,2025-11-30,,77617,27,Male,Savings,Transfer,Internet,16615.92,348837.87,Rift Valley
1638,2025-11-27,Nairobi,34963,71,Male,Current,Loan Repayment,Internet,154250.68,677155.64,Central
1639,2025-02-05,Kisumu,79333,71,Male,Savings,Bill Payment,Mobile,116218.43,758297.6,Central
1640,2025-06-29,Nairobi,53710,46,Female,Savings,Deposit,Mobile,128451.92,491514.17,Central
1641,2025-06-16,Eldoret,11843,67,Female,Savings,Withdrawal,Branch,160396.38,281017.09,Central
1642,2025-12-11,Eldoret,20910,58,Male,Savings,Withdrawal,Mobile,108715.53,405601.5,Rift Valley
1643,2025-04-26,Eldoret,73976,21,Male,Savings,Deposit,Mobile,149802.21,462564.92,Coast
1644,2025-07-19,Eldoret,83298,25,Male,Current,Withdrawal,Mobile,31211.19,224014.14,Western
1645,2025-08-11,Mombasa,40465,35,Female,Savings,Withdrawal,Internet,174084.52,49629.82,Rift Valley
1646,2025-07-10,Nairobi,89693,25,Female,Current,Loan Repayment,Internet,153308.25,5563.13,Coast
1647,2025-08-26,Mombasa,55004,25,Male,Current,Withdrawal,ATM,164775.4,670083.1,Western
1648,2025-10-17,Eldoret,75556,56,Female,Savings,Deposit,Mobile,27963.12,664196.56,Western
1649,2025-06-18,Nakuru,57122,67,Male,Savings,Bill Payment,Mobile,7528.82,542604.98,Central
1650,2025-08-24,Mombasa,31687,28,Male,Savings,Bill Payment,Internet,65723.89,488490.5,Western
1651,2025-09-10,Mombasa,15032,51,Female,Current,Loan Repayment,Branch,6838.04,169112.34,Western
1652,2025-10-22,Kisumu,33435,37,Male,Current,Bill Payment,Branch,99583.61,5463.02,Rift Valley
1653,2025-08-27,Mombasa,47124,54,Female,Current,Loan Repayment,Internet,85404.26,203111.16,Central
1654,2025-01-14,Kisumu,49808,48,Male,Current,Bill Payment,Mobile,117578.86,223778.85,Central
1655,2025-05-23,Kisumu,12541,57,Female,Current,Loan Repayment,Internet,197920.56,771005.41,Central
1656,2025-11-02,Kisumu,38274,45,Male,Current,Deposit,Branch,86359.34,102441.04,Rift Valley
1657,2025-08-31,Eldoret,49818,32,Female,Current,Withdrawal,ATM,14972.38,850730.57,Central
1658,2025-02-03,Nakuru,44030,46,Male,Current,Bill Payment,Mobile,135826.41,85702.82,Rift Valley
1659,2025-09-04,Mombasa,27103,73,Female,Current,Bill Payment,Mobile,190654.7,327259.99,Central
1660,2025-01-17,Eldoret,72061,27,Male,Savings,Transfer,Internet,121422.72,287787.47,Rift Valley
1661,2025-12-20,Nairobi,25036,74,Male,Savings,Loan Repayment,Branch,103542.69,665662.39,Coast
1662,2025-02-22,Nairobi,32764,23,Female,Savings,Transfer,Branch,31392.93,962099.51,Western
1663,2025-06-06,Eldoret,38235,62,Female,Savings,Bill Payment,Internet,15103.88,741789.19,Western
1664,2025-09-17,Mombasa,48922,52,Female,Current,Loan Repayment,Internet,84220.54,44735.85,Rift Valley
1665,2025-07-30,Kisumu,23692,73,Female,Current,Bill Payment,ATM,27816.26,32983.3,Central
1666,2025-10-29,Kisumu,56925,38,Female,Savings,Loan Repayment,Mobile,106586.61,532910.9,Coast
1667,2025-09-28,Kisumu,33107,19,Female,Current,Bill Payment,Branch,27306.54,308706.87,Western
1668,2025-01-12,Eldoret,82985,28,Female,Current,Bill Payment,Branch,73168.8,71485.69,Rift Valley
1669,2025-06-26,Kisumu,82854,22,Male,Current,Transfer,Branch,114656.66,637900.34,Western
1670,2025-11-08,Eldoret,44397,24,Male,Savings,Transfer,ATM,170762.16,139323.86,Central
1671,2025-05-21,Eldoret,44287,23,Female,Savings,Bill Payment,Branch,45714.39,84186.62,Rift Valley
1672,2025-07-08,Mombasa,88581,69,Male,Savings,Withdrawal,Internet,63227.14,422975.75,Coast
1673,2025-09-10,Eldoret,44726,55,Male,Current,Loan Repayment,Mobile,46391.98,625639.04,Central
1674,2025-06-14,Nakuru,48687,39,Male,Savings,Bill Payment,Internet,105390.99,234113.84,Central
1675,2025-01-24,Eldoret,49717,34,Male,Current,Bill Payment,ATM,69817.83,676537.47,Western
1676,2025-02-25,Kisumu,37673,47,Female,Current,Bill Payment,Mobile,182904.74,347807.39,Western
1677,2025-07-05,Nakuru,30600,71,Male,Savings,Loan Repayment,Branch,28995.06,774686.03,Coast
1678,2025-05-30,Mombasa,14441,42,Male,Current,Transfer,Mobile,172276.75,277815.65,Western
1679,2025-06-02,Nakuru,51893,38,Male,Savings,Transfer,Internet,80113.57,432000.87,Rift Valley
1680,2025-12-25,Mombasa,30282,48,Female,Savings,Withdrawal,ATM,66958.61,374321.93,Rift Valley
1681,2025-08-24,Eldoret,81933,68,Male,Current,Withdrawal,ATM,119410.03,34450.43,Western
1682,2025-09-17,Kisumu,86277,39,Male,Savings,Withdrawal,Branch,177976.51,737110.97,Central
1683,2025-02-03,Kisumu,74849,66,Male,Savings,Loan Repayment,Internet,67222.26,449040.29,Western
1684,2025-04-22,Mombasa,44972,55,Female,Savings,Transfer,Mobile,131352.63,926149.87,Central
1685,2025-10-25,Kisumu,76794,49,Female,Current,Loan Repayment,Mobile,82910.65,977971.84,Rift Valley
1686,2025-05-25,Mombasa,18309,30,Female,Current,Transfer,Internet,19492.26,681366.49,Coast
1687,2025-04-30,Kisumu,77774,61,Female,Current,Withdrawal,ATM,7825.9,223392.08,Central
1688,2025-05-10,Eldoret,11910,63,Female,Savings,Withdrawal,ATM,40795.54,912512.22,Central
1689,2025-08-30,Eldoret,96988,33,Male,Savings,Transfer,ATM,128270.74,343554.47,Rift Valley
1690,2025-05-11,Nakuru,46962,32,Female,Savings,Transfer,ATM,121095.52,809969.29,Central
1691,2025-09-18,Kisumu,70249,47,Female,Savings,Bill Payment,Internet,73788.38,158318.1,Coast
1692,2025-09-21,Mombasa,76607,27,Female,Savings,Loan Repayment,Internet,88790.61,401373.98,Rift Valley
1693,2025-01-23,Nakuru,49829,42,Male,Current,Deposit,Mobile,62779.57,176505.88,Coast
1694,2025-03-27,Eldoret,83775,64,Male,Savings,Loan Repayment,Branch,57716.32,948278.2,Rift Valley
1695,2025-08-24,Mombasa,53906,52,Male,Savings,Deposit,Internet,99357.09,716860.26,Western
1696,2025-06-09,Kisumu,43945,64,Male,Current,Bill Payment,Internet,1992.54,376784.54,Western
1697,2025-08-09,Eldoret,79515,56,Male,Savings,Loan Repayment,Branch,169371.14,126569.34,Central
1698,2025-10-07,Eldoret,82226,57,Female,Current,Deposit,Mobile,148599.81,987212.78,Central
1699,2025-12-21,Eldoret,39998,32,Female,Savings,Withdrawal,Mobile,1065.01,68228.47,Western
1700,2025-12-12,Nakuru,68180,19,Male,Savings,Transfer,Mobile,128065.02,387861.91,Rift Valley
1701,2025-02-19,Kisumu,70736,32,Male,Savings,Bill Payment,Branch,94204.24,79259.17,Central
1702,2025-06-27,Kisumu,21641,69,Male,Current,Bill Payment,Internet,123834.74,190864.98,Rift Valley
1703,2025-09-02,Nairobi,98400,46,Female,Savings,Bill Payment,Mobile,7525.15,418527.73,Central
1704,2025-12-19,Eldoret,15287,72,Female,Savings,Transfer,Internet,4122.95,241557.42,Western
1705,2025-10-21,Nairobi,16264,29,Male,Current,Deposit,Mobile,181992.27,349914.49,Rift Valley
1706,2025-02-10,Nakuru,77591,62,Female,Savings,Loan Repayment,Internet,6185.06,113865.38,Rift Valley
1707,2025-06-18,Nakuru,99342,48,Female,Current,Bill Payment,ATM,176976.42,105890.33,Western
1708,2025-08-15,Nairobi,82475,19,Male,Current,Transfer,Mobile,18844.61,835904.36,Coast
1709,2025-08-02,Mombasa,84525,65,Female,Current,Bill Payment,ATM,14758.54,983729.04,Central
1710,2025-02-21,Mombasa,17884,29,Male,Savings,Withdrawal,Mobile,43770.63,243001.93,Western
1711,2025-05-02,Eldoret,60103,65,Male,Savings,Withdrawal,Mobile,110337.93,396478.94,Central
1712,2025-03-07,Kisumu,39164,23,Male,Savings,Loan Repayment,Internet,123832.56,183071.0,Rift Valley
1713,2025-04-29,Mombasa,38913,65,Female,Savings,Deposit,Internet,139648.41,458832.13,Coast
1714,2025-11-02,Mombasa,41481,51,Female,Current,Bill Payment,Mobile,177710.54,681030.6,Coast
1715,2025-06-30,Eldoret,19825,46,Female,Savings,Bill Payment,Internet,79498.56,883786.4,Western
1716,2025-07-11,Nakuru,55880,23,Female,Savings,Withdrawal,ATM,174871.32,581252.83,Western
1717,2025-04-18,Kisumu,38425,38,Male,Savings,Withdrawal,Internet,47996.4,931013.61,Central
1718,2025-02-28,Nakuru,75448,23,Male,Savings,Withdrawal,Branch,124664.5,548686.73,Western
1719,2025-08-02,Nairobi,40330,54,Male,Current,Loan Repayment,Internet,193699.36,692041.11,Coast
1720,2025-07-25,Eldoret,51187,26,Female,Current,Transfer,Branch,134684.75,987941.89,Western
1721,2025-04-19,Mombasa,16380,31,Female,Savings,Bill Payment,Branch,153311.57,291164.94,Rift Valley
1722,2025-01-09,Eldoret,63709,19,Female,Current,Withdrawal,ATM,135532.45,742922.43,Coast
1723,2025-08-04,Mombasa,39156,28,Female,Savings,Bill Payment,Mobile,130677.18,869023.15,Central
1724,2025-10-12,Nakuru,90305,45,Male,Savings,Deposit,Branch,108825.49,430277.26,Western
1725,2025-04-29,Kisumu,43009,25,Male,Savings,Bill Payment,Mobile,153923.82,164565.18,Rift Valley
1726,2025-09-06,Nairobi,35674,24,Female,Current,Withdrawal,Internet,107699.25,919334.72,Coast
1727,2025-03-20,Eldoret,58375,73,Male,Savings,Withdrawal,Branch,16512.49,492633.12,Central
1728,2025-05-15,Mombasa,42385,19,Male,Savings,Withdrawal,Branch,171146.75,340838.92,Western
1729,2025-08-26,Kisumu,35192,45,Male,Current,Withdrawal,Mobile,115979.32,927343.17,Western
1730,2025-03-27,Mombasa,46798,69,Male,Savings,Transfer,ATM,135658.6,982013.37,Coast
1731,2025-09-09,Eldoret,78955,36,Male,Current,Withdrawal,Branch,165206.62,728745.86,Rift Valley
1732,2025-12-10,Eldoret,56331,68,Male,Current,Withdrawal,Branch,87621.54,762441.04,Central
1733,2025-11-22,Nairobi,93499,53,Female,Current,Bill Payment,ATM,98031.47,508987.05,Coast
1734,2025-08-06,Mombasa,81511,73,Male,Current,Deposit,ATM,135547.07,990291.89,Rift Valley
1735,2025-12-11,Kisumu,11171,49,Male,Savings,Loan Repayment,Branch,193339.53,315839.65,Central
1736,2025-08-25,Kisumu,81144,69,Male,Savings,Deposit,Branch,178848.08,672624.27,Rift Valley
1737,2025-10-15,Kisumu,55353,43,Male,Savings,Transfer,Branch,195904.46,467025.57,Rift Valley
1738,2025-04-29,Eldoret,96033,22,Female,Current,Loan Repayment,Mobile,33092.06,435065.63,Western
1739,2025-10-26,Eldoret,41210,24,Female,Savings,Transfer,Branch,98141.14,914672.01,Central
1740,2025-01-12,Eldoret,55986,34,Female,Current,Loan Repayment,Internet,33389.21,898841.65,Coast
1741,2025-01-21,Kisumu,43094,37,Female,Current,Withdrawal,Internet,38915.9,280196.78,Central
1742,2025-04-30,Eldoret,58353,22,Female,Current,Bill Payment,Internet,100499.93,888621.5,Central
1743,2025-07-12,Mombasa,29856,62,Male,Savings,Loan Repayment,ATM,175231.75,339703.47,Western
1744,2025-01-09,,68167,41,Male,Current,Bill Payment,Mobile,152829.53,869879.07,Coast
1745,2025-02-17,Nairobi,96918,62,Male,Current,Transfer,ATM,171378.78,521457.36,Rift Valley
1746,2025-04-22,Kisumu,83751,51,Female,Current,Withdrawal,Mobile,128840.89,224466.29,Rift Valley
1747,2025-06-14,Mombasa,39070,42,Female,Current,Transfer,Mobile,105484.02,721865.05,Central
1748,2025-10-15,Eldoret,67951,41,Male,Savings,Transfer,Mobile,132390.14,347381.26,Rift Valley
1749,2025-10-08,Nairobi,94722,56,Female,Current,Withdrawal,ATM,29065.2,900098.65,Coast
1750,2025-02-02,Mombasa,25656,28,Male,Current,Transfer,Internet,39110.71,473606.05,Western
1751,2025-07-27,Kisumu,35218,26,Female,Current,Bill Payment,Mobile,193459.69,348475.14,Rift Valley
1752,2025-03-24,Kisumu,49042,66,Female,Current,Transfer,ATM,61133.63,773985.12,Central
1753,2025-10-17,Eldoret,85151,44,Female,Savings,Withdrawal,Internet,122869.63,662081.75,Coast
1754,2025-02-06,Mombasa,15886,52,Male,Savings,Bill Payment,Mobile,47448.96,880118.49,Coast
1755,2025-12-17,Nakuru,27568,22,Male,Current,Withdrawal,Mobile,186476.9,964499.15,Western
1756,2025-11-30,Nairobi,70352,62,Female,Current,Transfer,ATM,161221.43,552942.16,Western
1757,2025-12-30,Nakuru,89875,70,Male,Current,Deposit,Mobile,96390.38,904247.89,Rift Valley
1758,2025-06-23,Mombasa,79610,59,Male,Savings,Transfer,Mobile,33385.51,870576.1,Coast
1759,2025-05-27,Mombasa,19777,56,Female,Current,Transfer,Branch,78753.45,307193.85,Rift Valley
1760,2025-01-18,Kisumu,15150,43,Male,Current,Loan Repayment,Internet,94177.0,782353.16,Western
1761,2025-02-17,Kisumu,62362,44,Female,Current,Loan Repayment,Mobile,43192.34,254999.37,Coast
1762,2025-10-04,Eldoret,96919,35,Female,Savings,Withdrawal,Mobile,108878.74,282125.74,Coast
1763,2025-11-25,Nairobi,26887,26,Male,Savings,Loan Repayment,ATM,139388.16,823327.08,Central
1764,2025-07-04,Kisumu,45066,62,Female,Current,Deposit,Branch,137395.4,516050.95,Western
1765,2025-01-23,Mombasa,93167,48,Male,Current,Loan Repayment,ATM,172454.91,660709.61,Western
1766,2025-05-03,Nakuru,81846,22,Female,Savings,Bill Payment,ATM,110797.64,612822.36,Central
1767,2025-05-09,Mombasa,37651,40,Female,Savings,Bill Payment,Mobile,146894.18,812584.4,Western
1768,2025-12-09,Kisumu,18220,51,Female,Current,Transfer,Internet,95450.22,158955.28,Rift Valley
1769,2025-06-28,Nairobi,33389,68,Female,Savings,Withdrawal,ATM,52830.39,304032.44,Central
1770,2025-03-19,Mombasa,77599,31,Female,Current,Withdrawal,ATM,123024.74,582099.4,Coast
1771,2025-11-14,Nairobi,79444,74,Male,Current,Transfer,Mobile,37782.94,844656.21,Western
1772,2025-05-21,Nairobi,57106,70,Female,Savings,Loan Repayment,Branch,153692.47,315360.98,Western
1773,2025-08-17,Eldoret,44601,54,Male,Current,Loan Repayment,Internet,56441.06,308093.99,Coast
1774,2025-03-28,Kisumu,12933,47,Male,Savings,Loan Repayment,Branch,47033.98,452130.64,Coast
1775,2025-02-20,Eldoret,95776,61,Male,Current,Transfer,Branch,157352.32,308312.85,Western
1776,2025-12-28,Mombasa,63785,43,Female,Savings,Withdrawal,Mobile,176393.4,931877.24,Western
1777,2025-04-10,Kisumu,20791,44,Female,Current,Loan Repayment,ATM,167419.29,649475.04,Rift Valley
1778,2025-12-11,Eldoret,80049,33,Female,Current,Loan Repayment,Mobile,141378.94,323929.97,Central
1779,2025-01-29,Mombasa,15983,53,Male,Savings,Bill Payment,ATM,147839.79,241259.96,Rift Valley
1780,2025-03-13,Mombasa,54272,31,Male,Current,Withdrawal,Internet,158897.25,681471.53,Rift Valley
1781,2025-07-06,Eldoret,29178,30,Female,Current,Deposit,Mobile,192293.37,341180.04,Rift Valley
1782,2025-08-16,Kisumu,81393,48,Female,Current,Bill Payment,Branch,28126.0,952331.05,Coast
1783,2025-07-17,Nakuru,15201,39,Male,Current,Transfer,Internet,104039.6,542320.01,Western
1784,2025-02-23,Mombasa,96026,45,Female,Current,Deposit,Branch,23456.39,228757.35,Western
1785,2025-12-10,Nairobi,80465,42,Female,Savings,Bill Payment,ATM,1237.67,691016.36,Coast
1786,2025-10-23,Nakuru,69745,47,Female,Current,Bill Payment,Mobile,35914.74,465912.67,Western
1787,2025-05-06,Nakuru,96360,33,Female,Current,Withdrawal,ATM,176988.25,493151.0,Rift Valley
1788,2025-01-05,Nairobi,77200,45,Male,Current,Withdrawal,Branch,34795.07,527332.23,Coast
1789,2025-10-26,Nairobi,70592,18,Female,Savings,Loan Repayment,ATM,56041.43,537011.68,Western
1790,2025-07-19,Nairobi,44073,74,Male,Current,Deposit,Branch,117825.82,998671.93,Central
1791,2025-04-12,Nakuru,40971,31,Female,Savings,Deposit,Internet,144538.81,119000.72,Western
1792,2025-07-25,Mombasa,43214,28,Male,Current,Deposit,Branch,78031.4,38813.09,Central
1793,2025-10-02,Mombasa,80096,20,Male,Current,Deposit,Mobile,152069.65,377486.5,Western
1794,2025-01-11,Kisumu,24528,58,Female,Savings,Loan Repayment,Internet,36840.68,253766.54,Coast
1795,2025-05-19,Eldoret,32113,64,Male,Current,Deposit,Mobile,195169.92,516591.99,Western
1796,2025-10-12,Mombasa,96208,68,Male,Savings,Deposit,Mobile,94013.05,455649.63,Rift Valley
1797,2025-03-04,Nakuru,64408,50,Female,Savings,Deposit,Internet,134494.06,134691.79,Central
1798,2025-02-12,Nakuru,73119,33,Male,Current,Loan Repayment,Mobile,88034.8,652712.3,Central
1799,2025-05-27,Eldoret,80963,36,Male,Savings,Bill Payment,ATM,127399.22,984437.45,Western
1800,2025-10-10,Kisumu,76602,56,Male,Current,Loan Repayment,Mobile,168508.59,178559.92,Coast
1801,2025-03-19,Eldoret,28013,74,Male,Current,Transfer,Branch,132887.34,673809.45,Coast
1802,2025-05-19,Eldoret,67763,47,Female,Savings,Transfer,Internet,125082.68,92375.14,Coast
1803,2025-07-25,,99631,61,Female,Savings,Deposit,Internet,111000.41,321313.75,Central
1804,2025-03-13,Kisumu,18372,53,Female,Current,Withdrawal,ATM,157924.15,251624.22,Central
1805,2025-12-23,Nairobi,67886,57,Male,Savings,Bill Payment,Mobile,39960.63,243092.28,Western
1806,2025-04-28,Nakuru,66372,40,Male,Current,Withdrawal,Internet,82530.08,46049.55,Western
1807,2025-01-03,Kisumu,65802,72,Female,Current,Bill Payment,Mobile,159593.09,579129.74,Western
1808,2025-06-07,Mombasa,94184,59,Female,Current,Loan Repayment,Branch,28706.51,500054.61,Coast
1809,2025-09-12,Nakuru,31272,21,Female,Current,Withdrawal,ATM,117551.36,438671.29,Rift Valley
1810,2025-02-06,Mombasa,66527,18,Female,Current,Deposit,Branch,66338.5,280463.01,Rift Valley
1811,2025-10-13,Nakuru,90583,74,Female,Current,Bill Payment,ATM,197926.15,681089.2,Western
1812,2025-07-11,Nairobi,55090,61,Female,Savings,Withdrawal,Branch,168909.36,764041.5,Central
1813,2025-12-19,Nairobi,35228,28,Male,Current,Transfer,Branch,29733.87,636247.08,Rift Valley
1814,2025-11-03,Kisumu,80076,63,Male,Current,Deposit,ATM,52413.23,499365.39,Central
1815,2025-05-27,Nakuru,76088,70,Female,Savings,Deposit,Internet,52007.94,27004.7,Central
1816,2025-04-22,Eldoret,99971,69,Female,Savings,Transfer,Internet,22799.98,652018.66,Western
1817,2025-02-21,Eldoret,70396,47,Female,Current,Deposit,Mobile,127600.67,344320.14,Central
1818,2025-10-19,Nakuru,18874,40,Female,Savings,Loan Repayment,Internet,51348.14,834628.9,Coast
1819,2025-03-11,Kisumu,63607,53,Female,Current,Deposit,ATM,113486.34,164919.19,Rift Valley
1820,2025-02-16,Eldoret,30551,65,Male,Current,Deposit,Branch,137489.05,431138.41,Rift Valley
1821,2025-11-11,Kisumu,25233,27,Male,Current,Loan Repayment,Mobile,188315.53,557609.95,Coast
1822,2025-09-22,Eldoret,47282,70,Male,Current,Bill Payment,ATM,195212.52,120631.04,Coast
1823,2025-08-24,Kisumu,30589,43,Female,Savings,Deposit,Mobile,80181.6,826370.2,Central
1824,2025-10-21,Eldoret,15129,37,Male,Current,Bill Payment,Internet,30986.28,946909.92,Central
1825,2025-03-29,Mombasa,35599,31,Male,Savings,Deposit,Internet,122688.52,540309.06,Western
1826,2025-07-04,Mombasa,42821,41,Female,Current,Loan Repayment,ATM,10760.14,231961.43,Western
1827,2025-09-23,Kisumu,59176,49,Female,Savings,Transfer,Branch,114536.74,625272.74,Rift Valley
1828,2025-11-19,Nairobi,21802,40,Male,Savings,Loan Repayment,Internet,69051.6,974226.05,Rift Valley
1829,2025-06-20,Mombasa,70375,37,Male,Savings,Transfer,Internet,170353.35,233837.47,Rift Valley
1830,2025-06-07,Eldoret,95701,43,Female,Current,Loan Repayment,Mobile,6005.49,303737.65,Central
1831,2025-02-27,Kisumu,13972,74,Male,Savings,Bill Payment,Internet,100290.5,997366.6,Rift Valley
1832,2025-09-01,Mombasa,14450,47,Female,Savings,Loan Repayment,Mobile,20556.77,574947.75,Coast
1833,2025-04-03,Nairobi,50349,56,Male,Current,Bill Payment,ATM,147623.3,512866.17,Coast
1834,2025-03-26,Eldoret,74384,48,Female,Current,Withdrawal,Branch,93132.97,181820.86,Rift Valley
1835,2025-07-21,Mombasa,34227,66,Female,Current,Deposit,Mobile,184058.74,754176.19,Coast
1836,2025-09-23,Nakuru,99100,68,Male,Current,Transfer,Internet,33921.71,794353.37,Central
1837,2025-09-02,Eldoret,50533,37,Female,Savings,Withdrawal,Branch,150866.33,117372.28,Coast
1838,2025-11-13,Mombasa,62272,36,Female,Savings,Transfer,ATM,32324.06,736504.14,Central
1839,2025-11-28,Mombasa,47818,64,Male,Savings,Loan Repayment,Internet,150136.4,968312.33,Coast
1840,2025-08-13,Kisumu,87993,48,Male,Current,Transfer,Branch,15325.47,826869.99,Central
1841,2025-10-09,,41307,73,Female,Savings,Loan Repayment,Branch,41783.67,112938.41,Rift Valley
1842,2025-04-05,Eldoret,52573,54,Female,Savings,Deposit,Internet,117100.31,303727.67,Coast
1843,2025-12-02,Kisumu,62312,65,Female,Current,Loan Repayment,Mobile,157715.68,448715.12,Western
1844,2025-04-28,Nairobi,44082,70,Male,Savings,Transfer,Mobile,32753.66,280769.02,Rift Valley
1845,2025-07-31,Kisumu,88519,40,Male,Current,Loan Repayment,ATM,119960.92,48635.22,Central
1846,2025-11-03,Kisumu,34501,75,Female,Current,Loan Repayment,Internet,51257.6,313865.38,Rift Valley
1847,2025-07-15,Mombasa,71199,26,Female,Current,Bill Payment,Branch,57048.44,961061.69,Coast
1848,2025-05-31,Mombasa,45588,18,Female,Current,Bill Payment,Mobile,14133.56,761555.19,Central
1849,2025-12-19,Kisumu,27367,24,Female,Savings,Deposit,Mobile,23156.2,110390.6,Coast
1850,2025-03-24,Nakuru,58167,35,Male,Current,Transfer,Mobile,29586.46,375761.47,Central
1851,2025-07-03,Kisumu,82461,64,Male,Current,Bill Payment,Internet,59200.67,577123.19,Coast
1852,2025-07-18,Mombasa,49580,49,Male,Savings,Withdrawal,Branch,196973.16,431447.8,Central
1853,2025-01-26,Kisumu,85014,39,Male,Current,Transfer,Internet,28846.71,280614.83,Rift Valley
1854,2025-05-30,Eldoret,72469,52,Male,Savings,Transfer,Mobile,156839.38,290580.81,Rift Valley
1855,2025-03-12,Mombasa,82666,42,Female,Savings,Withdrawal,Branch,13284.58,194502.35,Rift Valley
1856,2025-07-08,Nakuru,61208,48,Female,Current,Deposit,ATM,81281.42,687533.45,Western
1857,2025-01-18,Mombasa,37360,71,Male,Savings,Withdrawal,Branch,42711.11,40446.74,Central
1858,2025-07-19,Nakuru,36401,52,Female,Current,Deposit,Mobile,139771.81,334667.5,Coast
1859,2025-09-03,Nairobi,31057,60,Male,Savings,Loan Repayment,Branch,186077.95,119438.8,Central
1860,2025-02-27,Eldoret,48628,66,Male,Savings,Withdrawal,Mobile,40824.21,885253.24,Rift Valley
1861,2025-10-09,Mombasa,25882,66,Female,Current,Loan Repayment,ATM,186029.71,779325.28,Central
1862,2025-07-25,Mombasa,73755,64,Female,Current,Withdrawal,Branch,58222.4,41239.58,Rift Valley
1863,2025-08-25,Nakuru,30180,46,Male,Savings,Bill Payment,Internet,117402.27,480513.5,Western
1864,2025-09-30,Eldoret,49184,67,Male,Current,Bill Payment,ATM,132279.81,290380.33,Western
1865,2025-10-07,Nairobi,47530,38,Male,Savings,Bill Payment,Internet,186963.52,500697.48,Coast
1866,2025-06-22,Kisumu,82631,24,Male,Current,Withdrawal,Branch,104635.01,766597.86,Western
1867,2025-12-06,Nakuru,66656,51,Male,Current,Bill Payment,ATM,165038.84,149196.35,Western
1868,2025-12-15,Nakuru,29162,63,Male,Savings,Withdrawal,Mobile,185588.79,136580.28,Coast
1869,2025-08-04,Nakuru,42014,47,Female,Savings,Loan Repayment,Branch,90016.1,443995.33,Central
1870,2025-09-05,Kisumu,64611,60,Male,Current,Loan Repayment,Mobile,64322.81,19816.73,Central
1871,2025-06-11,Mombasa,38992,67,Male,Current,Deposit,Mobile,7639.67,646253.99,Western
1872,2025-01-07,Nairobi,59629,63,Female,Savings,Loan Repayment,ATM,156141.89,751657.84,Coast
1873,2025-07-03,Nakuru,93339,34,Male,Savings,Bill Payment,Internet,12801.99,967624.57,Coast
1874,2025-10-03,Nairobi,95061,19,Male,Savings,Deposit,Mobile,99511.13,122018.11,Western
1875,2025-05-01,Nairobi,72431,59,Male,Savings,Withdrawal,Mobile,48531.27,849456.37,Central
1876,2025-10-10,Eldoret,66388,34,Male,Savings,Deposit,ATM,170543.05,347179.79,Rift Valley
1877,2025-06-29,Kisumu,93192,53,Male,Savings,Loan Repayment,Internet,39312.65,895318.92,Coast
1878,2025-03-06,Kisumu,25293,67,Male,Savings,Deposit,ATM,85260.96,594124.71,Central
1879,2025-07-22,Kisumu,19544,48,Male,Current,Deposit,ATM,196360.57,831185.38,Western
1880,2025-03-16,Eldoret,24873,37,Female,Savings,Bill Payment,Mobile,8129.08,982595.67,Rift Valley
1881,2025-12-21,Nakuru,82266,61,Male,Current,Loan Repayment,Internet,10801.35,612394.79,Central
1882,2025-10-02,Kisumu,97988,27,Female,Savings,Loan Repayment,ATM,45841.02,249582.2,Central
1883,2025-01-05,Eldoret,58638,66,Male,Current,Deposit,ATM,161011.57,343657.18,Rift Valley
1884,2025-02-13,Mombasa,87623,73,Male,Current,Deposit,Branch,180869.4,763479.6,Coast
1885,2025-12-17,Eldoret,45443,53,Male,Savings,Withdrawal,Internet,59953.51,624718.35,Central
1886,2025-11-27,Eldoret,90786,38,Male,Savings,Bill Payment,Mobile,14268.88,734700.76,Central
1887,2025-11-23,Kisumu,46447,22,Male,Savings,Transfer,Mobile,175057.66,386725.19,Central
1888,2025-07-08,Kisumu,70652,39,Female,Current,Transfer,ATM,7138.11,788595.73,Coast
1889,2025-03-10,Mombasa,22106,67,Female,Current,Transfer,Mobile,121986.15,512992.96,Central
1890,2025-05-16,Mombasa,26839,71,Female,Current,Transfer,Internet,75054.3,782074.07,Coast
1891,2025-07-22,Eldoret,13742,27,Female,Savings,Loan Repayment,Branch,98671.29,684489.6,Western
1892,2025-03-31,Eldoret,40851,75,Male,Current,Transfer,Branch,166064.74,260627.46,Rift Valley
1893,2025-01-09,Nairobi,72884,55,Male,Current,Bill Payment,ATM,84968.25,629407.41,Central
1894,2025-02-11,Mombasa,38146,38,Male,Current,Deposit,ATM,117279.91,872516.47,Western
1895,2025-04-12,Nakuru,80871,34,Male,Savings,Deposit,ATM,197383.09,260447.34,Rift Valley
1896,2025-03-06,Eldoret,15094,73,Female,Current,Loan Repayment,ATM,150102.46,473520.19,Coast
1897,2025-11-08,Nakuru,21224,49,Female,Savings,Transfer,Internet,193537.12,98160.95,Rift Valley
1898,2025-08-20,Kisumu,39657,52,Female,Savings,Deposit,ATM,45008.46,232277.09,Rift Valley
1899,2025-06-08,Nairobi,45766,30,Male,Savings,Deposit,ATM,37228.96,874474.44,Western
1900,2025-05-17,Nairobi,56009,70,Male,Savings,Transfer,Mobile,107303.89,882612.9,Coast
1901,2025-04-14,Nakuru,79634,60,Female,Savings,Bill Payment,ATM,26300.15,376821.28,Western
1902,2025-10-13,Kisumu,52058,55,Male,Current,Deposit,Internet,122642.43,289740.59,Western
1903,2025-06-03,Nakuru,53038,66,Female,Savings,Deposit,Internet,156583.83,81363.09,Western
1904,2025-09-09,Kisumu,12266,38,Male,Current,Withdrawal,ATM,188260.42,444712.12,Western
1905,2025-06-02,Mombasa,57561,61,Female,Current,Loan Repayment,Mobile,108413.23,385958.37,Rift Valley
1906,2025-08-14,Mombasa,27082,57,Male,Savings,Deposit,ATM,167892.76,591115.2,Western
1907,2025-06-13,Nakuru,28602,42,Male,Current,Deposit,Internet,178353.06,451620.31,Central
1908,2025-11-05,Eldoret,63395,65,Male,Savings,Loan Repayment,ATM,72224.31,948108.68,Coast
1909,2025-12-01,Eldoret,13138,26,Male,Current,Bill Payment,ATM,139630.75,874591.91,Coast
1910,2025-08-28,Nakuru,83024,64,Male,Savings,Transfer,Internet,128480.36,849879.3,Rift Valley
1911,2025-09-21,Kisumu,87093,66,Male,Current,Transfer,Branch,100961.32,594951.76,Rift Valley
1912,2025-11-19,Kisumu,13291,67,Female,Savings,Bill Payment,ATM,170578.89,391280.77,Coast
1913,2025-03-28,Nairobi,13936,35,Female,Savings,Bill Payment,Mobile,76510.42,765764.5,Central
1914,2025-10-09,Kisumu,97523,30,Female,Savings,Transfer,Internet,172151.11,474291.2,Coast
1915,2025-05-28,,71721,29,Male,Current,Loan Repayment,Branch,188257.15,650276.78,Central
1916,2025-08-08,Mombasa,62546,20,Female,Savings,Withdrawal,Mobile,81448.45,9384.56,Central
1917,2025-11-20,Nairobi,69720,28,Male,Current,Bill Payment,Branch,6258.9,962435.71,Central
1918,2025-05-26,Kisumu,92545,36,Female,Current,Withdrawal,Mobile,191115.36,731520.93,Central
1919,2025-11-30,Nakuru,12987,31,Female,Current,Withdrawal,Internet,183349.13,769748.91,Coast
1920,2025-07-16,Kisumu,21050,22,Female,Savings,Bill Payment,Branch,103934.18,449501.15,Central
1921,2025-07-02,Nairobi,54527,58,Male,Savings,Bill Payment,Branch,127838.16,981970.53,Coast
1922,2025-12-26,Nairobi,65000,59,Male,Current,Withdrawal,Internet,26289.93,478356.72,Central
1923,2025-09-25,Mombasa,11208,42,Female,Current,Bill Payment,Internet,173598.53,289280.02,Central
1924,2025-12-13,Nakuru,41204,41,Male,Current,Deposit,Branch,56539.06,678893.74,Coast
1925,2025-09-03,Nakuru,26206,62,Male,Savings,Withdrawal,Internet,170923.09,131942.78,Western
1926,2025-04-12,Nakuru,45417,29,Female,Current,Deposit,ATM,68085.09,355680.53,Central
1927,2025-04-14,Nakuru,96725,22,Male,Current,Deposit,Internet,94187.1,777522.41,Coast
1928,2025-02-09,Kisumu,17803,52,Male,Current,Bill Payment,Branch,42133.43,113547.72,Rift Valley
1929,2025-12-12,Kisumu,25359,38,Female,Current,Loan Repayment,Branch,59470.45,682940.75,Coast
1930,2025-06-20,Nairobi,77578,66,Female,Savings,Loan Repayment,ATM,197653.5,183601.64,Western
1931,2025-06-10,Mombasa,22772,30,Female,Savings,Transfer,Mobile,21253.45,35908.78,Central
1932,2025-07-08,Nairobi,54668,21,Male,Current,Withdrawal,Internet,119297.8,984517.46,Coast
1933,2025-03-09,Kisumu,21146,29,Female,Current,Withdrawal,Internet,182777.61,449383.65,Western
1934,2025-12-17,Nairobi,61941,60,Male,Current,Deposit,ATM,108294.44,83656.73,Coast
1935,2025-12-05,Nairobi,39905,73,Male,Current,Transfer,Internet,126319.64,924832.19,Coast
1936,2025-03-01,Kisumu,45809,33,Female,Current,Deposit,ATM,64174.25,860069.17,Coast
1937,2025-09-29,Eldoret,43992,40,Female,Savings,Withdrawal,Branch,89789.7,114062.97,Rift Valley
1938,2025-01-20,Nairobi,34126,54,Male,Savings,Bill Payment,Internet,148706.89,545055.31,Western
1939,2025-09-24,Kisumu,45584,31,Male,Current,Transfer,Branch,7721.59,352826.12,Western
1940,2025-06-05,Nairobi,71783,61,Male,Current,Withdrawal,Branch,46400.57,176352.38,Coast
1941,2025-07-10,Nairobi,84714,50,Male,Current,Loan Repayment,ATM,44589.88,907975.81,Rift Valley
1942,2025-05-12,Mombasa,99611,36,Female,Current,Deposit,Internet,25903.98,760220.94,Coast
1943,2025-10-27,Eldoret,11702,38,Female,Current,Bill Payment,ATM,87912.81,71967.83,Western
1944,2025-06-23,Nakuru,75166,27,Female,Current,Withdrawal,ATM,44008.92,987504.83,Central
1945,2025-09-21,Mombasa,46572,69,Male,Current,Withdrawal,Branch,171768.61,768355.62,Rift Valley
1946,2025-06-17,Mombasa,79573,43,Male,Savings,Deposit,Branch,96224.66,821678.49,Central
1947,2025-03-14,Kisumu,47091,56,Female,Current,Deposit,Mobile,13332.86,134100.28,Coast
1948,2025-01-30,Nakuru,70706,58,Male,Current,Transfer,Branch,22959.51,307931.45,Western
1949,2025-04-21,Kisumu,81154,47,Female,Current,Bill Payment,ATM,46614.44,892861.01,Rift Valley
1950,2025-02-26,Eldoret,12092,26,Female,Current,Withdrawal,Mobile,1663.27,163216.0,Central
1951,2025-09-08,Eldoret,93548,49,Male,Current,Transfer,ATM,89435.29,965753.31,Western
1952,2025-08-03,Nairobi,71179,28,Male,Current,Transfer,Internet,146060.14,384773.6,Central
1953,2025-01-21,Eldoret,83253,19,Male,Savings,Transfer,Mobile,191876.55,564517.76,Coast
1954,2025-10-20,Nakuru,13040,62,Female,Current,Bill Payment,Mobile,180000.01,706323.92,Western
1955,2025-04-17,Nakuru,89863,73,Male,Current,Loan Repayment,Internet,117708.04,922839.75,Coast
1956,2025-10-20,Kisumu,24629,55,Male,Current,Deposit,ATM,69661.02,323653.79,Western
1957,2025-10-28,Mombasa,79370,30,Female,Savings,Loan Repayment,Mobile,174215.61,833739.96,Central
1958,2025-03-16,Nairobi,43563,61,Male,Current,Withdrawal,Mobile,7847.44,864503.29,Coast
1959,2025-02-06,Mombasa,46766,38,Male,Current,Bill Payment,Mobile,106701.94,982941.86,Central
1960,2025-10-25,Kisumu,30785,65,Female,Savings,Withdrawal,Internet,24943.27,805835.36,Rift Valley
1961,2025-08-09,Kisumu,75310,74,Female,Current,Transfer,Internet,41282.89,565349.31,Coast
1962,2025-06-22,Eldoret,31713,65,Male,Current,Deposit,Branch,63010.69,16220.14,Western
1963,2025-03-04,Nakuru,91879,22,Female,Savings,Transfer,ATM,136725.65,122247.94,Coast
1964,2025-10-28,Mombasa,21515,43,Male,Savings,Deposit,Mobile,176555.33,400388.61,Western
1965,2025-08-16,Nairobi,99170,64,Male,Savings,Deposit,Branch,137725.85,775190.54,Rift Valley
1966,2025-12-23,Nakuru,75424,20,Female,Current,Bill Payment,Mobile,35921.43,404985.29,Coast
1967,2025-06-27,Eldoret,79599,59,Female,Current,Withdrawal,ATM,27214.15,832819.76,Coast
1968,2025-04-14,Eldoret,33539,54,Male,Savings,Loan Repayment,Branch,2335.35,718848.41,Coast
1969,2025-02-03,Nairobi,77938,44,Female,Current,Transfer,Internet,47089.23,599364.97,Central
1970,2025-01-02,Kisumu,65703,32,Female,Savings,Withdrawal,ATM,196097.66,230013.12,Rift Valley
1971,2025-08-09,Nairobi,14815,49,Male,Current,Transfer,Mobile,44233.72,961556.79,Coast
1972,2025-10-29,Eldoret,87287,66,Female,Current,Bill Payment,Internet,3450.65,837330.38,Rift Valley
1973,2025-06-14,Mombasa,63428,55,Male,Savings,Loan Repayment,Internet,19385.43,499372.67,Coast
1974,2025-02-21,Nakuru,69320,63,Female,Current,Loan Repayment,ATM,30502.44,950514.79,Central
1975,2025-10-08,Eldoret,60740,21,Male,Savings,Bill Payment,Branch,14444.71,611618.96,Rift Valley
1976,2025-07-20,Nakuru,69544,63,Male,Savings,Deposit,Branch,114883.73,214242.99,Rift Valley
1977,2025-05-25,Eldoret,93478,72,Male,Current,Withdrawal,ATM,57428.19,479760.63,Central
1978,2025-01-13,Mombasa,67214,37,Male,Savings,Bill Payment,Mobile,74232.51,131671.28,Central
1979,2025-11-20,Nairobi,72539,49,Male,Current,Loan Repayment,ATM,90695.95,436347.35,Western
1980,2025-06-02,Eldoret,50273,61,Male,Savings,Deposit,ATM,110105.99,37594.98,Coast
1981,2025-07-14,Eldoret,41839,42,Female,Savings,Deposit,Internet,175226.03,810178.32,Rift Valley
1982,2025-12-15,Eldoret,56754,27,Male,Current,Bill Payment,Internet,29031.18,735163.05,Coast
1983,2025-07-01,,33230,25,Male,Savings,Loan Repayment,Branch,18305.97,65.12,Western
1984,2025-02-03,Mombasa,95603,32,Male,Current,Loan Repayment,ATM,185976.21,906061.67,Coast
1985,2025-07-03,Mombasa,16952,43,Male,Current,Withdrawal,Internet,103219.08,469994.76,Rift Valley
1986,2025-03-27,Mombasa,87997,18,Female,Savings,Deposit,Internet,93881.97,291838.81,Western
1987,2025-08-30,Mombasa,94291,49,Female,Current,Loan Repayment,ATM,61257.84,315558.91,Coast
1988,2025-09-26,Mombasa,37898,19,Female,Current,Withdrawal,Mobile,60450.16,265873.38,Coast
1989,2025-05-24,Nakuru,12362,53,Female,Savings,Withdrawal,ATM,60932.86,857240.86,Coast
1990,2025-06-06,Nairobi,99201,57,Female,Current,Transfer,ATM,55805.14,919564.86,Rift Valley
1991,2025-02-16,Nakuru,77509,30,Female,Savings,Withdrawal,Branch,123039.12,908860.09,Rift Valley
1992,2025-01-28,Mombasa,30198,47,Male,Current,Withdrawal,Mobile,118747.69,175138.77,Rift Valley
1993,2025-12-17,Eldoret,10028,74,Female,Savings,Transfer,Branch,134981.12,190406.69,Central
1994,2025-09-27,Mombasa,73412,59,Male,Current,Loan Repayment,ATM,112401.23,643234.74,Central
1995,2025-10-22,Kisumu,13110,35,Female,Savings,Deposit,Internet,149678.88,509314.37,Rift Valley
1996,2025-08-05,Mombasa,35221,35,Female,Savings,Withdrawal,Mobile,95714.81,754464.02,Western
1997,2025-12-21,Nairobi,30860,31,Female,Current,Loan Repayment,Mobile,199958.1,116670.71,Central
1998,2025-01-31,,29758,38,Female,Current,Withdrawal,Internet,57898.33,27171.3,Central
1999,2025-10-03,Nairobi,36389,19,Male,Current,Deposit,Branch,158875.5,990493.35,Rift Valley
2000,2025-02-25,Kisumu,81069,50,Male,Savings,Loan Repayment,Branch,112688.99,610316.89,Western
2001,2025-10-19,Nairobi,72927,28,Male,Savings,Transfer,ATM,98424.22,753741.97,Coast
2002,2025-09-05,Kisumu,57560,38,Female,Savings,Loan Repayment,Branch,68523.05,193605.43,Central
2003,2025-01-15,Eldoret,41833,22,Male,Current,Bill Payment,Mobile,124314.86,353488.29,Coast
2004,2025-05-05,Nairobi,89140,50,Male,Savings,Deposit,Internet,79829.3,134968.07,Western
2005,2025-10-03,Mombasa,58523,20,Female,Current,Withdrawal,ATM,13149.85,442537.63,Coast
2006,2025-04-27,Nakuru,23877,59,Male,Current,Loan Repayment,ATM,6750.91,247199.63,Central
2007,2025-07-10,Eldoret,24301,68,Male,Savings,Transfer,Internet,107380.4,143566.01,Central
2008,2025-04-20,Kisumu,21154,50,Female,Savings,Loan Repayment,Branch,36356.68,100870.01,Rift Valley
2009,2025-12-08,Eldoret,29094,64,Male,Current,Bill Payment,Mobile,172605.38,954947.11,Coast
2010,2025-04-14,Nakuru,22481,23,Male,Savings,Loan Repayment,Internet,121564.77,195082.27,Western
2011,2025-08-18,Mombasa,32656,71,Male,Current,Deposit,ATM,74406.8,906911.9,Coast
2012,2025-10-31,Mombasa,30931,57,Male,Savings,Deposit,Mobile,168337.05,923944.12,Coast
2013,2025-01-22,Nairobi,70598,75,Male,Current,Bill Payment,Mobile,59332.23,479640.32,Rift Valley
2014,2025-08-02,Eldoret,76248,51,Female,Current,Loan Repayment,Branch,193044.63,282990.09,Rift Valley
2015,2025-06-24,Eldoret,14328,44,Female,Current,Loan Repayment,Branch,166348.63,302642.1,Coast
2016,2025-12-16,Nairobi,67477,47,Male,Savings,Transfer,Internet,174700.97,379325.12,Coast
2017,2025-11-02,Kisumu,21025,31,Male,Current,Deposit,ATM,79648.37,631073.33,Coast
2018,2025-11-11,Nairobi,16238,18,Male,Current,Loan Repayment,Mobile,11941.66,658373.33,Rift Valley
2019,2025-09-13,Mombasa,22907,55,Female,Savings,Bill Payment,ATM,119106.28,104793.82,Western
2020,2025-10-20,Kisumu,76944,49,Female,Current,Bill Payment,ATM,103748.81,35667.51,Rift Valley
2021,2025-11-11,Eldoret,32196,68,Female,Current,Transfer,Branch,136669.83,785870.57,Rift Valley
2022,2025-05-25,Kisumu,96761,22,Female,Savings,Loan Repayment,Mobile,137297.94,542221.27,Western
2023,2025-05-24,Nakuru,32960,31,Male,Savings,Bill Payment,Internet,113800.66,329624.97,Coast
2024,2025-09-01,Kisumu,41566,29,Female,Savings,Deposit,Internet,37947.33,922024.07,Central
2025,2025-07-21,Nakuru,38643,29,Male,Savings,Deposit,Branch,137776.35,316282.03,Central
2026,2025-04-19,Nakuru,51165,38,Male,Current,Bill Payment,ATM,123000.15,525691.39,Western
2027,2025-03-05,Kisumu,58608,45,Female,Savings,Withdrawal,Internet,69856.62,38940.34,Western
2028,2025-08-14,Nairobi,69469,27,Female,Savings,Bill Payment,Branch,67235.62,809158.63,Rift Valley
2029,2025-06-13,Eldoret,65435,74,Male,Savings,Bill Payment,ATM,5417.03,844973.07,Western
2030,2025-11-08,Eldoret,17267,20,Male,Savings,Transfer,Branch,66816.29,794284.95,Central
2031,2025-01-02,Kisumu,78980,74,Female,Current,Transfer,Branch,77507.25,872223.67,Coast
2032,2025-01-29,Mombasa,66608,24,Male,Savings,Transfer,Branch,199381.65,816727.86,Coast
2033,2025-04-16,Eldoret,46927,34,Female,Current,Bill Payment,Branch,165617.74,337929.13,Rift Valley
2034,2025-12-29,Mombasa,79010,25,Male,Current,Loan Repayment,Mobile,152299.0,488614.99,Rift Valley
2035,2025-12-11,Eldoret,22891,19,Female,Savings,Transfer,ATM,189525.35,411085.43,Central
2036,2025-11-19,Nairobi,72669,63,Male,Current,Transfer,Internet,77078.41,979715.72,Coast
2037,2025-01-29,Eldoret,96164,54,Male,Current,Loan Repayment,Branch,42853.13,679730.84,Rift Valley
2038,2025-06-13,Nairobi,37493,47,Female,Savings,Loan Repayment,Mobile,112904.83,982120.5,Central
2039,2025-03-11,Eldoret,33860,73,Male,Current,Bill Payment,Branch,157020.82,321472.45,Central
2040,2025-09-18,Kisumu,19446,71,Female,Current,Withdrawal,Branch,190248.3,311818.19,Central
2041,2025-11-21,Nairobi,60293,23,Female,Current,Deposit,ATM,77232.64,695387.27,Central
2042,2025-05-16,Nakuru,39591,23,Male,Savings,Withdrawal,Branch,104084.34,114909.34,Coast
2043,2025-07-11,Kisumu,15527,53,Male,Current,Loan Repayment,ATM,52260.06,287199.27,Rift Valley
2044,2025-08-06,Eldoret,90739,40,Male,Savings,Bill Payment,ATM,145728.15,628954.74,Central
2045,2025-11-05,Kisumu,37153,23,Male,Savings,Bill Payment,Branch,127546.26,755437.19,Western
2046,2025-01-25,Eldoret,48858,49,Female,Current,Deposit,Internet,142305.58,921680.03,Western
2047,2025-01-31,Nairobi,97750,21,Female,Current,Deposit,Internet,15409.38,257577.8,Western
2048,2025-11-12,Nakuru,38420,66,Female,Savings,Transfer,ATM,143990.6,150209.58,Central
2049,2025-03-30,Eldoret,16313,56,Female,Savings,Bill Payment,Branch,178069.71,46341.79,Rift Valley
2050,2025-11-08,Mombasa,80623,39,Female,Savings,Loan Repayment,Mobile,67310.57,962461.57,Central
2051,2025-11-26,Nairobi,15601,26,Female,Current,Deposit,Mobile,176613.48,551967.85,Rift Valley
2052,2025-02-17,Nakuru,96643,43,Female,Savings,Loan Repayment,ATM,10680.04,376522.28,Central
2053,2025-04-30,Nairobi,63738,46,Female,Savings,Deposit,Mobile,110191.68,21600.75,Central
2054,2025-04-22,Mombasa,22042,61,Male,Current,Bill Payment,Branch,32562.96,904627.09,Coast
2055,2025-12-15,Nakuru,82349,71,Male,Savings,Withdrawal,Mobile,7850.25,916041.15,Coast
2056,2025-10-30,Kisumu,98099,67,Male,Savings,Withdrawal,ATM,102876.33,416926.23,Rift Valley
2057,2025-09-08,Nairobi,41280,37,Male,Savings,Loan Repayment,ATM,54851.94,213285.59,Western
2058,2025-06-08,Kisumu,45847,28,Male,Savings,Withdrawal,Internet,191931.78,676436.97,Rift Valley
2059,2025-12-22,Nakuru,16492,49,Male,Current,Withdrawal,Internet,58421.02,704089.12,Central
2060,2025-08-15,Nakuru,42060,21,Male,Savings,Bill Payment,ATM,171687.33,745700.47,Central
2061,2025-09-04,Nairobi,60412,74,Male,Current,Loan Repayment,Branch,94103.22,501728.05,Coast
2062,2025-08-03,Nakuru,11641,34,Female,Savings,Bill Payment,Mobile,32292.93,431030.25,Rift Valley
2063,2025-08-02,Kisumu,91161,57,Female,Savings,Transfer,ATM,183674.46,35783.74,Coast
2064,2025-03-14,Kisumu,91838,32,Male,Savings,Deposit,ATM,4755.3,721212.22,Coast
2065,2025-11-20,Nairobi,45557,75,Female,Savings,Transfer,Internet,152021.54,412048.37,Rift Valley
2066,2025-11-06,Mombasa,21502,48,Male,Current,Deposit,Branch,165833.36,702327.36,Rift Valley
2067,2025-07-09,Kisumu,22772,47,Male,Current,Transfer,Internet,188818.98,262657.69,Rift Valley
2068,2025-11-14,Nairobi,22416,61,Female,Current,Loan Repayment,Branch,156117.27,208793.07,Rift Valley
2069,2025-10-13,Nakuru,46578,22,Male,Savings,Deposit,Mobile,64013.98,728982.01,Rift Valley
2070,2025-10-06,Nakuru,93883,50,Female,Current,Transfer,Internet,167561.02,914683.51,Central
2071,2025-08-20,Nakuru,20060,74,Male,Current,Transfer,Branch,140580.0,218958.34,Coast
2072,2025-06-10,Kisumu,61519,62,Male,Savings,Withdrawal,Internet,51416.69,494873.99,Western
2073,2025-04-13,Kisumu,37225,42,Female,Savings,Bill Payment,ATM,189023.91,482929.92,Central
2074,2025-03-03,Nakuru,88343,65,Male,Current,Bill Payment,Internet,167058.26,863540.88,Rift Valley
2075,2025-07-03,Mombasa,29057,43,Female,Current,Transfer,Mobile,71726.45,725204.9,Rift Valley
2076,2025-09-28,Nairobi,33240,19,Female,Savings,Bill Payment,ATM,81404.83,732124.4,Western
2077,2025-01-19,Nakuru,24200,25,Male,Current,Loan Repayment,Internet,137383.56,639158.2,Coast
2078,2025-02-27,Nairobi,41822,71,Male,Savings,Deposit,Mobile,34322.77,978460.8,Western
2079,2025-07-09,Eldoret,37138,67,Male,Savings,Deposit,ATM,126699.24,604555.85,Western
2080,2025-09-29,Eldoret,59130,57,Female,Savings,Loan Repayment,Mobile,1646.01,138235.95,Coast
2081,2025-08-20,Kisumu,91081,26,Male,Current,Transfer,Branch,112798.66,239348.33,Rift Valley
2082,2025-08-17,Nakuru,90298,64,Male,Current,Deposit,Internet,63988.57,10352.21,Central
2083,2025-04-09,Eldoret,18019,29,Female,Current,Withdrawal,Internet,24393.23,453923.21,Coast
2084,2025-09-19,Nairobi,53503,60,Male,Current,Deposit,ATM,145536.35,135327.86,Central
2085,2025-03-26,Nairobi,18335,66,Female,Current,Loan Repayment,ATM,172065.25,613860.58,Coast
2086,2025-03-10,Eldoret,25795,62,Female,Current,Withdrawal,Internet,94659.01,899576.39,Central
2087,2025-05-23,Nairobi,34439,18,Male,Current,Transfer,Branch,130589.24,243623.22,Rift Valley
2088,2025-11-30,Eldoret,28064,29,Female,Savings,Withdrawal,Mobile,71810.73,686431.5,Coast
2089,2025-08-16,Nakuru,95492,75,Female,Savings,Deposit,ATM,113200.54,519297.02,Coast
2090,2025-09-17,Nakuru,25310,48,Female,Current,Transfer,Internet,124886.26,960860.19,Western
2091,2025-06-27,Nakuru,83192,56,Female,Savings,Bill Payment,Mobile,62078.26,65513.29,Western
2092,2025-06-04,Mombasa,42612,63,Male,Savings,Loan Repayment,ATM,122377.9,312116.49,Central
2093,2025-11-02,Eldoret,48712,52,Male,Savings,Transfer,Branch,117878.36,983955.51,Western
2094,2025-07-14,Mombasa,16047,18,Male,Current,Withdrawal,Branch,61336.13,697538.11,Rift Valley
2095,2025-08-06,Eldoret,27280,28,Male,Savings,Deposit,Branch,155151.6,477259.58,Rift Valley
2096,2025-01-08,Eldoret,33372,30,Male,Current,Transfer,ATM,43660.04,242238.6,Central
2097,2025-05-06,Eldoret,47213,42,Male,Savings,Loan Repayment,Mobile,119363.81,532149.42,Western
2098,2025-01-21,Eldoret,37131,49,Male,Savings,Bill Payment,ATM,3996.32,433760.27,Central
2099,2025-09-26,Nairobi,78478,39,Female,Current,Loan Repayment,Mobile,93196.78,216922.18,Central
2100,2025-01-12,Kisumu,29831,34,Female,Savings,Transfer,Branch,50752.56,4944.14,Coast
2101,2025-06-09,Kisumu,87130,25,Male,Current,Withdrawal,ATM,131330.03,237760.51,Rift Valley
2102,2025-01-15,Nairobi,98674,28,Male,Savings,Withdrawal,Branch,60567.43,389520.97,Western
2103,2025-12-09,Nakuru,20068,62,Female,Current,Bill Payment,ATM,98475.85,282346.97,Rift Valley
2104,2025-08-29,Nairobi,52693,47,Female,Savings,Deposit,ATM,31258.81,548263.65,Western
2105,2025-12-28,Eldoret,42375,72,Female,Current,Transfer,ATM,39491.82,564181.89,Western
2106,2025-07-16,Nairobi,77651,74,Female,Savings,Transfer,ATM,174661.71,777473.37,Western
2107,2025-09-30,Nairobi,49668,42,Female,Current,Loan Repayment,Internet,149123.63,779726.62,Rift Valley
2108,2025-12-09,Nairobi,65059,41,Female,Current,Bill Payment,Mobile,150800.67,191171.75,Coast
2109,2025-06-28,Kisumu,27320,39,Female,Savings,Withdrawal,Branch,90717.22,909532.99,Rift Valley
2110,2025-01-30,Mombasa,28973,64,Female,Current,Loan Repayment,ATM,52001.06,222934.81,Central
2111,2025-12-02,Kisumu,19244,73,Male,Savings,Bill Payment,ATM,12251.73,526422.62,Coast
2112,2025-06-06,Eldoret,46793,25,Male,Current,Deposit,Mobile,196403.39,764199.15,Western
2113,2025-09-19,Nakuru,28947,60,Male,Current,Transfer,ATM,197648.31,876280.61,Coast
2114,2025-08-31,Nakuru,70799,40,Male,Savings,Transfer,Branch,22970.55,408982.33,Western
2115,2025-02-22,Kisumu,33638,42,Male,Current,Withdrawal,Internet,30114.69,202975.36,Western
2116,2025-10-31,Eldoret,89521,22,Male,Current,Loan Repayment,Branch,165689.24,559632.84,Coast
2117,2025-01-28,Eldoret,60962,50,Female,Savings,Transfer,ATM,57366.61,65883.04,Central
2118,2025-02-12,Kisumu,64880,58,Male,Savings,Loan Repayment,Mobile,167457.62,173298.64,Rift Valley
2119,2025-04-21,Nairobi,22049,32,Female,Savings,Withdrawal,ATM,160193.55,356348.41,Central
2120,2025-01-14,Nairobi,57891,23,Male,Current,Bill Payment,Branch,59967.13,414269.82,Rift Valley
2121,2025-12-22,Nairobi,21581,51,Female,Savings,Withdrawal,ATM,135613.95,813727.81,Coast
2122,2025-09-08,Mombasa,26725,28,Male,Savings,Withdrawal,ATM,48177.19,972958.01,Rift Valley
2123,2025-10-21,Mombasa,88014,69,Female,Current,Bill Payment,Mobile,87923.77,471640.66,Coast
2124,2025-08-17,Nairobi,11416,67,Female,Savings,Bill Payment,ATM,71696.01,640258.96,Western
2125,2025-10-26,Nakuru,88913,52,Male,Current,Withdrawal,ATM,56250.41,38065.61,Rift Valley
2126,2025-01-28,Nairobi,48344,75,Female,Current,Deposit,Branch,44921.03,196290.54,Central
2127,2025-09-19,Nairobi,73501,30,Male,Savings,Bill Payment,ATM,142990.77,828136.49,Rift Valley
2128,2025-09-23,Nakuru,68433,24,Female,Savings,Deposit,Mobile,63143.85,469880.93,Central
2129,2025-11-12,Kisumu,56616,61,Male,Savings,Loan Repayment,ATM,178524.59,365262.08,Western
2130,2025-05-08,Nairobi,65711,40,Male,Current,Withdrawal,Mobile,151080.96,675911.56,Central
2131,2025-07-08,Eldoret,84558,50,Male,Savings,Bill Payment,ATM,153037.2,641354.93,Coast
2132,2025-05-19,Mombasa,78257,69,Female,Savings,Bill Payment,Internet,136003.74,884599.94,Central
2133,2025-12-02,Nakuru,24138,30,Female,Current,Withdrawal,Internet,103693.22,930866.16,Western
2134,2025-03-17,Nairobi,49735,63,Male,Savings,Transfer,Mobile,170421.4,615681.28,Western
2135,2025-11-22,Nakuru,77212,38,Female,Current,Bill Payment,Mobile,54330.87,507850.57,Central
2136,2025-12-29,Mombasa,67042,63,Female,Current,Bill Payment,Branch,195527.91,593605.63,Coast
2137,2025-11-26,Kisumu,95603,27,Female,Current,Deposit,Internet,33550.16,677883.03,Western
2138,2025-03-19,Mombasa,35535,43,Female,Current,Loan Repayment,ATM,118853.55,310088.0,Coast
2139,2025-08-27,Eldoret,78729,34,Male,Savings,Loan Repayment,Mobile,133662.81,847583.79,Western
2140,2025-05-13,Eldoret,67264,23,Male,Current,Deposit,Mobile,19173.03,12838.24,Coast
2141,2025-08-13,Nakuru,55407,43,Male,Current,Transfer,Mobile,151282.63,886298.14,Rift Valley
2142,2025-10-26,Mombasa,29440,60,Male,Current,Deposit,Internet,1468.29,251926.39,Rift Valley
2143,2025-10-08,Eldoret,61137,51,Female,Savings,Bill Payment,Mobile,100597.22,19500.5,Central
2144,2025-02-03,Nairobi,51710,38,Male,Current,Loan Repayment,Mobile,36017.8,126759.83,Rift Valley
2145,2025-10-23,Nairobi,93773,53,Female,Current,Bill Payment,Branch,141000.13,987510.43,Central
2146,2025-10-07,Kisumu,90237,18,Female,Savings,Bill Payment,Branch,139628.59,747719.11,Central
2147,2025-06-30,Nairobi,65673,21,Female,Current,Transfer,Internet,100739.88,752750.37,Western
2148,2025-03-16,Nairobi,69824,45,Female,Savings,Withdrawal,Internet,111958.52,574400.42,Rift Valley
2149,2025-08-19,Mombasa,18630,23,Female,Current,Transfer,Internet,182487.31,243119.29,Rift Valley
2150,2025-07-01,Nakuru,27918,30,Male,Current,Withdrawal,Internet,18175.02,98682.47,Western
2151,2025-11-03,Nakuru,89578,35,Male,Savings,Transfer,Internet,45669.19,996092.96,Western
2152,2025-08-06,Nairobi,66357,37,Female,Savings,Withdrawal,ATM,9159.79,843502.62,Central
2153,2025-10-14,Mombasa,36554,55,Female,Current,Loan Repayment,Branch,64610.57,173331.86,Western
2154,2025-07-16,Kisumu,52363,32,Female,Current,Loan Repayment,Internet,38991.86,64954.77,Rift Valley
2155,2025-04-10,Kisumu,83071,22,Female,Savings,Deposit,Internet,154586.01,328636.35,Western
2156,2025-11-05,Eldoret,47745,28,Male,Current,Bill Payment,Internet,91687.28,647932.13,Western
2157,2025-05-24,Nakuru,56352,74,Female,Savings,Loan Repayment,Branch,135615.86,107059.26,Western
2158,2025-07-06,Nakuru,66623,68,Male,Current,Withdrawal,Internet,173024.37,903340.0,Coast
2159,2025-03-10,Nakuru,93242,73,Male,Savings,Bill Payment,Mobile,126762.91,276361.48,Central
2160,2025-04-10,Mombasa,20509,46,Male,Current,Loan Repayment,Branch,64677.96,308383.11,Rift Valley
2161,2025-10-12,Eldoret,97623,22,Female,Savings,Withdrawal,Branch,59846.47,767321.55,Central
2162,2025-01-10,Kisumu,14433,20,Male,Savings,Deposit,Mobile,10329.46,823364.02,Western
2163,2025-01-09,Eldoret,89788,38,Female,Savings,Loan Repayment,ATM,123115.33,69421.54,Rift Valley
2164,2025-07-30,Mombasa,95013,43,Male,Savings,Transfer,Internet,145039.79,673806.81,Central
2165,2025-10-29,Eldoret,70653,26,Female,Current,Withdrawal,Branch,115688.91,79761.88,Rift Valley
2166,2025-05-14,Kisumu,87068,57,Female,Savings,Deposit,Internet,143034.29,949758.14,Central
2167,2025-05-28,Eldoret,18284,59,Female,Current,Deposit,Branch,53105.52,174347.5,Rift Valley
2168,2025-12-04,Kisumu,98473,37,Male,Current,Deposit,Mobile,30865.28,652393.13,Coast
2169,2025-12-18,Nairobi,10475,61,Male,Current,Withdrawal,ATM,152735.21,259321.21,Western
2170,2025-11-14,Eldoret,15775,34,Male,Current,Transfer,Branch,127003.67,429237.76,Western
2171,2025-05-23,Eldoret,88543,38,Female,Savings,Bill Payment,Mobile,132475.17,286814.31,Coast
2172,2025-07-24,Nairobi,60843,48,Male,Current,Deposit,Internet,101397.21,410505.87,Western
2173,2025-02-13,Nakuru,83303,51,Female,Savings,Transfer,ATM,31043.83,793847.78,Coast
2174,2025-02-06,Kisumu,42739,49,Male,Savings,Bill Payment,Mobile,103434.32,123033.81,Central
2175,2025-04-14,Mombasa,28892,26,Male,Current,Deposit,Internet,117674.92,918123.86,Rift Valley
2176,2025-11-14,Nakuru,22669,62,Female,Current,Loan Repayment,Branch,78636.97,552653.69,Rift Valley
2177,2025-04-12,Eldoret,89071,56,Male,Savings,Bill Payment,Mobile,175253.35,883778.79,Central
2178,2025-08-31,Mombasa,75198,46,Male,Current,Bill Payment,ATM,67349.64,612679.26,Coast
2179,2025-04-23,Nairobi,18904,37,Male,Savings,Loan Repayment,ATM,141018.87,366848.71,Central
2180,2025-11-24,Eldoret,14740,72,Female,Savings,Transfer,Mobile,146061.14,136354.73,Rift Valley
2181,2025-03-24,Nakuru,60776,60,Male,Savings,Loan Repayment,ATM,193504.53,700024.75,Western
2182,2025-08-05,Eldoret,95098,63,Female,Current,Bill Payment,Branch,88855.37,22251.24,Coast
2183,2025-11-08,Kisumu,54639,34,Female,Savings,Loan Repayment,Internet,19362.86,42420.06,Western
2184,2025-07-26,Kisumu,16223,73,Male,Savings,Bill Payment,Mobile,174288.43,322671.7,Central
2185,2025-05-09,Eldoret,21474,69,Female,Savings,Transfer,Mobile,145165.37,83646.83,Central
2186,2025-07-05,Mombasa,10023,66,Female,Savings,Deposit,Mobile,60774.76,883859.73,Central
2187,2025-03-06,Nairobi,60675,49,Female,Current,Deposit,Branch,145550.26,723224.47,Western
2188,2025-11-03,Nakuru,31114,32,Male,Savings,Bill Payment,Internet,122483.11,733747.66,Coast
2189,2025-12-13,Nairobi,47406,55,Male,Current,Deposit,Internet,137979.01,45010.38,Western
2190,2025-04-10,Kisumu,71261,26,Male,Savings,Deposit,Internet,180469.95,284625.85,Coast
2191,2025-09-08,Kisumu,63472,65,Female,Savings,Deposit,Branch,53345.0,648407.35,Western
2192,2025-03-15,Eldoret,21301,42,Female,Current,Transfer,Internet,102702.49,263245.1,Rift Valley
2193,2025-04-25,Eldoret,71035,48,Male,Current,Transfer,Branch,43804.43,554523.7,Coast
2194,2025-09-17,Nairobi,31363,24,Male,Savings,Withdrawal,Mobile,143492.83,510819.56,Western
2195,2025-10-11,Nakuru,38237,54,Male,Current,Deposit,ATM,109347.14,254140.43,Coast
2196,2025-02-02,Kisumu,40439,69,Male,Current,Withdrawal,ATM,52714.98,943517.95,Rift Valley
2197,2025-05-26,Nairobi,74093,59,Female,Savings,Deposit,Branch,83630.44,812336.16,Western
2198,2025-05-10,Eldoret,83528,20,Male,Current,Bill Payment,Internet,183912.84,699185.28,Central
2199,2025-05-06,Eldoret,13661,65,Female,Current,Transfer,Internet,28319.95,399885.22,Rift Valley
2200,2025-11-03,Nairobi,15479,55,Female,Current,Deposit,Mobile,183228.52,725177.44,Coast
2201,2025-08-13,Nakuru,65718,22,Female,Savings,Transfer,Internet,52659.14,71098.69,Rift Valley
2202,2025-06-17,Eldoret,35504,31,Male,Savings,Transfer,Mobile,97545.01,276058.24,Rift Valley
2203,2025-04-06,Eldoret,76424,49,Female,Savings,Loan Repayment,Branch,22896.71,783791.11,Coast
2204,2025-11-29,Nairobi,94038,61,Female,Current,Loan Repayment,ATM,61302.73,311594.19,Rift Valley
2205,2025-08-19,Nakuru,83486,31,Female,Current,Withdrawal,Internet,199357.64,994487.45,Rift Valley
2206,2025-01-02,Mombasa,53913,30,Male,Savings,Deposit,ATM,174421.7,256133.79,Rift Valley
2207,2025-08-01,Nairobi,41352,37,Male,Current,Loan Repayment,ATM,93669.49,837750.31,Rift Valley
2208,2025-02-11,Nakuru,29101,35,Male,Savings,Deposit,Branch,82223.04,620888.9,Western
2209,2025-08-09,Nakuru,81902,32,Female,Savings,Transfer,Internet,163671.82,923797.87,Coast
2210,2025-01-26,Eldoret,18495,40,Female,Savings,Bill Payment,ATM,199228.43,311177.67,Western
2211,2025-11-05,Nakuru,85384,62,Male,Current,Withdrawal,Internet,42898.92,588220.42,Central
2212,2025-11-21,Mombasa,60610,31,Female,Savings,Withdrawal,Mobile,187274.92,274421.88,Central
2213,2025-08-07,Eldoret,70059,72,Female,Savings,Bill Payment,ATM,118525.94,960395.23,Rift Valley
2214,2025-08-09,Mombasa,87019,65,Female,Savings,Loan Repayment,Internet,9161.83,668509.85,Central
2215,2025-07-31,Eldoret,56781,50,Female,Current,Deposit,Internet,82764.78,354513.02,Western
2216,2025-10-24,Nakuru,82220,75,Female,Savings,Deposit,Mobile,64905.09,1361.7,Western
2217,2025-04-13,Eldoret,85787,67,Male,Current,Transfer,ATM,127695.16,278110.47,Central
2218,2025-01-12,Nairobi,46830,45,Female,Current,Deposit,Branch,31884.87,929480.58,Rift Valley
2219,2025-07-21,Nairobi,65466,48,Male,Savings,Bill Payment,Mobile,81640.58,15034.54,Western
2220,2025-09-18,Nakuru,75475,74,Male,Current,Loan Repayment,Mobile,192880.09,986439.62,Western
2221,2025-05-20,Mombasa,77946,60,Male,Savings,Transfer,Mobile,115919.98,371844.96,Central
2222,2025-01-02,Kisumu,40985,20,Female,Savings,Loan Repayment,Mobile,102388.7,872807.27,Western
2223,2025-07-18,Nakuru,60061,48,Female,Current,Transfer,Branch,85324.74,354613.24,Central
2224,2025-04-24,Kisumu,46707,59,Female,Savings,Withdrawal,Mobile,45828.86,760704.75,Western
2225,2025-12-30,Nakuru,80992,45,Female,Current,Withdrawal,Internet,171476.66,494137.83,Central
2226,2025-12-15,Nairobi,70046,69,Male,Current,Loan Repayment,Mobile,152895.36,648476.33,Western
2227,2025-06-28,Kisumu,37596,45,Male,Savings,Loan Repayment,Mobile,156674.0,671081.56,Coast
2228,2025-07-13,Mombasa,89394,21,Male,Current,Bill Payment,Mobile,178477.33,655881.5,Central
2229,2025-09-24,Kisumu,13884,35,Male,Savings,Deposit,ATM,140526.43,392889.46,Coast
2230,2025-05-03,Kisumu,44043,63,Female,Savings,Loan Repayment,Mobile,193654.93,525388.04,Coast
2231,2025-09-04,Nakuru,78822,56,Male,Current,Bill Payment,ATM,10875.8,625284.57,Rift Valley
2232,2025-09-07,Eldoret,72468,36,Male,Current,Withdrawal,Internet,11425.41,242873.63,Coast
2233,2025-08-13,Nakuru,82285,30,Male,Savings,Withdrawal,Mobile,30714.95,858370.24,Central
2234,2025-11-04,Nakuru,68792,62,Female,Current,Loan Repayment,Mobile,14226.11,444251.38,Coast
2235,2025-06-13,Eldoret,34236,46,Male,Savings,Transfer,ATM,165323.92,873687.5,Rift Valley
2236,2025-12-04,Nakuru,45688,62,Male,Current,Withdrawal,Branch,117106.29,251304.84,Coast
2237,2025-09-02,Mombasa,44188,66,Male,Savings,Deposit,Internet,90220.39,251764.14,Rift Valley
2238,2025-09-12,Kisumu,36160,48,Female,Savings,Loan Repayment,ATM,129380.54,385950.44,Coast
2239,2025-04-03,Mombasa,13273,32,Male,Current,Bill Payment,Internet,148515.92,946308.24,Central
2240,2025-07-13,Kisumu,53896,27,Male,Current,Withdrawal,Branch,153357.2,818037.33,Rift Valley
2241,2025-04-03,Kisumu,92552,70,Female,Savings,Bill Payment,Mobile,90784.68,607271.94,Coast
2242,2025-03-10,Kisumu,86789,72,Male,Savings,Deposit,Internet,382.17,649938.25,Coast
2243,2025-12-02,Nakuru,80587,31,Female,Savings,Deposit,Mobile,126927.69,771089.02,Central
2244,2025-05-25,Kisumu,43738,69,Male,Current,Loan Repayment,Mobile,8740.45,902763.67,Coast
2245,2025-05-20,Eldoret,41840,42,Male,Savings,Transfer,ATM,41041.35,870584.86,Western
2246,2025-03-26,Nairobi,34076,44,Female,Savings,Transfer,Mobile,125551.05,89747.32,Western
2247,2025-03-27,Mombasa,90897,43,Female,Current,Deposit,ATM,25846.48,775825.52,Coast
2248,2025-01-28,Nakuru,10995,64,Male,Savings,Deposit,Branch,85717.65,568319.64,Central
2249,2025-09-04,Mombasa,51133,19,Male,Current,Deposit,Branch,140885.04,170218.96,Western
2250,2025-04-20,Mombasa,88039,67,Female,Current,Transfer,Internet,197321.29,964128.66,Coast
2251,2025-06-12,Eldoret,31110,25,Male,Current,Loan Repayment,Mobile,184044.53,841870.18,Western
2252,2025-04-16,Eldoret,34915,34,Male,Current,Transfer,Internet,109540.24,596181.25,Rift Valley
2253,2025-01-07,Nakuru,51140,68,Female,Current,Bill Payment,Internet,98071.88,510473.21,Coast
2254,2025-08-25,Nairobi,62003,66,Male,Savings,Deposit,Internet,177365.95,693338.35,Coast
2255,2025-12-11,Kisumu,67076,34,Female,Current,Transfer,Branch,93582.55,189878.74,Central
2256,2025-05-25,Eldoret,67054,60,Female,Savings,Bill Payment,Branch,130144.98,528105.45,Western
2257,2025-04-20,Mombasa,99745,28,Male,Current,Transfer,Internet,185706.87,418569.4,Western
2258,2025-12-07,Nairobi,89827,34,Female,Savings,Transfer,Internet,47640.93,715988.72,Rift Valley
2259,2025-01-30,Nairobi,14575,68,Female,Savings,Withdrawal,Branch,32463.74,360783.42,Western
2260,2025-02-22,Mombasa,94500,57,Female,Current,Bill Payment,Branch,128329.33,153019.81,Western
2261,2025-10-16,Mombasa,69767,54,Male,Savings,Transfer,Mobile,119463.74,449392.96,Western
2262,2025-09-02,Eldoret,18755,52,Male,Current,Deposit,Internet,170232.93,20954.0,Rift Valley
2263,2025-08-11,Eldoret,61222,42,Male,Savings,Transfer,ATM,199652.25,375391.55,Coast
2264,2025-10-28,Nakuru,30660,50,Female,Savings,Withdrawal,ATM,86065.11,293128.6,Western
2265,2025-11-28,Nairobi,69010,38,Male,Current,Withdrawal,Branch,141840.52,793155.48,Rift Valley
2266,2025-06-30,Nairobi,71930,44,Female,Savings,Withdrawal,Branch,7189.94,138953.35,Rift Valley
2267,2025-04-02,Eldoret,81330,36,Female,Savings,Deposit,ATM,75299.24,201748.18,Western
2268,2025-07-07,Kisumu,54444,40,Male,Savings,Bill Payment,ATM,104044.14,162701.4,Central
2269,2025-02-15,Eldoret,43980,42,Female,Current,Deposit,ATM,77756.56,633065.22,Coast
2270,2025-01-14,Mombasa,41680,35,Female,Current,Withdrawal,Branch,63088.48,826586.75,Western
2271,2025-01-04,Mombasa,59595,37,Female,Current,Deposit,Mobile,174713.73,283350.78,Coast
2272,2025-05-24,Kisumu,39884,44,Female,Savings,Bill Payment,Mobile,127494.68,62507.05,Central
2273,2025-12-13,Nairobi,73068,46,Male,Current,Bill Payment,ATM,39633.43,273010.84,Rift Valley
2274,2025-05-16,Nakuru,65486,30,Male,Current,Withdrawal,ATM,46955.27,219729.83,Central
2275,2025-02-06,Nairobi,72404,18,Male,Current,Deposit,Mobile,158522.64,410843.04,Coast
2276,2025-03-20,Eldoret,28197,75,Female,Savings,Loan Repayment,Mobile,182430.98,580772.14,Western
2277,2025-09-08,Nakuru,55431,42,Male,Current,Withdrawal,Branch,51746.79,157192.17,Western
2278,2025-05-04,Mombasa,34743,63,Male,Current,Deposit,ATM,96841.9,967562.08,Western
2279,2025-03-28,Eldoret,51704,69,Female,Savings,Deposit,Branch,75152.01,616948.73,Rift Valley
2280,2025-03-09,Kisumu,21872,42,Male,Current,Withdrawal,ATM,142673.43,356727.96,Western
2281,2025-11-07,Kisumu,50130,37,Female,Savings,Transfer,Internet,177406.96,275470.12,Coast
2282,2025-07-28,Eldoret,39317,23,Male,Savings,Deposit,ATM,14242.66,909374.36,Central
2283,2025-06-08,Nakuru,34632,21,Male,Current,Deposit,ATM,137434.07,959079.85,Western
2284,2025-11-13,Eldoret,96169,40,Male,Current,Loan Repayment,ATM,5375.76,691118.18,Central
2285,2025-02-10,Kisumu,69730,70,Male,Current,Loan Repayment,ATM,75148.7,817428.7,Western
2286,2025-06-11,Eldoret,22501,54,Male,Current,Bill Payment,ATM,126734.5,272846.85,Western
2287,2025-05-20,Eldoret,31603,24,Female,Savings,Loan Repayment,Internet,193563.75,211621.36,Western
2288,2025-12-05,Nakuru,98897,67,Female,Savings,Bill Payment,Internet,8156.65,18909.74,Coast
2289,2025-08-18,Nairobi,98090,34,Female,Savings,Deposit,Internet,4473.67,595649.66,Rift Valley
2290,2025-06-11,Nakuru,38847,38,Male,Savings,Withdrawal,Mobile,112626.57,502621.67,Coast
2291,2025-05-10,Nairobi,38776,55,Female,Savings,Withdrawal,Branch,66776.37,157091.0,Coast
2292,2025-07-30,Eldoret,46623,71,Female,Savings,Loan Repayment,ATM,86333.08,498351.17,Coast
2293,2025-12-29,Mombasa,10760,60,Male,Current,Loan Repayment,ATM,175258.69,387831.07,Western
2294,2025-10-28,Eldoret,93454,70,Male,Current,Bill Payment,Internet,144708.81,718368.48,Western
2295,2025-02-21,Nairobi,11472,52,Female,Current,Transfer,Mobile,126116.09,952919.72,Central
2296,2025-12-24,Nairobi,31006,53,Female,Savings,Bill Payment,Mobile,93374.31,98174.54,Rift Valley
2297,2025-10-15,Nairobi,30735,30,Female,Savings,Transfer,Mobile,37380.39,632320.42,Coast
2298,2025-07-14,Mombasa,67400,65,Female,Savings,Loan Repayment,ATM,160022.05,614220.52,Coast
2299,2025-12-23,Mombasa,73384,57,Male,Current,Withdrawal,ATM,150037.01,357228.43,Coast
2300,2025-10-31,Nairobi,86459,36,Female,Current,Transfer,Internet,197676.33,573315.41,Western
2301,2025-01-02,Eldoret,10193,60,Female,Current,Loan Repayment,Internet,119133.48,575133.29,Western
2302,2025-12-27,Nairobi,63105,27,Female,Savings,Loan Repayment,Internet,61432.37,371145.44,Coast
2303,2025-08-03,Mombasa,42602,61,Male,Savings,Withdrawal,Branch,119418.75,21367.32,Western
2304,2025-10-10,Nairobi,22612,29,Female,Savings,Deposit,ATM,4263.53,945658.71,Coast
2305,2025-01-18,Nairobi,99395,42,Male,Current,Transfer,Internet,87576.15,844663.23,Coast
2306,2025-08-08,Nakuru,19714,61,Male,Savings,Loan Repayment,Branch,74855.67,414132.14,Western
2307,2025-11-14,Eldoret,95206,75,Female,Savings,Deposit,ATM,42597.13,561312.61,Rift Valley
2308,2025-01-16,Mombasa,82447,21,Male,Current,Bill Payment,Internet,170495.01,80413.44,Rift Valley
2309,2025-12-07,Nakuru,21871,38,Male,Current,Loan Repayment,Branch,447.69,184461.06,Coast
2310,2025-01-18,Mombasa,18380,30,Male,Current,Deposit,ATM,14321.78,316026.86,Rift Valley
2311,2025-11-08,Mombasa,57938,47,Male,Savings,Withdrawal,Mobile,114203.3,899104.6,Central
2312,2025-06-18,Mombasa,35960,64,Male,Savings,Deposit,ATM,184217.08,410691.89,Central
2313,2025-09-02,Eldoret,49863,40,Male,Current,Loan Repayment,Branch,40807.92,890013.52,Western
2314,2025-05-14,Eldoret,87552,64,Male,Savings,Bill Payment,Branch,196330.09,50767.49,Central
2315,2025-11-15,Nairobi,16771,33,Female,Savings,Withdrawal,ATM,164803.99,801670.78,Coast
2316,2025-10-21,Nairobi,52370,74,Female,Current,Loan Repayment,Branch,68738.01,789448.68,Rift Valley
2317,2025-03-13,Mombasa,17932,24,Female,Current,Withdrawal,Mobile,34688.09,922045.53,Coast
2318,2025-09-21,Eldoret,46285,52,Female,Current,Withdrawal,Branch,145754.04,780512.66,Western
2319,2025-04-18,Kisumu,76325,54,Male,Current,Withdrawal,ATM,27399.01,224016.02,Central
2320,2025-03-27,Eldoret,78479,66,Male,Savings,Loan Repayment,Internet,178488.81,495390.95,Central
2321,2025-12-07,Kisumu,74565,64,Female,Current,Loan Repayment,Internet,164328.37,716922.7,Western
2322,2025-07-09,Eldoret,96004,64,Male,Current,Transfer,Internet,31309.41,848418.46,Rift Valley
2323,2025-11-06,Nakuru,30878,26,Male,Current,Deposit,Mobile,157035.45,182742.4,Western
2324,2025-08-02,Mombasa,58741,66,Male,Savings,Transfer,Mobile,93553.69,180008.51,Central
2325,2025-01-31,Kisumu,87077,36,Female,Savings,Bill Payment,ATM,135131.67,821300.01,Central
2326,2025-06-16,Eldoret,69733,50,Male,Savings,Loan Repayment,ATM,66146.64,91747.53,Rift Valley
2327,2025-02-03,Nairobi,53556,68,Male,Current,Withdrawal,Branch,9869.94,659177.98,Western
2328,2025-11-23,Mombasa,59573,28,Female,Current,Deposit,Branch,11084.21,848464.7,Western
2329,2025-04-03,Eldoret,17518,23,Male,Savings,Loan Repayment,Mobile,113149.63,49532.08,Rift Valley
2330,2025-09-01,Eldoret,24998,41,Female,Current,Loan Repayment,Internet,1544.97,925681.69,Western
2331,2025-06-23,Eldoret,20951,41,Male,Savings,Withdrawal,Mobile,87837.41,501743.0,Western
2332,2025-12-01,Mombasa,72134,60,Male,Current,Transfer,Internet,155074.19,640944.22,Central
2333,2025-07-18,Eldoret,36646,72,Male,Savings,Transfer,Internet,112893.2,46733.92,Western
2334,2025-12-22,Nairobi,73007,59,Female,Current,Transfer,ATM,31856.75,395508.25,Western
2335,2025-12-03,Mombasa,16416,25,Female,Savings,Bill Payment,Internet,123782.13,346044.12,Western
2336,2025-12-22,Nakuru,52949,38,Female,Savings,Bill Payment,Mobile,89112.49,888974.67,Coast
2337,2025-12-09,Mombasa,50481,29,Male,Savings,Loan Repayment,Internet,160810.67,145936.0,Rift Valley
2338,2025-01-10,Nairobi,81096,66,Male,Current,Bill Payment,Mobile,111992.59,41598.95,Coast
2339,2025-03-07,Eldoret,69213,51,Male,Current,Deposit,ATM,164279.84,6423.83,Central
2340,2025-11-29,Mombasa,62380,67,Female,Current,Bill Payment,Branch,142312.1,427579.54,Rift Valley
2341,2025-05-04,Nakuru,99173,58,Male,Savings,Withdrawal,ATM,76721.31,325190.15,Central
2342,2025-04-15,Eldoret,91151,21,Female,Current,Transfer,Internet,18090.29,702341.5,Coast
2343,2025-01-13,Nairobi,80795,27,Male,Current,Deposit,Mobile,23536.19,100024.07,Coast
2344,2025-09-15,Nakuru,62269,61,Female,Savings,Bill Payment,Internet,158680.87,501784.44,Western
2345,2025-09-07,Mombasa,50906,56,Male,Current,Withdrawal,Internet,115465.37,192722.82,Western
2346,2025-05-08,Nakuru,11772,32,Female,Savings,Bill Payment,Mobile,11917.7,222679.03,Coast
2347,2025-06-18,Mombasa,93213,37,Male,Current,Loan Repayment,Mobile,45896.59,875962.19,Rift Valley
2348,2025-07-04,Kisumu,90841,75,Female,Savings,Deposit,ATM,165406.88,560163.02,Rift Valley
2349,2025-03-19,Eldoret,54883,19,Female,Current,Loan Repayment,Internet,29103.5,615810.17,Rift Valley
2350,2025-04-21,Nairobi,39979,53,Male,Savings,Deposit,Mobile,36550.71,680055.88,Rift Valley
2351,2025-03-26,Nairobi,38432,34,Male,Current,Deposit,Internet,17106.17,950188.68,Rift Valley
2352,2025-02-28,Eldoret,38997,61,Male,Savings,Deposit,ATM,136019.19,620827.39,Central
2353,2025-02-25,Kisumu,53577,52,Male,Current,Withdrawal,Mobile,134854.36,404744.74,Coast
2354,2025-03-30,Nairobi,33784,20,Male,Current,Transfer,Mobile,95468.59,218327.78,Western
2355,2025-08-08,Kisumu,93468,40,Male,Current,Bill Payment,Internet,26954.35,37728.65,Central
2356,2025-12-13,Mombasa,64787,60,Male,Current,Bill Payment,Branch,157210.14,964581.35,Rift Valley
2357,2025-04-03,Eldoret,55195,56,Female,Current,Deposit,Internet,33307.91,48118.81,Coast
2358,2025-05-07,Mombasa,84110,75,Female,Savings,Withdrawal,Internet,104788.89,342194.2,Central
2359,2025-01-29,Nakuru,88310,22,Male,Savings,Withdrawal,Internet,166287.19,212957.15,Western
2360,2025-02-20,Nakuru,23802,34,Female,Savings,Withdrawal,ATM,38488.27,225912.87,Western
2361,2025-05-02,Nairobi,84022,60,Male,Current,Loan Repayment,ATM,189971.92,653151.96,Central
2362,2025-09-30,Kisumu,72075,69,Male,Savings,Transfer,ATM,170874.49,472247.38,Coast
2363,2025-08-31,Nairobi,80252,41,Male,Current,Withdrawal,Mobile,38983.87,785274.27,Central
2364,2025-12-29,Nairobi,77942,71,Male,Current,Bill Payment,Branch,196184.64,898535.26,Western
2365,2025-02-25,Nairobi,32293,32,Female,Savings,Bill Payment,Branch,31514.96,138271.55,Western
2366,2025-10-19,Eldoret,16117,65,Male,Current,Bill Payment,Branch,118168.8,781233.48,Rift Valley
2367,2025-02-01,Kisumu,98515,70,Male,Savings,Transfer,ATM,186676.76,693389.84,Western
2368,2025-12-05,Nakuru,31957,37,Male,Current,Withdrawal,Mobile,160768.39,692884.58,Western
2369,2025-06-24,Nairobi,92801,73,Male,Savings,Deposit,ATM,153126.06,432160.04,Western
2370,2025-06-04,Eldoret,70416,65,Female,Savings,Transfer,ATM,186353.15,576232.25,Rift Valley
2371,2025-06-03,Eldoret,90464,47,Female,Savings,Loan Repayment,ATM,192855.52,590619.44,Coast
2372,2025-10-20,Nairobi,86792,71,Male,Current,Withdrawal,Branch,48329.12,573991.77,Coast
2373,2025-08-15,Nakuru,87705,69,Female,Savings,Deposit,Branch,91326.05,466892.15,Rift Valley
2374,2025-07-02,Mombasa,63053,57,Female,Current,Bill Payment,Mobile,17556.99,76925.95,Rift Valley
2375,2025-05-28,Kisumu,32435,47,Female,Current,Loan Repayment,Internet,47867.03,40874.1,Rift Valley
2376,2025-09-15,Nakuru,28465,25,Female,Savings,Bill Payment,Mobile,142827.28,471993.88,Coast
2377,2025-12-11,Eldoret,58959,18,Male,Savings,Loan Repayment,ATM,164863.47,278032.66,Rift Valley
2378,2025-08-24,Nakuru,94874,69,Male,Savings,Bill Payment,Mobile,47168.27,340376.67,Western
2379,2025-08-01,Nakuru,10986,47,Male,Savings,Withdrawal,Internet,5217.91,933972.04,Western
2380,2025-05-15,Nairobi,16445,50,Female,Current,Loan Repayment,Mobile,161961.05,145740.03,Western
2381,2025-05-23,Nairobi,39486,42,Male,Current,Deposit,Mobile,136764.27,512353.27,Western
2382,2025-01-26,Nairobi,23481,50,Male,Savings,Bill Payment,Internet,177519.28,935960.41,Coast
2383,2025-12-27,Nakuru,54171,74,Male,Current,Loan Repayment,Branch,15830.17,119998.9,Western
2384,2025-09-15,Eldoret,13925,46,Male,Current,Transfer,Internet,127496.8,401493.75,Rift Valley
2385,2025-09-09,Mombasa,94127,65,Male,Savings,Withdrawal,Mobile,160214.42,649394.77,Rift Valley
2386,2025-02-02,Nakuru,46673,72,Female,Savings,Loan Repayment,Mobile,170988.73,551837.42,Rift Valley
2387,2025-09-09,Nakuru,56701,74,Male,Current,Withdrawal,Internet,36424.83,979512.03,Central
2388,2025-04-02,Mombasa,76880,45,Female,Current,Loan Repayment,Branch,74322.26,841603.24,Coast
2389,2025-10-12,Nakuru,94749,45,Female,Savings,Loan Repayment,ATM,75596.5,654352.04,Central
2390,2025-10-26,Nakuru,45046,33,Male,Current,Transfer,ATM,14296.7,934257.26,Central
2391,2025-08-19,Nakuru,27997,24,Male,Savings,Bill Payment,Branch,11796.28,537670.52,Coast
2392,2025-04-15,Nairobi,77310,71,Female,Current,Deposit,Mobile,28618.23,65282.28,Central
2393,2025-07-31,Eldoret,22681,52,Female,Savings,Deposit,Internet,159203.15,839442.55,Rift Valley
2394,2025-08-15,Kisumu,52927,55,Male,Current,Withdrawal,Internet,162573.44,127130.62,Rift Valley
2395,2025-05-15,Kisumu,39337,34,Female,Current,Transfer,ATM,89403.9,732930.08,Coast
2396,2025-01-20,Kisumu,19046,45,Female,Current,Loan Repayment,Branch,20015.25,662338.27,Central
2397,2025-10-08,Nakuru,94021,46,Female,Current,Transfer,Mobile,142608.25,599824.59,Rift Valley
2398,2025-12-14,Nairobi,95142,63,Female,Savings,Bill Payment,Mobile,64922.75,637831.04,Coast
2399,2025-10-19,Nakuru,66424,27,Female,Savings,Deposit,Mobile,94397.02,365583.89,Western
2400,2025-12-21,Nakuru,59507,35,Male,Current,Transfer,Mobile,12275.3,195432.57,Coast
2401,2025-02-16,Nairobi,85716,73,Female,Savings,Transfer,Mobile,181158.26,79274.46,Central
2402,2025-12-16,Nakuru,27075,71,Male,Savings,Deposit,Internet,154216.36,311015.12,Coast
2403,2025-03-11,Mombasa,93613,71,Female,Current,Deposit,ATM,92462.81,790131.52,Coast
2404,2025-10-20,Kisumu,22188,70,Female,Savings,Bill Payment,ATM,111979.25,321794.16,Western
2405,2025-10-13,Kisumu,86952,58,Male,Savings,Bill Payment,Internet,127175.8,535374.91,Coast
2406,2025-11-01,Eldoret,83257,61,Female,Current,Deposit,Internet,78460.44,531444.8,Central
2407,2025-10-26,Nairobi,58212,74,Female,Savings,Loan Repayment,ATM,179009.86,853758.37,Central
2408,2025-05-10,Eldoret,43647,32,Male,Savings,Bill Payment,Mobile,113040.9,433551.74,Rift Valley
2409,2025-02-05,Nairobi,35143,43,Female,Savings,Withdrawal,Branch,11692.94,132121.45,Rift Valley
2410,2025-11-08,Eldoret,46010,36,Male,Savings,Bill Payment,Internet,183216.5,524004.93,Coast
2411,2025-02-28,Kisumu,23610,32,Male,Savings,Deposit,Mobile,38218.32,819593.86,Western
2412,2025-07-13,Nakuru,51145,61,Male,Savings,Bill Payment,ATM,88269.33,438564.08,Rift Valley
2413,2025-05-20,Kisumu,93931,48,Male,Current,Transfer,Branch,109964.25,451346.78,Central
2414,2025-06-21,Eldoret,59721,47,Female,Savings,Deposit,ATM,90427.96,882473.6,Coast
2415,2025-01-03,Nairobi,35237,36,Female,Current,Transfer,ATM,132850.7,881926.3,Coast
2416,2025-04-22,Nakuru,34527,46,Male,Current,Bill Payment,Mobile,48756.54,485118.64,Western
2417,2025-11-04,Mombasa,97847,44,Male,Current,Bill Payment,ATM,188710.78,680337.97,Rift Valley
2418,2025-08-23,Mombasa,69317,32,Female,Savings,Loan Repayment,Branch,94802.05,88640.41,Central
2419,2025-05-30,Nairobi,35343,51,Female,Current,Deposit,Mobile,47763.08,934840.26,Coast
2420,2025-09-05,Eldoret,93750,35,Male,Savings,Deposit,Branch,101442.85,114495.82,Central
2421,2025-08-20,Nakuru,94857,26,Male,Current,Deposit,Internet,61915.63,42649.64,Rift Valley
2422,2025-09-18,Nairobi,79532,34,Female,Savings,Deposit,Branch,154445.4,205055.82,Central
2423,2025-05-21,Kisumu,52265,71,Female,Current,Deposit,Branch,86690.31,999748.86,Central
2424,2025-06-01,Kisumu,64584,54,Female,Savings,Loan Repayment,Mobile,177236.79,941993.26,Rift Valley
2425,2025-02-16,Mombasa,77477,21,Female,Current,Withdrawal,Internet,82749.8,304345.86,Coast
2426,2025-03-24,Nairobi,56286,34,Female,Savings,Loan Repayment,ATM,84744.63,908472.39,Central
2427,2025-10-28,Nairobi,68760,68,Male,Current,Transfer,Mobile,174421.31,556039.27,Rift Valley
2428,2025-07-25,Nairobi,85970,73,Male,Current,Loan Repayment,Mobile,29248.14,250865.62,Rift Valley
2429,2025-03-02,Nakuru,63867,71,Male,Current,Bill Payment,Internet,68138.48,859902.91,Central
2430,2025-12-22,Nakuru,93510,73,Male,Current,Deposit,Internet,30993.33,369150.21,Rift Valley
2431,2025-01-24,Kisumu,99845,48,Male,Savings,Withdrawal,Mobile,87797.13,100208.14,Rift Valley
2432,2025-01-14,Mombasa,91392,57,Male,Current,Withdrawal,Branch,137974.81,345639.86,Central
2433,2025-02-25,Kisumu,44842,70,Female,Savings,Transfer,Mobile,152801.25,790155.76,Rift Valley
2434,2025-05-10,Kisumu,12908,68,Female,Current,Transfer,Branch,196022.11,897577.25,Rift Valley
2435,2025-11-02,Nairobi,26179,69,Female,Current,Loan Repayment,Branch,59302.17,693828.07,Central
2436,2025-04-12,Nairobi,10460,41,Male,Savings,Loan Repayment,Branch,45611.48,392968.2,Coast
2437,2025-10-02,Eldoret,71202,52,Male,Current,Loan Repayment,ATM,32711.08,491838.42,Central
2438,2025-03-28,Nairobi,82603,27,Male,Savings,Loan Repayment,Internet,9239.96,752292.22,Central
2439,2025-03-24,Eldoret,40555,22,Female,Current,Transfer,Internet,147931.63,365447.72,Rift Valley
2440,2025-08-15,Eldoret,10305,61,Male,Current,Withdrawal,Mobile,95047.66,152621.91,Central
2441,2025-01-27,Nakuru,76222,64,Male,Current,Loan Repayment,Branch,128868.87,856949.17,Western
2442,2025-01-16,Kisumu,38688,47,Female,Savings,Withdrawal,Branch,74924.02,763996.1,Western
2443,2025-03-06,Kisumu,86465,41,Female,Current,Transfer,ATM,4018.94,527855.24,Coast
2444,2025-11-21,Eldoret,67600,37,Female,Savings,Loan Repayment,Internet,18876.18,79182.49,Western
2445,2025-02-17,Nakuru,62118,19,Female,Savings,Transfer,ATM,108412.13,376687.12,Rift Valley
2446,2025-12-25,Nakuru,46689,63,Female,Current,Bill Payment,Branch,177565.31,824018.14,Rift Valley
2447,2025-12-10,Mombasa,59082,73,Male,Savings,Transfer,ATM,116204.88,718323.71,Central
2448,2025-02-27,Nakuru,44313,61,Male,Current,Transfer,Mobile,98148.38,325105.39,Western
2449,2025-05-20,Eldoret,17506,75,Male,Savings,Loan Repayment,Internet,71495.46,559553.26,Rift Valley
2450,2025-10-27,Nairobi,81468,40,Female,Current,Loan Repayment,Mobile,21521.19,76045.84,Western
2451,2025-06-10,Nairobi,44717,72,Female,Savings,Bill Payment,ATM,52555.82,724787.97,Rift Valley
2452,2025-03-01,Kisumu,64531,56,Male,Current,Deposit,Internet,157381.45,272384.21,Coast
2453,2025-01-31,Eldoret,44942,50,Male,Current,Withdrawal,Branch,120313.29,930744.23,Central
2454,2025-10-16,Mombasa,48794,24,Male,Current,Transfer,ATM,31633.26,216616.35,Central
2455,2025-05-22,Mombasa,60751,57,Female,Savings,Withdrawal,ATM,111728.87,484031.23,Central
2456,2025-12-23,Mombasa,36027,66,Female,Current,Loan Repayment,Mobile,72756.57,462314.45,Coast
2457,2025-07-20,Kisumu,35810,71,Female,Savings,Loan Repayment,ATM,14091.01,278921.67,Western
2458,2025-01-13,Kisumu,20799,62,Male,Current,Withdrawal,Mobile,29401.37,601134.37,Rift Valley
2459,2025-02-16,Kisumu,59587,54,Male,Current,Withdrawal,Branch,22175.94,886143.78,Rift Valley
2460,2025-08-12,Nairobi,99699,34,Male,Savings,Transfer,ATM,121014.34,798017.16,Central
2461,2025-01-22,Nairobi,18218,38,Female,Savings,Bill Payment,Internet,93268.73,489697.93,Rift Valley
2462,2025-02-19,Kisumu,28839,42,Female,Current,Loan Repayment,Mobile,69508.78,244468.36,Central
2463,2025-11-22,Nairobi,27448,24,Male,Savings,Bill Payment,ATM,49791.42,931627.35,Central
2464,2025-09-15,Kisumu,14926,24,Male,Savings,Deposit,Mobile,186870.92,333493.37,Coast
2465,2025-07-14,Nairobi,12819,57,Female,Savings,Deposit,ATM,92378.33,209576.25,Western
2466,2025-10-19,Nairobi,56474,30,Female,Savings,Deposit,Mobile,2362.93,790001.18,Western
2467,2025-01-02,Eldoret,19405,48,Female,Savings,Transfer,Mobile,107686.5,661.96,Central
2468,2025-11-05,Nairobi,25772,27,Female,Savings,Loan Repayment,ATM,147149.39,35190.2,Coast
2469,2025-07-01,Kisumu,63871,21,Male,Savings,Transfer,Internet,105033.59,861796.53,Central
2470,2025-12-21,Nakuru,88756,28,Male,Savings,Loan Repayment,Mobile,58231.38,654648.61,Coast
2471,2025-07-01,Eldoret,77548,41,Male,Savings,Deposit,Mobile,166099.9,126460.09,Western
2472,2025-10-26,Nakuru,40399,55,Female,Current,Transfer,Branch,68233.69,598380.83,Rift Valley
2473,2025-09-28,Nairobi,86871,46,Female,Savings,Loan Repayment,Mobile,26357.18,892788.24,Central
2474,2025-11-05,Nakuru,35268,62,Male,Savings,Transfer,Branch,82290.04,224651.13,Coast
2475,2025-04-17,Mombasa,21835,43,Female,Savings,Withdrawal,ATM,3166.08,990957.45,Rift Valley
2476,2025-04-02,Nakuru,46747,57,Female,Savings,Transfer,Branch,47203.99,140922.63,Western
2477,2025-06-15,Mombasa,64665,66,Male,Savings,Loan Repayment,Branch,86402.07,207975.02,Rift Valley
2478,2025-03-22,Mombasa,37790,60,Female,Current,Loan Repayment,Mobile,39240.93,69092.57,Western
2479,2025-01-07,Nakuru,31667,71,Male,Savings,Loan Repayment,Internet,97155.22,262998.31,Central
2480,2025-12-14,Eldoret,50609,56,Male,Savings,Loan Repayment,Branch,148140.04,80467.09,Rift Valley
2481,2025-10-19,Eldoret,30418,31,Female,Savings,Withdrawal,Mobile,61517.73,6847.79,Rift Valley
2482,2025-02-06,Nairobi,78121,65,Male,Current,Transfer,Branch,142913.7,425345.78,Central
2483,2025-01-23,Nairobi,14919,41,Female,Current,Withdrawal,ATM,83517.29,98381.7,Coast
2484,2025-10-27,Nakuru,66990,42,Female,Current,Bill Payment,ATM,151804.9,312959.98,Western
2485,2025-08-05,Kisumu,68650,73,Female,Current,Withdrawal,Mobile,119679.08,513733.08,Central
2486,2025-06-04,Nakuru,46105,31,Female,Savings,Deposit,Branch,195486.16,649169.53,Coast
2487,2025-11-28,Nairobi,87543,23,Female,Savings,Transfer,Mobile,47747.42,864651.08,Western
2488,2025-12-17,Mombasa,21904,29,Female,Savings,Transfer,Mobile,44376.05,748524.7,Coast
2489,2025-04-18,Mombasa,86689,50,Female,Savings,Loan Repayment,Branch,165421.38,54363.32,Central
2490,2025-08-26,Eldoret,73883,33,Male,Savings,Loan Repayment,Branch,125742.75,322459.76,Western
2491,2025-01-25,Mombasa,61614,74,Female,Savings,Bill Payment,ATM,23617.39,736330.12,Rift Valley
2492,2025-07-29,Nakuru,58312,44,Female,Savings,Loan Repayment,Internet,188942.01,624981.71,Western
2493,2025-12-29,Kisumu,24111,48,Female,Current,Bill Payment,Internet,199696.68,31069.06,Central
2494,2025-06-22,Nairobi,32904,58,Male,Savings,Transfer,Branch,146207.26,868003.77,Coast
2495,2025-06-21,Eldoret,39616,31,Male,Savings,Withdrawal,Internet,135413.76,82844.25,Western
2496,2025-04-12,Eldoret,95745,55,Male,Current,Deposit,ATM,87589.19,657797.8,Coast
2497,2025-06-23,Nakuru,56836,18,Female,Savings,Loan Repayment,Branch,23122.65,617616.51,Rift Valley
2498,2025-10-25,Eldoret,92944,18,Male,Savings,Deposit,Mobile,113570.6,33222.92,Central
2499,2025-03-14,Nairobi,95958,56,Female,Current,Deposit,Branch,66803.06,657878.7,Coast
2500,2025-10-09,Eldoret,76907,20,Male,Current,Loan Repayment,ATM,66531.67,25571.5,Central
2501,2025-10-20,Eldoret,63329,45,Male,Current,Loan Repayment,Branch,197962.31,683076.77,Central
2502,2025-11-07,Nakuru,85270,63,Female,Current,Withdrawal,Branch,40071.25,853616.3,Western
2503,2025-10-09,Eldoret,38315,29,Female,Savings,Transfer,Branch,179016.44,388479.48,Central
2504,2025-09-13,Nairobi,98237,74,Female,Savings,Deposit,Mobile,116230.0,148043.06,Rift Valley
2505,2025-09-26,Eldoret,30692,48,Female,Savings,Bill Payment,Branch,100170.03,956168.14,Western
2506,2025-10-28,Nairobi,66382,50,Male,Current,Deposit,Internet,171826.54,157519.55,Western
2507,2025-06-09,Kisumu,36703,51,Female,Savings,Withdrawal,ATM,178751.83,648604.53,Rift Valley
2508,2025-08-26,Nairobi,12781,49,Female,Current,Loan Repayment,ATM,6481.93,281850.88,Central
2509,2025-07-24,Kisumu,80558,18,Female,Savings,Deposit,ATM,81666.11,10848.58,Coast
2510,2025-03-03,Nairobi,50846,62,Female,Current,Deposit,Branch,59988.66,726713.13,Coast
2511,2025-12-09,Eldoret,45173,52,Male,Current,Withdrawal,Internet,22455.72,144045.74,Rift Valley
2512,2025-11-04,Eldoret,89239,26,Male,Current,Transfer,Branch,71745.22,291170.06,Coast
2513,2025-03-25,Nakuru,11716,22,Male,Current,Deposit,Branch,154745.44,876366.29,Rift Valley
2514,2025-05-31,Nairobi,95811,49,Male,Savings,Transfer,ATM,131539.92,359330.45,Central
2515,2025-05-09,Eldoret,27232,33,Male,Savings,Deposit,ATM,176622.08,249259.5,Coast
2516,2025-03-09,Kisumu,69991,38,Male,Current,Transfer,Branch,48563.74,602629.73,Central
2517,2025-05-29,Mombasa,10256,46,Female,Savings,Bill Payment,Mobile,18909.23,929934.82,Central
2518,2025-04-18,Eldoret,26622,54,Female,Current,Withdrawal,Branch,39357.76,453288.58,Rift Valley
2519,2025-03-25,Eldoret,61133,48,Female,Savings,Deposit,Internet,176677.45,355637.83,Central
2520,2025-08-08,Nakuru,65919,53,Male,Current,Deposit,ATM,171154.92,377177.78,Rift Valley
2521,2025-04-24,Nakuru,79313,41,Female,Savings,Deposit,Mobile,12738.75,200202.38,Central
2522,2025-03-13,Mombasa,64108,69,Female,Savings,Loan Repayment,Branch,194586.89,465282.3,Central
2523,2025-10-04,Nakuru,55991,65,Male,Savings,Deposit,ATM,54862.55,119706.58,Western
2524,2025-04-22,Kisumu,63298,68,Female,Current,Transfer,Internet,174811.68,324552.68,Western
2525,2025-07-19,Nairobi,47561,60,Female,Current,Bill Payment,Mobile,153898.56,455969.51,Coast
2526,2025-10-12,Nairobi,33907,75,Male,Current,Loan Repayment,Internet,116736.52,258862.4,Rift Valley
2527,2025-02-06,Mombasa,75045,61,Female,Current,Loan Repayment,Internet,135604.12,863476.18,Western
2528,2025-11-27,Mombasa,57159,44,Male,Savings,Transfer,ATM,129041.47,826156.69,Rift Valley
2529,2025-11-22,Nakuru,49662,74,Female,Current,Withdrawal,Mobile,100061.07,598967.97,Coast
2530,2025-08-03,Eldoret,22355,47,Female,Savings,Deposit,ATM,162542.9,221129.45,Coast
2531,2025-10-22,Eldoret,44292,59,Male,Savings,Loan Repayment,Internet,155517.6,817506.49,Rift Valley
2532,2025-08-13,Nairobi,19996,32,Male,Current,Loan Repayment,Internet,151367.25,578485.25,Central
2533,2025-01-16,Nakuru,22751,72,Male,Savings,Transfer,Internet,105509.61,583318.59,Coast
2534,2025-04-21,Nakuru,73166,58,Male,Savings,Transfer,Mobile,86964.48,287574.17,Western
2535,2025-10-26,Kisumu,50197,61,Female,Savings,Deposit,Branch,87600.13,686965.25,Western
2536,2025-10-28,Nairobi,26205,37,Female,Current,Transfer,Internet,65826.16,644887.4,Coast
2537,2025-08-10,Mombasa,69154,42,Male,Current,Transfer,ATM,11287.51,96551.23,Coast
2538,2025-11-05,Mombasa,92965,54,Female,Current,Bill Payment,ATM,33026.22,640752.22,Western
2539,2025-12-02,Nairobi,92688,40,Male,Savings,Loan Repayment,Mobile,164163.05,518210.03,Coast
2540,2025-05-04,Eldoret,76580,61,Male,Savings,Transfer,Mobile,149955.6,94620.63,Central
2541,2025-08-20,Kisumu,24266,36,Female,Current,Deposit,ATM,129972.19,452789.29,Rift Valley
2542,2025-03-25,Nakuru,22359,24,Male,Savings,Transfer,Internet,41441.69,58051.23,Western
2543,2025-10-20,Nakuru,10644,38,Male,Savings,Bill Payment,Mobile,130102.88,666415.57,Coast
2544,2025-10-29,Kisumu,84481,25,Male,Current,Bill Payment,ATM,40919.33,40200.07,Rift Valley
2545,2025-02-12,Nairobi,90665,66,Male,Current,Loan Repayment,Internet,63848.04,916465.6,Western
2546,2025-10-23,Eldoret,40838,42,Male,Savings,Deposit,ATM,143272.9,712104.15,Western
2547,2025-04-03,Nairobi,52510,57,Female,Savings,Withdrawal,Internet,138534.26,832785.65,Western
2548,2025-09-13,Nairobi,69021,58,Female,Current,Withdrawal,ATM,78109.36,673563.74,Rift Valley
2549,2025-06-01,Nairobi,61386,41,Female,Savings,Deposit,Internet,188565.58,702093.25,Central
2550,2025-03-08,Eldoret,88380,44,Female,Current,Withdrawal,Internet,185791.7,348601.82,Coast
2551,2025-11-02,Eldoret,93241,39,Male,Current,Transfer,ATM,57136.2,382396.08,Rift Valley
2552,2025-04-22,Nakuru,29142,46,Male,Savings,Loan Repayment,Branch,160037.93,412233.82,Rift Valley
2553,2025-11-28,Kisumu,34830,48,Male,Savings,Withdrawal,ATM,59553.15,938004.28,Coast
2554,2025-11-11,Mombasa,94409,50,Male,Savings,Deposit,Mobile,99220.03,516470.31,Rift Valley
2555,2025-11-13,Nairobi,17622,27,Female,Current,Deposit,Branch,96564.87,640175.14,Rift Valley
2556,2025-05-24,Nakuru,26934,21,Male,Savings,Deposit,Branch,80032.12,919992.74,Coast
2557,2025-06-23,Kisumu,45741,68,Female,Current,Deposit,Internet,87236.73,566570.31,Coast
2558,2025-03-23,Mombasa,86461,34,Male,Savings,Bill Payment,Internet,21571.31,851187.34,Coast
2559,2025-08-28,Mombasa,72816,20,Male,Current,Bill Payment,ATM,66907.53,33512.54,Coast
2560,2025-07-01,Mombasa,22363,39,Male,Savings,Loan Repayment,Branch,181936.43,945484.46,Rift Valley
2561,2025-02-15,Mombasa,70564,20,Male,Current,Deposit,Internet,82293.02,319275.64,Rift Valley
2562,2025-05-07,Kisumu,84512,75,Male,Current,Deposit,Mobile,137398.29,480645.67,Rift Valley
2563,2025-11-16,Mombasa,32012,62,Female,Current,Loan Repayment,Internet,144767.79,265884.66,Coast
2564,2025-03-21,Nairobi,49394,34,Female,Current,Withdrawal,Mobile,117738.1,835017.54,Western
2565,2025-09-17,Nairobi,77400,45,Female,Savings,Transfer,ATM,156276.98,466948.08,Rift Valley
2566,2025-09-29,Nakuru,13948,63,Male,Savings,Withdrawal,Mobile,12763.4,839846.72,Central
2567,2025-09-15,Nakuru,61482,66,Male,Savings,Loan Repayment,ATM,176386.73,635748.9,Central
2568,2025-12-20,Kisumu,38431,43,Female,Current,Bill Payment,ATM,119651.0,778338.15,Rift Valley
2569,2025-10-27,Eldoret,62083,23,Female,Savings,Bill Payment,Mobile,83879.79,517683.73,Coast
2570,2025-09-13,Mombasa,36723,27,Male,Savings,Withdrawal,Internet,110050.32,835417.06,Central
2571,2025-07-30,Eldoret,49978,74,Male,Current,Deposit,Branch,174295.28,990543.56,Coast
2572,2025-12-18,Nakuru,45096,51,Female,Current,Transfer,Mobile,113221.32,232032.62,Rift Valley
2573,2025-10-13,Nairobi,82448,49,Male,Savings,Loan Repayment,ATM,83632.0,898879.17,Western
2574,2025-04-22,Nairobi,18305,74,Female,Savings,Bill Payment,Branch,176569.28,190553.63,Coast
2575,2025-08-20,Eldoret,51229,64,Female,Savings,Transfer,Internet,153935.53,146546.52,Central
2576,2025-12-04,Mombasa,36986,64,Male,Savings,Deposit,Mobile,122339.27,694484.23,Central
2577,2025-04-27,Mombasa,19635,74,Male,Current,Bill Payment,Mobile,182055.14,590949.58,Western
2578,2025-02-12,Nairobi,93435,58,Female,Current,Transfer,ATM,105852.7,782569.88,Coast
2579,2025-08-20,Eldoret,93904,27,Male,Savings,Deposit,ATM,43688.1,710923.81,Rift Valley
2580,2025-04-11,Nairobi,34693,21,Male,Savings,Loan Repayment,Internet,146886.21,27218.06,Coast
2581,2025-06-17,Kisumu,76006,22,Female,Savings,Deposit,Branch,118324.0,905659.15,Rift Valley
2582,2025-01-18,Kisumu,30067,38,Female,Current,Bill Payment,ATM,80761.42,680101.78,Coast
2583,2025-07-16,Mombasa,19100,54,Female,Current,Withdrawal,Branch,129686.16,699688.12,Western
2584,2025-10-16,Mombasa,34143,26,Male,Current,Bill Payment,Mobile,42108.7,84255.63,Coast
2585,2025-01-15,Mombasa,42763,37,Male,Current,Loan Repayment,ATM,13752.59,695468.06,Central
2586,2025-09-18,Nairobi,24156,75,Male,Savings,Transfer,Branch,12330.98,655737.5,Rift Valley
2587,2025-08-25,Mombasa,61717,21,Female,Current,Deposit,ATM,91536.42,731504.08,Central
2588,2025-12-19,Eldoret,93377,22,Female,Savings,Bill Payment,ATM,142918.96,234603.6,Central
2589,2025-11-02,Nakuru,87571,33,Female,Savings,Deposit,Branch,139279.12,104600.73,Rift Valley
2590,2025-04-10,Nakuru,18900,70,Female,Current,Deposit,Branch,53141.18,610620.65,Coast
2591,2025-11-18,Nakuru,82174,33,Female,Savings,Bill Payment,Internet,38060.37,27962.11,Central
2592,2025-09-12,Eldoret,84920,70,Male,Savings,Bill Payment,Mobile,96941.6,481881.41,Rift Valley
2593,2025-08-15,Mombasa,88729,50,Female,Savings,Transfer,Branch,15470.32,754892.08,Coast
2594,2025-02-04,Eldoret,59091,50,Female,Savings,Bill Payment,ATM,27954.32,994164.76,Rift Valley
2595,2025-08-31,Nairobi,14286,29,Female,Savings,Loan Repayment,Branch,148065.56,189039.54,Western
2596,2025-10-05,Eldoret,95452,36,Male,Current,Withdrawal,Mobile,147321.39,4877.32,Coast
2597,2025-03-09,Nairobi,50460,57,Female,Savings,Transfer,Mobile,50526.43,444247.94,Western
2598,2025-02-21,Nairobi,52793,45,Female,Savings,Withdrawal,Branch,110833.78,184481.58,Rift Valley
2599,2025-03-29,Nakuru,65491,53,Male,Current,Loan Repayment,Mobile,15554.42,594206.27,Western
2600,2025-12-30,Eldoret,24043,54,Female,Current,Loan Repayment,Mobile,94032.03,650077.06,Western
2601,2025-09-26,Eldoret,45366,38,Male,Savings,Withdrawal,Branch,59411.69,475361.24,Central
2602,2025-09-20,Nakuru,42267,55,Male,Savings,Deposit,ATM,141931.21,90374.43,Central
2603,2025-05-29,Mombasa,43957,70,Female,Current,Deposit,Mobile,29154.04,950744.23,Coast
2604,2025-09-26,Kisumu,12468,50,Male,Savings,Withdrawal,Mobile,193202.55,644591.54,Western
2605,2025-07-20,Nakuru,70644,53,Female,Current,Loan Repayment,Internet,56624.3,526437.58,Central
2606,2025-06-07,Eldoret,23949,72,Female,Current,Loan Repayment,Internet,463.71,628795.63,Central
2607,2025-03-28,Kisumu,37391,21,Female,Current,Loan Repayment,Branch,130443.28,263176.32,Central
2608,2025-05-18,Mombasa,99541,50,Female,Current,Bill Payment,Branch,52125.9,954475.88,Coast
2609,2025-07-03,Nakuru,39520,37,Male,Savings,Loan Repayment,Branch,146501.57,745036.07,Central
2610,2025-10-26,Mombasa,28330,65,Female,Savings,Deposit,Branch,96326.99,614210.68,Western
2611,2025-03-06,Kisumu,98439,75,Male,Current,Deposit,Mobile,64653.15,388121.59,Coast
2612,2025-04-24,Nairobi,16921,21,Male,Current,Bill Payment,Mobile,29510.66,178270.49,Western
2613,2025-01-14,Nakuru,78588,59,Female,Current,Transfer,Internet,114571.22,644414.15,Coast
2614,2025-07-25,Eldoret,59360,69,Male,Savings,Loan Repayment,Mobile,194544.61,64249.8,Coast
2615,2025-02-18,Nairobi,80969,18,Female,Current,Transfer,Mobile,194274.97,372404.35,Rift Valley
2616,2025-06-06,Nairobi,79927,33,Male,Current,Withdrawal,Branch,68097.56,523686.77,Coast
2617,2025-12-01,Nairobi,27981,33,Male,Savings,Loan Repayment,Branch,171344.05,486501.25,Rift Valley
2618,2025-01-20,Eldoret,51711,64,Female,Savings,Transfer,ATM,5413.73,981477.73,Coast
2619,2025-08-23,Eldoret,18207,37,Female,Current,Loan Repayment,Internet,198653.99,301737.97,Rift Valley
2620,2025-12-25,Nairobi,61488,34,Female,Current,Transfer,Mobile,89218.03,57268.22,Coast
2621,2025-03-30,Eldoret,10410,46,Female,Current,Transfer,ATM,39901.66,591288.66,Rift Valley
2622,2025-10-27,Nairobi,96819,35,Female,Savings,Withdrawal,Branch,34011.55,30905.31,Central
2623,2025-07-09,Eldoret,51014,67,Male,Savings,Deposit,Branch,166581.64,208992.37,Central
2624,2025-01-29,Eldoret,73566,52,Male,Current,Bill Payment,Branch,45884.79,558261.84,Western
2625,2025-05-10,Mombasa,27774,18,Female,Current,Withdrawal,Mobile,147367.39,972043.97,Western
2626,2025-08-08,Kisumu,18154,42,Male,Savings,Bill Payment,Internet,188006.04,201932.76,Rift Valley
2627,2025-11-21,Nakuru,63399,32,Male,Savings,Deposit,Internet,52534.41,57871.63,Rift Valley
2628,2025-04-25,Nairobi,66651,41,Female,Current,Transfer,Mobile,105995.72,882773.93,Western
2629,2025-04-29,Mombasa,39564,74,Male,Savings,Loan Repayment,Internet,175099.7,264538.44,Coast
2630,2025-12-24,Eldoret,13079,74,Male,Savings,Loan Repayment,Internet,18764.47,137839.07,Coast
2631,2025-11-10,Kisumu,45379,44,Male,Current,Withdrawal,ATM,180479.35,867030.48,Central
2632,2025-12-10,Kisumu,76816,49,Female,Savings,Bill Payment,Internet,71620.39,736811.23,Western
2633,2025-11-17,Kisumu,22732,22,Female,Savings,Transfer,ATM,90849.69,915448.99,Coast
2634,2025-11-22,Kisumu,40946,44,Male,Current,Transfer,Internet,80060.08,506065.49,Western
2635,2025-11-11,Mombasa,98689,50,Female,Current,Withdrawal,Internet,171714.95,112364.73,Coast
2636,2025-03-16,Eldoret,87326,71,Male,Savings,Deposit,Internet,19258.03,641282.92,Western
2637,2025-09-22,Nakuru,45268,66,Female,Current,Withdrawal,Branch,108809.45,42360.28,Central
2638,2025-07-22,Mombasa,93706,75,Male,Savings,Loan Repayment,Internet,14267.67,760610.12,Coast
2639,2025-04-28,Nairobi,43030,32,Female,Current,Loan Repayment,Internet,132529.28,74154.24,Rift Valley
2640,2025-11-05,Eldoret,24685,51,Female,Current,Bill Payment,ATM,73428.76,931215.68,Rift Valley
2641,2025-05-03,Kisumu,78139,22,Female,Savings,Withdrawal,Internet,118337.61,189217.1,Rift Valley
2642,2025-06-21,Nairobi,22366,49,Female,Savings,Withdrawal,Internet,83720.41,694815.46,Central
2643,2025-08-19,Nakuru,69259,19,Female,Savings,Deposit,ATM,58925.15,68417.21,Coast
2644,2025-12-18,Kisumu,78605,25,Male,Current,Withdrawal,ATM,27613.35,543547.61,Central
2645,2025-05-19,Nairobi,49882,22,Male,Savings,Loan Repayment,Mobile,11365.15,587252.99,Western
2646,2025-05-12,Kisumu,80256,54,Female,Savings,Transfer,Mobile,46126.3,661728.19,Central
2647,2025-11-15,Nakuru,29101,64,Female,Current,Bill Payment,Branch,51740.6,423114.13,Western
2648,2025-10-02,Kisumu,81670,48,Female,Current,Deposit,Mobile,58352.1,527833.88,Central
2649,2025-12-27,Eldoret,98387,73,Male,Savings,Loan Repayment,Branch,44997.26,587763.27,Coast
2650,2025-08-29,Mombasa,47668,20,Male,Savings,Bill Payment,ATM,55978.06,900674.72,Coast
2651,2025-03-24,Mombasa,76168,24,Male,Current,Loan Repayment,ATM,15422.59,553798.5,Western
2652,2025-07-20,Eldoret,27322,37,Male,Savings,Bill Payment,ATM,185523.17,539779.6,Coast
2653,2025-05-29,Eldoret,24806,63,Female,Current,Withdrawal,Internet,51689.01,396109.67,Central
2654,2025-06-27,Nakuru,87145,51,Male,Current,Transfer,Internet,154.73,715137.62,Western
2655,2025-08-16,Kisumu,96920,18,Female,Savings,Withdrawal,ATM,51645.68,379354.27,Rift Valley
2656,2025-07-11,Mombasa,41555,49,Male,Current,Loan Repayment,ATM,40856.4,382710.87,Coast
2657,2025-10-02,Mombasa,20274,73,Female,Current,Bill Payment,ATM,162240.76,341851.23,Central
2658,2025-05-20,Nakuru,32384,71,Female,Current,Withdrawal,Internet,57556.53,878439.34,Central
2659,2025-03-07,Kisumu,26768,56,Male,Current,Deposit,ATM,152270.14,145599.74,Coast
2660,2025-09-22,Eldoret,68641,45,Male,Current,Withdrawal,ATM,21420.55,120909.42,Central
2661,2025-04-28,Kisumu,43893,50,Male,Savings,Transfer,Branch,21744.22,767705.62,Coast
2662,2025-01-31,Mombasa,21466,62,Male,Current,Transfer,ATM,183973.08,592576.06,Western
2663,2025-10-08,Kisumu,22378,52,Male,Current,Withdrawal,Internet,3852.51,468104.53,Coast
2664,2025-01-16,Eldoret,98352,47,Female,Current,Loan Repayment,Mobile,44016.84,244092.33,Central
2665,2025-07-22,Kisumu,86491,36,Male,Current,Withdrawal,Internet,107607.29,512528.49,Central
2666,2025-01-30,Nakuru,64364,58,Female,Savings,Bill Payment,Branch,62304.59,509719.76,Rift Valley
2667,2025-02-12,Nakuru,85518,36,Female,Savings,Bill Payment,Branch,168869.83,686285.54,Coast
2668,2025-07-28,Nakuru,40075,35,Male,Savings,Withdrawal,Mobile,166951.75,508834.45,Rift Valley
2669,2025-12-29,Nairobi,51518,42,Male,Savings,Withdrawal,Internet,74214.05,696063.42,Coast
2670,2025-04-13,Nairobi,32348,64,Female,Current,Bill Payment,Branch,3386.19,127635.36,Central
2671,2025-02-25,Mombasa,94893,18,Female,Savings,Withdrawal,Internet,102078.33,649559.48,Western
2672,2025-10-10,Nairobi,77186,40,Female,Savings,Deposit,Branch,115047.76,109351.04,Central
2673,2025-03-12,Kisumu,95473,29,Female,Savings,Withdrawal,Branch,188491.67,769188.15,Central
2674,2025-11-14,Mombasa,58863,23,Female,Savings,Transfer,Internet,105793.23,132131.39,Coast
2675,2025-05-08,Nakuru,89186,52,Male,Savings,Transfer,Internet,191730.38,658653.39,Rift Valley
2676,2025-03-01,Nakuru,32093,59,Male,Savings,Bill Payment,Mobile,129557.45,520828.74,Western
2677,2025-08-07,Eldoret,99365,29,Female,Current,Loan Repayment,Branch,34760.76,562501.78,Western
2678,2025-09-23,Kisumu,13348,75,Female,Savings,Transfer,ATM,36686.93,978276.88,Western
2679,2025-11-12,Kisumu,17982,21,Female,Current,Loan Repayment,ATM,107781.12,391125.11,Western
2680,2025-08-23,Mombasa,62840,55,Male,Savings,Withdrawal,Internet,45233.2,94715.91,Western
2681,2025-04-07,Mombasa,24532,71,Male,Current,Loan Repayment,Internet,129004.09,37959.52,Rift Valley
2682,2025-03-20,Eldoret,66812,75,Male,Savings,Transfer,Internet,82614.88,982934.81,Coast
2683,2025-12-02,Nairobi,10073,53,Male,Savings,Bill Payment,Branch,41151.37,943014.65,Rift Valley
2684,2025-07-11,Nakuru,42274,62,Female,Savings,Loan Repayment,Internet,91567.86,796037.83,Rift Valley
2685,2025-02-04,Nairobi,38526,23,Male,Current,Withdrawal,Internet,54307.63,766900.2,Rift Valley
2686,2025-08-26,Eldoret,44995,43,Male,Current,Loan Repayment,Mobile,166943.83,340787.65,Central
2687,2025-02-10,Nakuru,56787,73,Male,Current,Deposit,Internet,116316.16,53032.83,Central
2688,2025-08-09,Mombasa,47682,48,Female,Savings,Deposit,ATM,107512.38,843972.52,Western
2689,2025-07-20,Eldoret,64348,60,Female,Current,Loan Repayment,ATM,45135.99,792743.11,Central
2690,2025-07-08,Kisumu,95821,39,Male,Current,Loan Repayment,Internet,139311.35,590445.52,Western
2691,2025-05-27,Nairobi,46156,25,Male,Current,Withdrawal,Branch,134792.67,350704.66,Coast
2692,2025-06-30,Nakuru,62410,70,Female,Current,Withdrawal,Internet,182921.35,109572.59,Western
2693,2025-07-22,Nairobi,66968,75,Male,Savings,Transfer,Mobile,157226.32,79409.8,Western
2694,2025-12-06,Nairobi,26679,36,Female,Current,Withdrawal,Branch,109012.4,330355.82,Central
2695,2025-12-22,Nairobi,37214,52,Male,Savings,Withdrawal,Branch,76475.86,744784.48,Western
2696,2025-09-28,Mombasa,63002,68,Female,Current,Withdrawal,Internet,62901.79,149369.18,Rift Valley
2697,2025-02-08,Nairobi,97321,27,Female,Current,Bill Payment,Branch,79468.15,49910.93,Coast
2698,2025-11-29,Nairobi,94451,56,Male,Current,Bill Payment,Branch,157183.49,489025.53,Western
2699,2025-02-25,Nairobi,39241,69,Female,Savings,Transfer,Internet,71163.88,729096.06,Central
2700,2025-06-11,Mombasa,22388,72,Male,Savings,Transfer,Internet,16614.78,924627.37,Rift Valley
2701,2025-05-04,Mombasa,99110,45,Male,Savings,Transfer,ATM,46736.12,112129.3,Coast
2702,2025-09-23,Nairobi,77256,57,Male,Current,Transfer,Mobile,141623.69,913580.21,Rift Valley
2703,2025-03-14,Nairobi,76693,36,Female,Savings,Transfer,ATM,138254.66,594860.33,Central
2704,2025-10-21,Nakuru,60669,49,Female,Current,Bill Payment,Internet,145444.18,813898.82,Rift Valley
2705,2025-05-25,Eldoret,30352,20,Male,Savings,Withdrawal,Mobile,199324.81,352310.77,Rift Valley
2706,2025-09-03,Kisumu,96235,74,Female,Current,Withdrawal,Branch,122665.14,452429.6,Rift Valley
2707,2025-05-01,Nairobi,49562,21,Male,Savings,Bill Payment,Internet,95960.66,485516.6,Rift Valley
2708,2025-07-12,Kisumu,17707,31,Male,Current,Withdrawal,Branch,73201.69,110249.95,Rift Valley
2709,2025-07-08,Nairobi,92965,54,Male,Current,Deposit,Internet,130468.38,242012.2,Western
2710,2025-02-03,Kisumu,28611,19,Female,Current,Withdrawal,Internet,130677.06,964508.45,Central
2711,2025-07-16,Nairobi,75823,22,Male,Current,Transfer,Mobile,33002.8,606612.73,Central
2712,2025-04-05,Kisumu,85490,18,Female,Savings,Withdrawal,Internet,183965.53,293555.52,Rift Valley
2713,2025-08-10,Eldoret,79359,21,Female,Savings,Loan Repayment,ATM,30930.29,256376.87,Coast
2714,2025-09-22,Nairobi,90787,31,Male,Current,Loan Repayment,Branch,88968.68,793985.03,Coast
2715,2025-08-21,Eldoret,71241,37,Female,Current,Deposit,Branch,91106.79,669559.89,Central
2716,2025-11-27,Nairobi,57044,75,Female,Savings,Deposit,Internet,41920.93,825799.7,Western
2717,2025-12-27,Eldoret,47895,75,Male,Savings,Withdrawal,Internet,93567.63,701817.12,Central
2718,2025-12-20,Mombasa,77472,27,Female,Current,Deposit,Branch,160503.33,424831.19,Western
2719,2025-01-02,Mombasa,13951,27,Male,Current,Bill Payment,ATM,159624.59,966836.43,Rift Valley
2720,2025-02-24,Kisumu,31494,61,Female,Savings,Withdrawal,Branch,36077.53,502758.65,Coast
2721,2025-05-23,Nairobi,85598,58,Male,Savings,Transfer,Branch,99430.18,742195.01,Western
2722,2025-09-06,Eldoret,91921,39,Female,Savings,Transfer,ATM,136635.95,73802.93,Coast
2723,2025-09-22,Nakuru,41674,23,Male,Current,Transfer,Internet,26786.82,233852.48,Western
2724,2025-04-01,Eldoret,41536,70,Male,Current,Loan Repayment,ATM,84616.6,34583.93,Rift Valley
2725,2025-10-15,Nairobi,57955,31,Male,Savings,Bill Payment,ATM,172780.85,914287.84,Coast
2726,2025-08-18,Nairobi,64689,65,Female,Savings,Loan Repayment,Internet,197537.35,469006.32,Coast
2727,2025-01-28,Kisumu,56744,26,Female,Current,Loan Repayment,Mobile,185815.54,771374.9,Coast
2728,2025-11-21,Nakuru,21624,32,Male,Savings,Withdrawal,Internet,188233.5,770500.16,Coast
2729,2025-03-21,Mombasa,29298,39,Male,Current,Bill Payment,ATM,100531.91,138696.38,Western
2730,2025-04-21,Nairobi,12324,37,Female,Savings,Transfer,Internet,28226.44,541713.7,Coast
2731,2025-09-28,Kisumu,19172,33,Female,Savings,Deposit,Branch,48537.59,395601.03,Western
2732,2025-09-24,Mombasa,83515,26,Female,Savings,Deposit,ATM,130473.68,456263.42,Central
2733,2025-07-01,Eldoret,83355,22,Male,Savings,Loan Repayment,Branch,68301.19,452247.73,Coast
2734,2025-04-09,Nakuru,67187,53,Male,Savings,Deposit,ATM,29340.17,740879.38,Rift Valley
2735,2025-04-07,Nakuru,52709,73,Female,Current,Loan Repayment,ATM,129553.83,588461.6,Central
2736,2025-04-14,Kisumu,21098,31,Male,Savings,Transfer,Branch,118295.83,597643.47,Western
2737,2025-07-01,Nakuru,94929,43,Male,Savings,Bill Payment,ATM,125879.59,948002.04,Rift Valley
2738,2025-02-10,Eldoret,11569,67,Male,Current,Withdrawal,Internet,129489.32,315566.71,Western
2739,2025-06-15,Eldoret,47005,69,Male,Current,Withdrawal,Internet,190143.14,458455.99,Central
2740,2025-07-17,Kisumu,48906,26,Female,Current,Transfer,ATM,120993.84,235776.83,Western
2741,2025-11-07,Nakuru,38000,74,Female,Savings,Loan Repayment,Branch,32828.28,834883.91,Western
2742,2025-07-09,Eldoret,72161,42,Male,Current,Transfer,Mobile,104768.94,460115.25,Rift Valley
2743,2025-01-20,Eldoret,56347,54,Female,Savings,Transfer,ATM,133438.16,236606.65,Western
2744,2025-02-27,Nakuru,63409,26,Female,Current,Bill Payment,ATM,111892.78,425276.65,Western
2745,2025-10-29,Eldoret,23079,49,Female,Current,Loan Repayment,Branch,6954.08,204285.91,Coast
2746,2025-10-27,Kisumu,24123,18,Female,Savings,Transfer,Branch,115312.51,910661.7,Coast
2747,2025-06-03,Nairobi,20358,57,Male,Savings,Bill Payment,Mobile,122476.9,63709.46,Central
2748,2025-02-08,Kisumu,14203,38,Male,Current,Transfer,Branch,119157.01,707115.19,Rift Valley
2749,2025-07-09,Kisumu,48683,72,Male,Savings,Bill Payment,Branch,88702.6,183742.26,Coast
2750,2025-07-16,Nairobi,30696,65,Female,Current,Loan Repayment,ATM,183480.11,601629.85,Central
2751,2025-10-18,Nairobi,24027,24,Female,Savings,Bill Payment,Branch,159149.1,545568.33,Rift Valley
2752,2025-10-01,Mombasa,40970,74,Female,Savings,Transfer,Internet,143873.98,752556.62,Rift Valley
2753,2025-05-23,Nakuru,46490,49,Male,Savings,Bill Payment,Mobile,155615.58,876874.09,Central
2754,2025-01-28,Mombasa,84333,41,Male,Current,Loan Repayment,Mobile,119522.9,864903.91,Rift Valley
2755,2025-05-26,Kisumu,15104,20,Male,Savings,Transfer,Mobile,8704.98,147691.8,Coast
2756,2025-04-01,Nairobi,53422,63,Female,Current,Bill Payment,Branch,173983.65,6110.36,Rift Valley
2757,2025-09-04,Kisumu,46080,27,Female,Current,Transfer,Internet,156345.84,996273.53,Coast
2758,2025-11-13,Nairobi,91065,45,Male,Savings,Loan Repayment,Branch,138599.26,161900.52,Rift Valley
2759,2025-02-07,Nairobi,38820,67,Female,Savings,Bill Payment,Branch,111130.19,638419.47,Western
2760,2025-05-03,Kisumu,78747,21,Female,Savings,Bill Payment,Branch,45414.56,9671.49,Western
2761,2025-10-07,Mombasa,26216,55,Male,Current,Deposit,Mobile,68794.41,380419.32,Coast
2762,2025-06-03,Mombasa,24503,70,Male,Savings,Withdrawal,Mobile,66296.22,183135.52,Western
2763,2025-07-25,Eldoret,94227,40,Male,Current,Withdrawal,Mobile,176734.96,193221.63,Rift Valley
2764,2025-03-31,Nakuru,84180,54,Female,Current,Transfer,Mobile,98013.9,63587.5,Central
2765,2025-06-30,Kisumu,84149,34,Male,Savings,Loan Repayment,ATM,122608.19,5993.75,Central
2766,2025-10-13,Kisumu,30532,37,Male,Savings,Bill Payment,Internet,46853.72,662046.92,Coast
2767,2025-06-04,Eldoret,56506,57,Female,Savings,Deposit,Mobile,76238.13,700651.26,Coast
2768,2025-12-18,Eldoret,50425,74,Female,Savings,Deposit,Branch,61362.12,503315.69,Coast
2769,2025-05-25,Nairobi,87429,57,Male,Savings,Bill Payment,Internet,32883.51,10764.32,Central
2770,2025-09-14,Nakuru,45453,19,Female,Savings,Withdrawal,Internet,120742.06,756827.49,Western
2771,2025-04-01,Nakuru,93282,30,Female,Current,Deposit,Branch,52956.97,524357.16,Coast
2772,2025-12-26,Kisumu,17675,45,Female,Current,Loan Repayment,Mobile,69906.89,468695.53,Central
2773,2025-04-08,Mombasa,76465,67,Female,Savings,Loan Repayment,Mobile,53187.64,462090.68,Western
2774,2025-04-29,Nakuru,55852,36,Female,Savings,Withdrawal,Internet,35593.42,615771.27,Western
2775,2025-05-12,Nakuru,66110,42,Female,Current,Bill Payment,ATM,193877.77,336912.61,Western
2776,2025-07-24,Mombasa,98893,70,Male,Savings,Loan Repayment,Internet,51752.76,782723.88,Western
2777,2025-02-22,Kisumu,63429,29,Female,Savings,Loan Repayment,ATM,149215.51,351565.8,Central
2778,2025-01-13,Nairobi,64201,50,Male,Current,Loan Repayment,Mobile,84726.05,674368.38,Rift Valley
2779,2025-07-09,Nakuru,87252,30,Female,Current,Loan Repayment,Branch,74897.6,203814.87,Central
2780,2025-06-15,Nakuru,79161,45,Female,Current,Bill Payment,ATM,106997.64,291453.8,Rift Valley
2781,2025-04-06,Mombasa,93371,29,Female,Current,Bill Payment,Branch,63536.07,750148.69,Rift Valley
2782,2025-06-06,Kisumu,68932,60,Male,Savings,Transfer,Internet,71906.44,296561.86,Western
2783,2025-09-16,Mombasa,20412,55,Male,Current,Deposit,Mobile,100752.45,452626.96,Coast
2784,2025-09-16,Mombasa,26248,32,Male,Savings,Withdrawal,Internet,132600.91,10289.7,Coast
2785,2025-01-20,Kisumu,74500,29,Male,Savings,Withdrawal,Mobile,152073.67,500313.84,Coast
2786,2025-01-21,Mombasa,42790,30,Male,Savings,Transfer,ATM,1758.72,115513.78,Western
2787,2025-09-25,Kisumu,47176,19,Female,Current,Deposit,Mobile,192932.56,357046.4,Western
2788,2025-06-03,Eldoret,66832,60,Female,Savings,Deposit,Mobile,19362.93,900197.09,Western
2789,2025-07-06,Nakuru,49675,64,Female,Current,Transfer,Internet,193586.85,720564.14,Rift Valley
2790,2025-07-29,Nairobi,53001,53,Male,Savings,Transfer,ATM,143467.88,878537.41,Central
2791,2025-10-01,Nakuru,33513,34,Male,Current,Withdrawal,Branch,65477.08,166441.74,Coast
2792,2025-12-10,Nakuru,24029,56,Female,Savings,Transfer,Internet,139408.63,11202.09,Western
2793,2025-09-20,Eldoret,92311,40,Male,Savings,Loan Repayment,Branch,195210.2,966600.7,Rift Valley
2794,2025-09-18,Eldoret,95592,30,Female,Current,Bill Payment,Internet,10706.4,362050.24,Coast
2795,2025-01-01,Nairobi,81710,59,Male,Current,Withdrawal,Internet,102558.55,227410.66,Central
2796,2025-10-08,Mombasa,95838,31,Male,Current,Bill Payment,Internet,75107.23,769144.88,Western
2797,2025-02-07,Kisumu,90765,41,Female,Savings,Deposit,Branch,153103.76,809848.57,Coast
2798,2025-12-05,Kisumu,50238,71,Female,Current,Bill Payment,Internet,90373.71,875423.32,Central
2799,2025-09-20,Mombasa,80087,69,Male,Savings,Withdrawal,ATM,137335.01,572314.07,Coast
2800,2025-12-01,Mombasa,22240,31,Female,Current,Transfer,Branch,32898.25,55056.7,Rift Valley
2801,2025-07-10,Nairobi,51084,75,Male,Savings,Deposit,Mobile,98220.46,978468.92,Coast
2802,2025-12-03,Nairobi,16336,67,Male,Savings,Transfer,ATM,191690.89,112748.16,Western
2803,2025-01-15,Mombasa,14849,55,Male,Savings,Loan Repayment,ATM,147861.96,409462.06,Coast
2804,2025-08-05,Eldoret,28913,69,Male,Current,Loan Repayment,ATM,20487.56,450449.75,Rift Valley
2805,2025-10-02,,39187,65,Male,Savings,Withdrawal,ATM,32864.78,574149.15,Rift Valley
2806,2025-09-07,Eldoret,91125,59,Female,Savings,Bill Payment,ATM,152559.18,954872.59,Coast
2807,2025-12-19,,94662,32,Male,Current,Bill Payment,ATM,110214.05,958518.92,Central
2808,2025-11-03,Kisumu,30687,69,Female,Savings,Bill Payment,ATM,177112.41,994181.48,Central
2809,2025-09-26,Mombasa,36135,50,Male,Savings,Deposit,Internet,69073.69,730699.01,Central
2810,2025-08-16,Eldoret,88844,45,Male,Savings,Deposit,Internet,196905.98,770300.82,Coast
2811,2025-08-18,Eldoret,48190,30,Female,Savings,Bill Payment,Mobile,119651.16,720874.11,Central
2812,2025-05-07,Nakuru,79997,23,Male,Savings,Bill Payment,Internet,47784.89,611048.84,Rift Valley
2813,2025-02-19,Nairobi,91669,44,Male,Savings,Loan Repayment,Mobile,119093.48,213541.71,Rift Valley
2814,2025-05-05,Mombasa,38145,50,Male,Savings,Transfer,Branch,143513.15,108195.18,Coast
2815,2025-03-24,Eldoret,93723,49,Male,Current,Withdrawal,Mobile,78881.11,563771.95,Central
2816,2025-04-06,Kisumu,58747,36,Female,Savings,Bill Payment,Mobile,32502.69,169009.37,Western
2817,2025-05-13,Eldoret,12151,67,Male,Savings,Loan Repayment,Branch,18991.92,391409.62,Western
2818,2025-02-26,Eldoret,21537,19,Female,Current,Withdrawal,ATM,15871.29,472176.11,Central
2819,2025-07-31,Nairobi,30162,34,Female,Current,Deposit,Internet,182995.14,248719.18,Central
2820,2025-09-27,Nakuru,53272,65,Female,Savings,Transfer,Mobile,119353.34,346311.09,Central
2821,2025-02-16,Nairobi,35582,49,Male,Savings,Deposit,Internet,184599.93,518105.46,Rift Valley
2822,2025-08-21,Kisumu,26586,28,Female,Savings,Withdrawal,Mobile,74946.78,80959.36,Western
2823,2025-06-03,Eldoret,72687,63,Male,Current,Bill Payment,Internet,56921.34,789031.84,Central
2824,2025-12-07,Kisumu,82205,62,Male,Current,Bill Payment,Internet,105055.31,195179.24,Rift Valley
2825,2025-12-23,Eldoret,63865,43,Male,Savings,Transfer,ATM,91144.15,459242.93,Rift Valley
2826,2025-05-09,Mombasa,83349,50,Male,Current,Deposit,Branch,21261.06,551695.13,Central
2827,2025-07-25,Kisumu,41922,60,Female,Savings,Loan Repayment,Branch,50009.79,305340.29,Rift Valley
2828,2025-08-02,Kisumu,47356,38,Female,Savings,Transfer,Mobile,14574.07,783293.32,Western
2829,2025-01-27,Nairobi,28754,75,Female,Current,Loan Repayment,Mobile,173462.2,512594.97,Rift Valley
2830,2025-10-27,Nairobi,55796,38,Female,Savings,Deposit,Internet,96482.42,132062.92,Central
2831,2025-05-13,Eldoret,52734,72,Female,Savings,Withdrawal,Mobile,163633.32,558224.85,Central
2832,2025-07-18,Kisumu,92304,49,Female,Savings,Bill Payment,ATM,96989.36,722395.03,Central
2833,2025-08-25,Kisumu,31874,32,Female,Savings,Withdrawal,Branch,48540.91,312200.13,Western
2834,2025-08-25,Nairobi,24853,60,Male,Current,Transfer,Branch,157664.92,341904.41,Western
2835,2025-08-07,Kisumu,73495,29,Female,Savings,Deposit,Mobile,64643.06,533178.65,Central
2836,2025-02-24,Mombasa,49272,74,Female,Current,Transfer,Branch,164434.76,716536.47,Western
2837,2025-04-10,Nairobi,81112,39,Female,Current,Deposit,ATM,120567.18,675531.21,Rift Valley
2838,2025-07-28,Mombasa,12660,37,Female,Savings,Withdrawal,Mobile,103672.71,91698.02,Central
2839,2025-07-25,Mombasa,62398,25,Male,Current,Withdrawal,ATM,67321.29,977825.26,Western
2840,2025-12-21,Nairobi,85049,30,Male,Current,Transfer,ATM,123021.17,958186.87,Rift Valley
2841,2025-05-18,Nakuru,36320,22,Female,Savings,Loan Repayment,ATM,13197.84,163962.29,Central
2842,2025-04-12,Nairobi,51760,62,Male,Current,Deposit,ATM,173351.24,437508.81,Central
2843,2025-05-21,Eldoret,24542,45,Female,Savings,Bill Payment,Internet,159192.9,906233.74,Rift Valley
2844,2025-01-08,Nairobi,24992,73,Female,Savings,Withdrawal,Mobile,151913.3,994913.13,Central
2845,2025-09-17,Kisumu,38526,59,Female,Savings,Withdrawal,ATM,57330.75,870433.03,Western
2846,2025-07-11,Nairobi,43885,35,Male,Current,Bill Payment,Branch,45178.11,837627.63,Central
2847,2025-08-25,Nakuru,92929,63,Male,Current,Bill Payment,Mobile,140920.02,425694.86,Western
2848,2025-04-11,Nairobi,73936,42,Male,Current,Deposit,ATM,72343.21,586501.36,Coast
2849,2025-04-02,Eldoret,21521,26,Female,Savings,Loan Repayment,Internet,184053.19,573293.6,Western
2850,2025-04-06,Nairobi,14115,53,Male,Current,Deposit,ATM,85332.75,478719.77,Coast
2851,2025-01-04,Nairobi,73957,60,Female,Current,Deposit,Branch,56135.59,474075.43,Central
2852,2025-08-23,Nakuru,15380,44,Male,Current,Deposit,Internet,72172.75,40299.6,Coast
2853,2025-04-13,Nakuru,27936,27,Female,Current,Bill Payment,ATM,48011.4,553842.47,Western
2854,2025-11-14,Kisumu,63649,64,Female,Savings,Loan Repayment,ATM,105927.98,466128.55,Central
2855,2025-01-03,Eldoret,82340,47,Male,Current,Deposit,Internet,22353.66,508599.69,Central
2856,2025-04-28,Kisumu,47926,48,Female,Current,Loan Repayment,Internet,39671.47,160175.99,Rift Valley
2857,2025-10-17,Nakuru,38022,69,Female,Current,Bill Payment,Mobile,56901.99,629989.5,Western
2858,2025-02-03,Eldoret,75629,39,Female,Current,Loan Repayment,Branch,190062.08,73468.81,Western
2859,2025-04-08,Kisumu,78425,68,Female,Current,Loan Repayment,ATM,150530.07,296477.67,Rift Valley
2860,2025-03-09,Nairobi,73518,69,Male,Current,Withdrawal,Internet,74897.89,871066.64,Western
2861,2025-05-11,Nakuru,34772,60,Female,Current,Deposit,ATM,152494.69,578662.14,Rift Valley
2862,2025-03-21,Nairobi,57457,29,Female,Savings,Transfer,Internet,5411.5,915645.94,Coast
2863,2025-05-22,,47650,36,Female,Savings,Transfer,Branch,65876.24,766992.43,Rift Valley
2864,2025-06-13,Eldoret,96022,55,Male,Savings,Bill Payment,Branch,143770.41,313218.62,Western
2865,2025-04-04,Mombasa,41178,24,Male,Savings,Transfer,Mobile,125926.03,578953.3,Western
2866,2025-03-01,Nakuru,25810,71,Female,Current,Withdrawal,Mobile,169083.32,703914.86,Western
2867,2025-09-11,Kisumu,11439,24,Male,Savings,Loan Repayment,Branch,16950.75,823125.59,Rift Valley
2868,2025-08-27,Mombasa,92459,45,Female,Savings,Transfer,Mobile,49850.76,788795.35,Coast
2869,2025-08-11,Nakuru,45931,30,Male,Savings,Deposit,ATM,165854.39,91694.93,Rift Valley
2870,2025-04-12,Eldoret,83728,64,Male,Savings,Transfer,ATM,130326.98,757826.25,Coast
2871,2025-07-24,Nairobi,74232,43,Female,Current,Withdrawal,Branch,113737.99,589130.43,Western
2872,2025-09-04,Eldoret,91117,43,Male,Current,Bill Payment,ATM,156572.39,69670.9,Central
2873,2025-09-30,Eldoret,33990,74,Female,Savings,Deposit,Internet,188296.21,483543.09,Central
2874,2025-05-24,Kisumu,96253,24,Female,Current,Transfer,Branch,137822.48,361406.13,Central
2875,2025-02-12,Kisumu,28634,36,Female,Savings,Loan Repayment,ATM,168000.68,17292.75,Central
2876,2025-12-25,Nairobi,55849,53,Female,Savings,Withdrawal,Internet,137736.27,740814.78,Central
2877,2025-12-18,Kisumu,74173,44,Female,Savings,Loan Repayment,Mobile,184347.07,257589.12,Central
2878,2025-09-24,Nakuru,80554,22,Male,Savings,Deposit,ATM,155756.35,871781.45,Central
2879,2025-06-02,Kisumu,80492,64,Female,Savings,Loan Repayment,Mobile,39723.76,145264.21,Western
2880,2025-04-24,Mombasa,19653,35,Female,Current,Deposit,Mobile,61840.74,405427.04,Western
2881,2025-03-03,Nakuru,43425,40,Female,Savings,Deposit,Internet,195871.3,271726.85,Coast
2882,2025-03-23,Nairobi,30665,66,Male,Current,Transfer,Internet,6208.24,158449.2,Central
2883,2025-05-27,Eldoret,21057,57,Male,Current,Deposit,Branch,34544.62,436988.83,Western
2884,2025-06-20,Nairobi,28077,41,Female,Savings,Deposit,Internet,61666.51,218112.57,Rift Valley
2885,2025-11-23,Nakuru,17460,62,Female,Savings,Bill Payment,Mobile,70908.61,239758.17,Coast
2886,2025-01-06,Nakuru,32709,21,Male,Current,Transfer,Mobile,17247.65,745840.09,Rift Valley
2887,2025-11-17,Mombasa,19795,59,Female,Current,Transfer,Branch,94326.23,881620.98,Western
2888,2025-10-23,Mombasa,54038,43,Male,Savings,Loan Repayment,Internet,165521.54,836538.31,Rift Valley
2889,2025-05-25,Eldoret,17707,25,Male,Savings,Withdrawal,ATM,197439.52,339912.4,Western
2890,2025-09-27,Kisumu,11816,23,Female,Savings,Transfer,ATM,2210.55,517564.62,Coast
2891,2025-08-14,,60920,69,Male,Current,Loan Repayment,Mobile,55033.39,245616.92,Western
2892,2025-01-09,Eldoret,34065,30,Male,Savings,Deposit,Branch,100449.81,128876.56,Western
2893,2025-10-03,Mombasa,80229,62,Female,Savings,Loan Repayment,Branch,130489.24,266363.3,Rift Valley
2894,2025-09-12,Nakuru,21056,54,Male,Savings,Transfer,Internet,164595.08,924574.34,Central
2895,2025-04-28,Nakuru,36992,55,Male,Current,Transfer,Internet,190449.78,938410.04,Western
2896,2025-03-05,Nakuru,63282,67,Female,Current,Withdrawal,Mobile,189703.71,877098.83,Central
2897,2025-01-01,Eldoret,73808,58,Male,Current,Loan Repayment,Mobile,7912.81,494301.26,Western
2898,2025-11-02,Eldoret,97840,65,Female,Savings,Loan Repayment,Internet,184492.84,185709.97,Coast
2899,2025-04-12,Kisumu,24755,39,Male,Savings,Loan Repayment,ATM,198847.82,258135.04,Western
2900,2025-03-10,Kisumu,16121,71,Male,Current,Transfer,Branch,37754.95,420075.48,Central
2901,2025-10-10,Mombasa,59162,41,Female,Current,Loan Repayment,Internet,159776.96,563001.38,Central
2902,2025-01-15,Eldoret,27565,42,Female,Current,Transfer,ATM,185123.62,8709.38,Coast
2903,2025-11-02,Kisumu,71281,38,Female,Current,Loan Repayment,Branch,56811.44,366434.11,Coast
2904,2025-10-02,Mombasa,91695,25,Female,Savings,Transfer,Internet,12179.62,203386.46,Western
2905,2025-11-22,Mombasa,63954,63,Female,Current,Deposit,Branch,103751.22,947221.63,Rift Valley
2906,2025-10-10,Eldoret,64765,42,Male,Current,Loan Repayment,Branch,177851.9,129708.26,Central
2907,2025-10-02,Mombasa,83864,56,Female,Savings,Bill Payment,Branch,123247.49,11782.05,Rift Valley
2908,2025-06-22,Nairobi,96803,37,Male,Current,Withdrawal,Mobile,5266.34,181213.24,Central
2909,2025-04-07,Nairobi,86216,62,Male,Current,Deposit,ATM,39629.79,480304.07,Rift Valley
2910,2025-12-17,Nairobi,38893,23,Male,Savings,Transfer,Internet,169306.17,856578.71,Western
2911,2025-02-20,Kisumu,63798,24,Male,Current,Transfer,ATM,99840.12,970562.08,Coast
2912,2025-05-24,Kisumu,59506,45,Female,Current,Bill Payment,Mobile,115583.28,957542.61,Rift Valley
2913,2025-09-26,Nairobi,89908,57,Female,Current,Loan Repayment,Branch,65394.69,895083.91,Rift Valley
2914,2025-08-10,Kisumu,85664,46,Male,Current,Loan Repayment,Internet,45075.17,492084.97,Western
2915,2025-11-16,Mombasa,33415,24,Male,Savings,Transfer,Internet,12974.18,593508.94,Western
2916,2025-10-03,Mombasa,95420,41,Female,Savings,Withdrawal,Mobile,178433.5,378180.58,Rift Valley
2917,2025-03-01,Nairobi,40983,20,Male,Current,Withdrawal,ATM,112553.54,971598.69,Rift Valley
2918,2025-06-16,Nakuru,13345,45,Male,Savings,Transfer,Branch,182042.73,316923.91,Coast
2919,2025-09-07,Nakuru,66856,60,Female,Current,Deposit,Internet,149810.28,759074.47,Rift Valley
2920,2025-09-16,Kisumu,11534,69,Male,Current,Bill Payment,Branch,88763.34,782153.77,Coast
2921,2025-11-27,Mombasa,35934,23,Female,Savings,Bill Payment,ATM,198048.05,794817.42,Coast
2922,2025-01-22,Kisumu,15336,44,Female,Savings,Withdrawal,Mobile,60823.32,899415.81,Coast
2923,2025-04-19,Mombasa,65735,27,Male,Savings,Loan Repayment,ATM,90101.61,834194.22,Western
2924,2025-07-12,Nairobi,38976,51,Female,Savings,Withdrawal,ATM,72959.87,352549.98,Rift Valley
2925,2025-10-30,Eldoret,34080,26,Female,Current,Withdrawal,Branch,97881.26,119387.12,Rift Valley
2926,2025-03-15,Eldoret,48464,72,Male,Savings,Deposit,Mobile,154536.78,169135.12,Rift Valley
2927,2025-04-05,Mombasa,35368,61,Male,Current,Withdrawal,Branch,90319.87,497206.15,Central
2928,2025-06-21,Mombasa,12648,19,Male,Current,Deposit,Mobile,39620.6,477248.14,Western
2929,2025-05-20,Kisumu,61773,53,Male,Current,Deposit,ATM,187160.45,61001.12,Rift Valley
2930,2025-08-24,Nairobi,98762,35,Male,Current,Loan Repayment,ATM,9084.56,514764.41,Western
2931,2025-10-06,Nairobi,82744,61,Male,Current,Loan Repayment,Internet,139278.79,211407.41,Coast
2932,2025-02-14,Eldoret,94278,74,Male,Current,Transfer,Branch,52630.59,161888.66,Central
2933,2025-04-14,Kisumu,62876,34,Female,Savings,Loan Repayment,Branch,168789.63,448724.42,Coast
2934,2025-03-09,Nairobi,69282,59,Female,Current,Withdrawal,Mobile,117709.94,394878.1,Central
2935,2025-03-21,Eldoret,64246,66,Male,Savings,Deposit,Mobile,193397.94,615317.25,Western
2936,2025-11-18,Eldoret,51937,59,Female,Current,Withdrawal,Internet,142275.09,146191.01,Central
2937,2025-12-01,Nakuru,60704,64,Female,Savings,Transfer,Internet,38249.14,970731.94,Rift Valley
2938,2025-08-24,Mombasa,43704,63,Male,Current,Withdrawal,Branch,6055.69,121907.2,Central
2939,2025-04-08,Kisumu,74143,64,Male,Savings,Deposit,Branch,13148.74,325961.3,Coast
2940,2025-02-07,Nairobi,98054,28,Male,Current,Loan Repayment,Internet,18971.59,799534.82,Coast
2941,2025-11-15,Eldoret,78599,22,Male,Current,Withdrawal,Internet,174988.42,93536.11,Central
2942,2025-11-09,Eldoret,56331,69,Female,Savings,Withdrawal,Mobile,23707.76,288923.72,Western
2943,2025-10-29,Kisumu,72914,26,Male,Savings,Withdrawal,ATM,135157.34,39849.63,Central
2944,2025-09-25,Eldoret,42589,44,Female,Current,Deposit,Mobile,25941.32,356921.08,Central
2945,2025-02-26,Kisumu,90550,21,Female,Savings,Transfer,ATM,43969.24,488087.54,Rift Valley
2946,2025-06-15,Nairobi,92932,20,Female,Savings,Loan Repayment,ATM,29250.12,665184.97,Coast
2947,2025-02-12,Kisumu,30582,46,Female,Current,Loan Repayment,Branch,32702.42,508944.8,Central
2948,2025-10-02,Kisumu,27281,35,Male,Savings,Deposit,Internet,34300.38,222963.37,Western
2949,2025-02-16,Nairobi,15334,20,Female,Savings,Transfer,Branch,122798.84,391636.81,Coast
2950,2025-06-26,Mombasa,22658,58,Female,Current,Deposit,Mobile,178910.61,565237.12,Western
2951,2025-01-05,Eldoret,18917,68,Female,Savings,Loan Repayment,ATM,176447.16,300149.9,Western
2952,2025-10-18,Nakuru,71989,50,Male,Current,Transfer,ATM,71813.98,566705.19,Coast
2953,2025-09-04,Kisumu,87133,60,Female,Current,Deposit,ATM,96015.37,692884.09,Western
2954,2025-04-16,Nakuru,52776,19,Female,Current,Deposit,Internet,131044.19,288940.07,Western
2955,2025-07-25,Nakuru,71138,55,Female,Savings,Loan Repayment,ATM,30339.45,680973.5,Central
2956,2025-09-27,Nairobi,14665,52,Male,Savings,Deposit,ATM,83900.63,555687.73,Western
2957,2025-04-25,Nairobi,42501,27,Male,Current,Deposit,Mobile,176187.22,21835.82,Rift Valley
2958,2025-10-03,Nakuru,42441,66,Female,Current,Transfer,Mobile,44911.94,283018.55,Western
2959,2025-12-17,Nairobi,19284,51,Female,Current,Withdrawal,ATM,18140.98,305465.51,Coast
2960,2025-07-07,Mombasa,84117,30,Male,Current,Bill Payment,Mobile,97469.49,899770.23,Western
2961,2025-07-10,Kisumu,16623,68,Male,Savings,Transfer,Branch,49622.85,51447.29,Rift Valley
2962,2025-10-21,Nakuru,12969,68,Female,Current,Loan Repayment,ATM,56964.8,513559.4,Coast
2963,2025-10-24,Nakuru,80251,32,Female,Current,Withdrawal,Internet,54788.61,797789.62,Central
2964,2025-01-25,Eldoret,43455,71,Male,Current,Deposit,Branch,66046.36,482382.62,Western
2965,2025-01-31,Nakuru,68165,62,Male,Current,Withdrawal,Mobile,98745.37,262614.95,Western
2966,2025-10-16,Nakuru,53664,32,Female,Savings,Withdrawal,ATM,40224.71,639844.1,Western
2967,2025-11-29,Nairobi,48915,21,Female,Savings,Withdrawal,Mobile,48562.7,572196.14,Coast
2968,2025-12-09,Mombasa,47166,31,Male,Current,Transfer,Internet,158891.87,52426.64,Coast
2969,2025-01-11,Nakuru,66052,45,Female,Current,Withdrawal,ATM,45400.42,342074.34,Rift Valley
2970,2025-01-07,Nairobi,98946,31,Female,Current,Loan Repayment,Mobile,59411.33,438348.55,Rift Valley
2971,2025-04-20,Nairobi,62954,35,Male,Current,Loan Repayment,Internet,165115.89,131644.44,Central
2972,2025-04-19,Nakuru,57489,69,Male,Current,Deposit,Branch,15349.48,671386.18,Coast
2973,2025-05-18,Kisumu,69326,35,Female,Current,Bill Payment,ATM,82009.23,713748.91,Western
2974,2025-01-20,Mombasa,60347,42,Male,Current,Transfer,Mobile,82652.05,403802.21,Coast
2975,2025-03-18,Kisumu,59476,40,Male,Current,Loan Repayment,Branch,16024.3,597591.14,Western
2976,2025-03-20,Nairobi,43742,74,Female,Savings,Transfer,Internet,6762.75,186310.11,Rift Valley
2977,2025-06-27,Kisumu,58102,59,Female,Savings,Withdrawal,ATM,76827.16,310060.1,Central
2978,2025-12-12,Nairobi,93765,26,Male,Current,Bill Payment,ATM,56394.69,688889.45,Central
2979,2025-07-20,Nakuru,81679,66,Male,Current,Bill Payment,Mobile,54796.56,484641.52,Rift Valley
2980,2025-03-22,Kisumu,16278,40,Female,Savings,Loan Repayment,Mobile,78652.1,395687.54,Rift Valley
2981,2025-09-23,Mombasa,15283,18,Female,Current,Loan Repayment,Branch,8444.95,2276.29,Central
2982,2025-04-21,Mombasa,46214,39,Female,Current,Loan Repayment,Branch,77906.51,543271.81,Western
2983,2025-03-24,Mombasa,16108,41,Female,Savings,Deposit,Mobile,197509.32,620233.23,Coast
2984,2025-08-03,Mombasa,27074,20,Male,Current,Withdrawal,ATM,113005.67,453867.2,Central
2985,2025-01-03,Mombasa,80902,58,Female,Current,Bill Payment,ATM,109650.86,968762.15,Coast
2986,2025-12-07,Mombasa,59799,27,Female,Current,Loan Repayment,Internet,180116.17,298244.82,Rift Valley
2987,2025-03-07,Nairobi,12164,58,Female,Savings,Loan Repayment,Branch,100113.34,333365.46,Western
2988,2025-07-30,Eldoret,59914,57,Male,Current,Bill Payment,Mobile,32208.46,114633.55,Coast
2989,2025-09-04,Mombasa,54242,59,Female,Current,Deposit,ATM,162424.99,632914.9,Coast
2990,2025-11-14,Nairobi,92573,52,Female,Current,Deposit,Internet,80861.9,985238.74,Rift Valley
2991,2025-07-10,Eldoret,24868,26,Male,Savings,Loan Repayment,Internet,115348.1,807312.11,Rift Valley
2992,2025-10-22,Mombasa,54713,48,Male,Savings,Loan Repayment,Internet,159283.71,370225.95,Western
2993,2025-12-12,Nairobi,80603,21,Male,Current,Bill Payment,ATM,178562.61,417753.67,Rift Valley
2994,2025-06-02,Mombasa,35810,28,Male,Current,Transfer,Internet,150961.92,340620.63,Western
2995,2025-03-04,Kisumu,55914,50,Male,Savings,Withdrawal,Branch,52277.03,520429.08,Coast
2996,2025-12-06,Nairobi,48013,65,Female,Current,Withdrawal,Mobile,183991.69,207721.95,Western
2997,2025-02-25,Kisumu,66904,40,Male,Current,Loan Repayment,Internet,22761.53,32773.96,Rift Valley
2998,2025-12-01,Kisumu,25765,31,Female,Savings,Loan Repayment,Mobile,165094.47,77419.47,Rift Valley
2999,2025-04-17,Nakuru,13963,52,Male,Savings,Loan Repayment,Mobile,182349.14,546437.34,Coast
3000,2025-07-08,Kisumu,78395,36,Female,Current,Bill Payment,Mobile,74040.46,751252.81,Western
1958,2025-03-16,Nairobi,43563,61,Male,Current,Withdrawal,Mobile,7847.44,864503.29,Coast
2088,2025-11-30,Eldoret,28064,29,Female,Savings,Withdrawal,Mobile,71810.73,686431.5,Coast
1395,2025-12-22,Kisumu,58268,69,Male,Savings,Transfer,Mobile,188894.37,556012.86,Central
1521,2025-09-13,Mombasa,52520,52,Male,Savings,Loan Repayment,Branch,81604.87,340892.77,Rift Valley
1099,2025-12-20,Mombasa,38358,34,Male,Savings,Deposit,Internet,199516.31,820403.95,Coast
394,2025-04-08,Kisumu,90699,30,Male,Current,Withdrawal,Internet,151935.28,76450.16,Central
29,2025-08-31,Nakuru,25772,53,Male,Current,Loan Repayment,Branch,156876.07,106109.42,Central
100,2025-08-05,Nairobi,21860,43,Female,Current,Withdrawal,Mobile,3065.39,551547.86,Rift Valley
352,2025-06-19,Nairobi,94510,73,Female,Current,Withdrawal,Internet,18893.24,879061.61,Central
2021,2025-11-11,Eldoret,32196,68,Female,Current,Transfer,Branch,136669.83,785870.57,Rift Valley
