TransactionID,Date,Region,Category,Quantity,UnitPrice,Discount,Sales,Gender,Age
1,2025-11-24,South,Furniture,2,17.38,0.1,31.284,Male,65
2,2025-02-22,North,Electronics,9,48.03,0.15,367.42949999999996,Male,31
3,2025-04-30,South,Clothing,9,303.0,,2727.0,Male,46
4,2025-10-29,South,Clothing,5,405.67,0.0,2028.3500000000001,Female,35
5,2025-03-21,North,Electronics,4,478.82,0.1,1723.752,Female,24
6,2025-07-03,West,Electronics,6,303.84,0.0,1823.04,Female,23
7,2025-10-10,East,Furniture,5,415.56,,2077.8,Male,20
8,2025-12-05,South,Electronics,4,387.67,0.0,1550.68,Female,35
9,2025-08-21,,Office Supplies,6,85.51,0.1,461.7540000000001,Male,56
10,2025-11-22,South,Clothing,3,269.4,0.05,767.7899999999998,Female,35
11,2025-11-24,North,Furniture,9,113.71,0.1,921.051,Male,69
12,2025-06-11,East,Furniture,7,137.53,0.05,914.5745,Female,43
13,2025-11-26,South,Office Supplies,8,75.72,0.05,575.472,Female,55
14,2025-07-24,West,Electronics,6,113.56,0.05,647.292,Male,25
15,2025-03-20,North,Clothing,3,397.08,0.15,1012.554,Female,56
16,2025-08-28,North,Electronics,9,129.45,,1165.05,Female,67
17,2025-11-25,South,Clothing,6,60.22,0.15,307.122,Male,64
18,2025-05-15,North,Office Supplies,9,382.17,,3439.53,Male,27
19,2025-07-11,North,Office Supplies,3,271.99,,815.97,Female,19
20,2025-02-27,South,Electronics,6,439.97,0.1,2375.838,Male,54
21,2025-02-10,South,Furniture,2,367.29,0.0,734.58,Female,53
22,2025-03-26,West,Furniture,5,266.2,,1331.0,Male,63
23,2025-06-09,West,electrnics,7,497.6,0.1,3134.88,Male,33
24,2025-04-26,South,Furniture,2,172.35,,344.7,Male,22
25,2025-12-29,East,Electronics,1,118.33,0.0,118.33,Male,35
26,2025-12-09,West,Furniture,8,111.05,0.05,843.9799999999999,Female,69
27,2025-07-28,East,Clothing,4,51.69,0.15,175.74599999999998,Female,47
28,2025-01-28,North,Furniture,2,35.0,0.1,63.0,Male,30
29,2025-10-02,East,Clothing,8,74.39,0.05,565.364,Male,22
30,2025-08-15,North,Electronics,9,53.46,,481.14,Male,28
31,2025-07-28,North,Furniture,8,243.27,0.15,1654.236,Female,18
32,2025-07-19,East,Clothing,5,463.63,0.15,1970.4275,Female,27
33,2025-04-08,North,Office Supplies,5,112.76,0.0,563.8000000000001,Male,21
34,2025-10-27,South,Electronics,8,253.91,,2031.28,Male,29
35,2025-02-05,West,Electronics,10,38.64,0.05,367.08,Male,55
36,2025-11-01,East,Office Supplies,1,311.59,0.15,264.8515,Male,60
37,2025-06-10,East,Clothing,4,136.48,0.05,518.6239999999999,Female,66
38,2025-02-07,North,Electronics,1,231.85,,231.85,Male,50
39,2025-05-16,South,Office Supplies,3,466.96,0.0,1400.8799999999999,Female,28
40,2025-08-13,North,Office Supplies,9,353.25,,3179.25,Male,26
41,2025-05-16,South,Office Supplies,2,445.41,,890.82,Female,56
42,2025-04-18,West,Office Supplies,6,105.78,0.1,571.2120000000001,Male,23
43,2025-11-21,North,Office Supplies,7,415.53,0.0,2908.71,Male,58
44,2025-05-15,West,Electronics,3,371.91,,1115.73,Male,22
45,2025-12-20,South,Clothing,3,275.07,0.1,742.6890000000001,Male,20
46,2025-06-07,East,Furniture,6,450.0,0.0,2700.0,Male,60
47,2025-02-22,South,Furniture,6,391.16,0.15,1994.916,Male,69
48,2025-04-01,West,Furniture,7,17.27,0.1,108.801,Female,28
49,2025-12-26,West,Furniture,2,194.36,0.0,388.72,Male,70
50,2025-08-24,South,Electronics,6,156.07,0.05,889.5989999999999,Male,43
51,2025-06-18,East,Clothing,5,432.85,0.1,1947.825,Female,19
52,2025-03-01,North,Electronics,5,93.39,0.1,420.255,Female,40
53,2025-06-10,North,Clothing,7,305.07,,2135.49,Male,34
54,2025-01-23,South,Office Supplies,7,5.84,,40.879999999999995,Female,22
55,2025-12-07,East,Office Supplies,6,313.46,0.0,1880.7599999999998,Female,38
56,2025-07-26,West,Clothing,5,279.43,0.05,1327.2925,Male,57
57,2025-10-19,East,Office Supplies,5,206.01,0.0,1030.05,Male,45
58,2025-10-24,West,Clothing,10,329.08,0.15,2797.18,Male,50
59,2025-08-31,East,Electronics,3,331.13,0.1,894.051,Male,61
60,2025-06-08,North,Electronics,4,404.25,0.05,1536.1499999999999,Male,48
61,2025-11-09,South,Clothing,2,230.43,,460.86,Female,43
62,2025-05-05,North,Clothing,3,329.75,0.0,989.25,Male,29
63,2025-12-23,South,Electronics,9,234.95,,2114.5499999999997,Female,26
64,2025-08-26,East,Clothing,9,494.01,,4446.09,Female,53
65,2025-08-17,West,Office Supplies,3,373.11,0.15,951.4304999999999,Male,58
66,2025-05-22,East,Clothing,9,244.88,0.05,2093.724,Male,63
67,2025-05-27,North,Furniture,4,139.5,0.1,502.2,Male,32
68,2025-07-16,West,Clothing,3,354.68,0.0,1064.04,Female,52
69,2025-08-27,West,Electronics,7,35.82,0.15,213.129,Female,48
70,2025-01-04,West,Furniture,6,152.81,0.15,779.331,Female,32
71,2025-05-20,East,Clothing,7,245.39,0.15,1460.0705,Male,47
72,2025-03-07,North,Electronics,10,269.39,0.15,2289.8149999999996,Female,26
73,2025-08-25,East,Furniture,3,29.89,0.15,76.2195,Female,38
74,2025-06-22,East,Electronics,7,142.74,0.15,849.303,Female,19
75,2025-10-04,South,Electronics,1,499.95,0.1,449.955,Male,66
76,2025-01-16,South,Furniture,4,103.68,0.0,414.72,Male,48
77,2025-12-09,West,Office Supplies,2,284.16,0.05,539.904,Female,28
78,2025-11-07,South,Office Supplies,10,482.05,0.0,4820.5,Male,55
79,2025-01-14,,Furniture,5,290.02,0.15,1232.5849999999998,Male,55
80,2025-12-20,North,Electronics,4,55.44,0.1,199.584,Female,52
81,2025-08-08,North,Clothing,6,39.13,0.1,211.30200000000002,Female,24
82,2025-08-10,South,Clothing,6,319.61,0.15,1630.011,Male,64
83,2025-09-25,West,Clothing,5,309.88,,1549.4,Female,70
84,2025-10-31,North,Office Supplies,5,164.54,0.05,781.5649999999999,Female,33
85,2025-08-26,East,Electronics,10,307.11,0.15,2610.4350000000004,Female,38
86,2025-04-04,East,Office Supplies,8,110.0,0.1,792.0,Female,53
87,2025-01-06,South,Clothing,9,474.29,0.0,4268.610000000001,Female,53
88,2025-05-04,West,Electronics,8,324.72,0.15,2208.096,Male,36
89,2025-04-24,East,Clothing,7,347.43,0.1,2188.809,Female,45
90,2025-10-09,East,Office Supplies,6,179.15,0.15,913.6650000000001,Female,32
91,2025-03-03,South,Furniture,4,161.2,,644.8,Male,65
92,2025-09-05,East,Electronics,5,363.67,,1818.3500000000001,Male,36
93,2025-04-27,South,Office Supplies,6,93.82,0.0,562.92,Male,21
94,2025-10-11,West,Electronics,5,350.22,0.05,1663.545,Male,54
95,2025-05-26,South,Electronics,8,241.96,0.1,1742.112,Female,48
96,2025-02-28,North,Furniture,2,203.35,0.0,406.7,Male,69
97,2025-10-16,North,Clothing,5,47.16,0.05,224.00999999999996,Male,67
98,2025-09-25,East,Clothing,7,228.0,0.15,1356.6,Female,54
99,2025-11-14,South,Furniture,1,306.77,0.0,306.77,Female,60
100,2025-02-11,North,Furniture,3,123.73,,371.19,Male,44
101,2025-08-19,South,Office Supplies,10,237.61,0.0,2376.1000000000004,Female,62
102,2025-08-21,South,Clothing,2,345.26,0.1,621.468,Male,52
103,2025-04-26,North,Electronics,3,454.66,0.05,1295.781,Male,68
104,2025-06-07,East,Clothing,10,375.73,,3757.3,Male,47
105,2025-12-19,West,Clothing,5,351.37,0.1,1581.165,Male,56
106,2025-01-21,East,Electronics,7,368.59,,2580.1299999999997,Male,32
107,2025-12-12,East,Electronics,10,295.63,0.0,2956.3,Male,48
108,2025-09-23,West,Clothing,8,458.46,0.05,3484.296,Male,48
109,2025-06-28,South,Office Supplies,7,169.99,0.0,1189.93,Female,62
110,2025-09-11,,Clothing,5,332.98,0.15,1415.165,Male,38
111,2025-05-10,North,Clothing,6,62.38,0.15,318.13800000000003,Female,21
112,2025-04-07,West,Electronics,9,184.08,0.15,1408.212,Male,35
113,2025-10-09,West,Electronics,3,464.2,0.15,1183.7099999999998,Male,58
114,2025-11-08,North,Clothing,4,356.34,0.1,1282.8239999999998,Male,32
115,2025-02-28,West,Office Supplies,8,473.8,0.05,3600.88,Female,44
116,2025-09-05,South,Clothing,8,125.65,,1005.2,Male,56
117,2025-09-18,West,Office Supplies,3,432.69,0.1,1168.263,Female,70
118,2025-01-02,West,Furniture,5,364.4,,1822.0,Female,52
119,2025-09-05,West,Clothing,6,169.56,,1017.36,Female,30
120,2025-12-24,West,Electronics,4,288.04,0.05,1094.5520000000001,Female,65
121,2025-08-31,West,Electronics,7,196.11,0.05,1304.1315,Male,50
122,2025-10-30,North,Clothing,6,435.5,0.15,2221.0499999999997,Male,64
123,2025-03-15,North,Clothing,7,436.11,0.05,2900.1315,Female,39
124,2025-11-16,West,Office Supplies,7,326.67,0.1,2058.021,Female,52
125,2025-01-19,South,Electronics,10,38.87,0.1,349.83,Female,24
126,2025-11-21,North,Electronics,2,224.62,0.1,404.31600000000003,Female,68
127,2025-01-29,South,Furniture,5,182.44,0.15,775.37,Female,54
128,2025-12-16,West,Furniture,3,89.14,0.0,267.42,Female,55
129,2025-03-15,West,Office Supplies,4,233.27,0.1,839.772,Male,69
130,2025-08-27,North,Clothing,5,340.42,0.05,1616.9950000000001,Female,55
131,2025-06-03,East,Furniture,7,346.71,0.15,2062.9244999999996,Female,48
132,2025-02-24,East,Office Supplies,4,193.78,0.1,697.6080000000001,Male,60
133,2025-07-22,West,Office Supplies,5,9.01,0.0,45.05,Male,56
134,2025-06-30,East,Furniture,4,320.13,,1280.52,Male,58
135,2025-11-27,North,Office Supplies,1,157.92,0.15,134.232,Male,23
136,2025-06-01,South,Furniture,6,375.0,0.05,2137.5,Female,51
137,2025-09-14,West,Office Supplies,5,416.08,0.1,1872.3600000000001,Female,69
138,2025-02-28,South,Clothing,8,481.63,0.05,3660.388,Female,23
139,2025-07-22,West,Office Supplies,1,135.91,0.0,135.91,Female,55
140,2025-07-15,West,Electronics,6,58.63,0.05,334.19100000000003,Female,57
141,2025-04-24,East,Clothing,2,319.52,0.15,543.184,Male,26
142,2025-01-24,North,Electronics,1,155.66,0.15,132.311,Male,52
143,2025-03-11,West,Furniture,7,229.55,,1606.8500000000001,Female,59
144,2025-02-20,North,Office Supplies,8,309.75,0.1,2230.2000000000003,Male,46
145,2025-08-16,East,Office Supplies,4,428.45,0.0,1713.8,Male,43
146,2025-05-22,North,Furniture,4,484.26,0.15,1646.484,Male,21
147,2025-06-20,South,Electronics,4,494.47,,1977.88,Male,55
148,2025-04-21,North,Office Supplies,4,167.64,0.05,637.0319999999999,Male,26
149,2025-10-04,North,Furniture,5,400.26,0.0,2001.3,Male,40
150,2025-05-02,East,Electronics,10,165.27,0.05,1570.065,Male,65
151,2025-08-04,West,Clothing,9,61.26,0.0,551.34,Female,50
152,2025-10-31,North,Office Supplies,2,228.74,0.05,434.606,Female,59
153,2025-01-16,West,Electronics,1,499.3,0.15,424.405,Female,63
154,2025-08-16,South,Electronics,2,450.14,0.1,810.252,Male,35
155,2025-11-16,West,Office Supplies,10,276.44,0.1,2487.96,Female,50
156,2025-11-06,South,Clothing,7,54.09,0.0,378.63,Female,32
157,2025-07-31,West,Electronics,6,414.57,0.15,2114.307,Female,45
158,2025-06-10,West,Electronics,5,190.28,0.05,903.8299999999999,Male,23
159,2025-02-17,South,Electronics,7,52.8,0.1,332.64,Female,60
160,2025-03-04,North,Office Supplies,7,180.03,0.15,1071.1785,Female,40
161,2025-02-23,West,Furniture,10,256.17,0.05,2433.6150000000002,Male,40
162,2025-10-12,South,Clothing,6,61.87,0.1,334.09799999999996,Male,56
163,2025-12-03,East,Office Supplies,5,19.33,0.1,86.985,Female,18
164,2025-04-03,North,Furniture,3,285.33,0.15,727.5915,Male,23
165,2025-09-29,East,Furniture,4,191.22,0.15,650.148,Female,37
166,2025-06-16,South,Furniture,10,300.13,0.0,3001.3,Male,61
167,2025-02-11,West,Clothing,5,224.34,0.15,953.445,Female,35
168,2025-04-21,North,Office Supplies,9,61.34,0.15,469.25100000000003,Female,51
169,2025-12-08,North,Electronics,5,27.48,0.15,116.79,Male,37
170,2025-04-19,East,Electronics,3,383.26,0.1,1034.802,Male,49
171,2025-08-09,South,Office Supplies,3,68.95,,206.85000000000002,Male,43
172,2025-01-22,East,Clothing,7,14.28,0.0,99.96,Female,63
173,2025-11-24,North,Office Supplies,7,148.31,0.15,882.4445000000001,Male,69
174,2025-11-13,North,Clothing,8,416.85,0.1,3001.32,Male,33
175,2025-08-12,West,Office Supplies,10,203.22,0.0,2032.2,Female,32
176,2025-06-20,South,Office Supplies,3,42.81,0.0,128.43,Female,64
177,2025-11-27,East,Furniture,3,121.95,0.05,347.5575,Male,56
178,2025-03-20,West,Clothing,2,92.69,0.15,157.57299999999998,Female,58
179,2025-06-11,West,Office Supplies,3,222.68,0.15,567.834,Female,55
180,2025-01-29,West,Clothing,6,256.13,0.1,1383.102,Male,21
181,2025-07-08,West,Clothing,5,42.98,0.0,214.89999999999998,Male,46
182,2025-10-20,South,Electronics,4,164.16,0.15,558.144,Female,24
183,2025-06-25,North,Furniture,2,254.75,0.05,484.025,Female,46
184,2025-09-26,East,Office Supplies,9,306.85,0.1,2485.485,Female,44
185,2025-06-23,North,Office Supplies,10,30.92,0.1,278.28000000000003,Male,53
186,2025-12-14,South,Office Supplies,7,145.65,,1019.5500000000001,Male,55
187,2025-12-06,West,Furniture,3,458.79,0.1,1238.7330000000002,Male,37
188,2025-10-14,South,Electronics,7,323.53,0.1,2038.239,Female,50
189,2025-07-05,South,Office Supplies,1,184.49,0.05,175.2655,Female,30
190,2025-04-26,North,Electronics,3,81.7,0.1,220.59000000000003,Female,67
191,2025-11-13,South,Furniture,3,300.64,0.05,856.824,Male,64
192,2025-08-13,West,Office Supplies,1,208.38,0.05,197.96099999999998,Female,32
193,2025-10-01,South,Office Supplies,4,158.19,0.15,537.846,Female,47
194,2025-05-25,South,Furniture,7,253.94,0.15,1510.943,Male,34
195,2025-01-27,North,Electronics,8,437.69,,3501.52,Female,23
196,2025-03-24,South,Clothing,5,227.41,,1137.05,Male,32
197,2025-08-19,North,Clothing,6,465.58,0.15,2374.458,Female,33
198,2025-07-17,East,Electronics,2,190.58,0.0,381.16,Female,68
199,2025-03-16,South,Clothing,3,23.96,0.15,61.09799999999999,Female,57
200,2025-01-03,South,Clothing,2,14.41,0.05,27.378999999999998,Male,67
201,2025-05-28,South,Clothing,4,154.07,0.0,616.28,Female,22
202,2025-02-26,South,Furniture,8,300.39,0.0,2403.12,Female,45
203,2025-01-01,West,Furniture,10,179.64,,1796.3999999999999,Male,51
204,2025-07-04,North,Clothing,2,476.93,,953.86,Female,20
205,2025-11-22,North,Office Supplies,7,490.61,0.1,3090.843,Male,40
206,2025-05-04,South,Electronics,2,386.89,0.1,696.402,Female,52
207,2025-06-23,West,Furniture,3,416.04,0.15,1060.902,Male,22
208,2025-08-23,South,Electronics,1,150.25,0.0,150.25,Female,37
209,2025-09-21,West,Office Supplies,7,494.62,,3462.34,Male,66
210,2025-11-28,East,Office Supplies,4,146.62,0.0,586.48,Male,69
211,2025-07-08,West,Office Supplies,7,445.3,0.15,2649.535,Male,49
212,2025-12-21,East,Electronics,8,186.84,,1494.72,Female,23
213,2025-08-09,East,Office Supplies,10,497.57,0.05,4726.915,Male,23
214,2025-06-17,West,Furniture,5,156.72,,783.6,Female,40
215,2025-08-17,West,Office Supplies,1,364.77,0.1,328.293,Male,22
216,2025-12-10,North,Furniture,7,184.84,0.05,1229.1860000000001,Female,20
217,2025-03-06,East,Clothing,2,121.82,0.1,219.27599999999998,Male,56
218,2025-03-20,West,Electronics,8,474.67,0.1,3417.6240000000003,Male,51
219,2025-07-07,South,Electronics,7,160.62,0.1,1011.9060000000002,Male,65
220,2025-04-06,North,Office Supplies,8,261.28,,2090.24,Female,63
221,2025-08-17,West,Furniture,4,498.2,0.1,1793.52,Male,26
222,2025-02-07,North,Office Supplies,8,90.46,0.15,615.1279999999999,Female,63
223,2025-02-03,South,electrnics,9,273.37,0.1,2214.297,Female,50
224,2025-04-25,South,Clothing,2,492.64,0.05,936.016,Male,41
225,2025-10-11,South,Electronics,10,187.61,,1876.1000000000001,Male,37
226,2025-07-23,North,Furniture,8,265.22,0.15,1803.496,Female,59
227,2025-02-07,East,Furniture,8,235.59,,1884.72,Male,67
228,2025-03-08,North,Furniture,7,253.92,0.0,1777.4399999999998,Female,28
229,2025-03-24,East,Office Supplies,6,467.7,0.05,2665.89,Male,34
230,2025-04-11,North,Furniture,9,140.85,0.1,1140.885,Male,28
231,2025-12-04,East,Electronics,10,361.71,,3617.1,Male,23
232,2025-01-24,West,Electronics,10,136.0,0.05,1292.0,Female,58
233,2025-10-07,West,Furniture,5,322.74,0.1,1452.3300000000002,Female,37
234,2025-08-21,West,Clothing,2,345.86,0.05,657.134,Female,47
235,2025-04-15,East,Office Supplies,6,305.3,0.1,1648.6200000000001,Female,26
236,2025-07-09,South,Clothing,9,283.02,0.1,2292.462,Male,35
237,2025-08-19,East,Clothing,4,74.73,0.0,298.92,Female,33
238,2025-03-23,South,Furniture,6,467.21,0.1,2522.9339999999997,Female,50
239,2025-08-28,North,Electronics,8,440.14,0.15,2992.9519999999998,Female,50
240,2025-08-23,North,Electronics,4,111.5,0.1,401.40000000000003,Female,49
241,2025-11-02,North,Clothing,8,146.45,0.0,1171.6,Male,34
242,2025-07-07,North,Furniture,7,186.14,0.15,1107.533,Female,53
243,2025-05-28,East,Electronics,2,196.24,0.15,333.608,Male,24
244,2025-07-21,East,Furniture,6,398.47,0.1,2151.7380000000003,Male,56
245,2025-09-18,North,Furniture,7,252.54,0.0,1767.78,Female,69
246,2025-08-31,South,Office Supplies,9,231.21,,2080.89,Female,28
247,2025-07-21,East,Clothing,10,370.96,0.1,3338.64,Female,48
248,2025-01-09,West,Office Supplies,6,168.96,0.0,1013.76,Male,56
249,2025-08-31,South,Electronics,5,483.7,,2418.5,Female,28
250,2025-09-26,South,Furniture,10,388.43,0.15,3301.655,Male,54
251,2025-12-25,East,Clothing,2,99.44,0.15,169.048,Male,44
252,2025-12-20,West,Electronics,4,208.14,,832.56,Male,51
253,2025-04-17,West,Office Supplies,9,165.9,0.15,1269.135,Male,47
254,2025-09-30,West,Furniture,6,275.41,0.1,1487.2140000000002,Male,35
255,2025-10-13,East,Furniture,5,116.31,0.1,523.395,Female,38
256,2025-09-03,East,Electronics,6,282.44,0.1,1525.176,Female,43
257,2025-06-26,North,Office Supplies,3,148.77,0.1,401.6790000000001,Female,59
258,2025-05-12,East,Office Supplies,8,110.92,,887.36,Male,24
259,2025-11-12,South,Furniture,10,123.44,0.0,1234.4,Male,24
260,2025-07-31,South,Electronics,6,360.09,0.0,2160.54,Male,44
261,2025-12-01,,Office Supplies,8,241.34,0.05,1834.184,Female,59
262,2025-01-31,North,Furniture,2,327.89,0.05,622.991,Female,29
263,2025-01-19,East,Electronics,7,395.04,0.05,2627.016,Male,37
264,2025-10-18,East,Clothing,10,58.11,0.1,522.99,Female,26
265,2025-09-16,East,Furniture,8,140.05,0.0,1120.4,Female,59
266,2025-05-12,East,Furniture,3,11.97,0.1,32.319,Male,57
267,2025-11-24,East,Electronics,7,414.36,,2900.52,Female,60
268,2025-02-18,East,Furniture,3,490.93,0.15,1251.8715,Male,34
269,2025-07-16,East,Office Supplies,4,226.13,0.1,814.068,Male,34
270,2025-12-01,North,Clothing,6,347.92,0.0,2087.52,Female,28
271,2025-07-27,North,Office Supplies,9,461.94,0.1,3741.714,Female,57
272,2025-04-24,South,Clothing,4,478.89,0.15,1628.2259999999999,Female,44
273,2025-12-26,South,Furniture,9,456.83,,4111.47,Male,51
274,2025-08-17,North,Electronics,9,353.36,0.0,3180.2400000000002,Male,54
275,2025-10-02,West,Electronics,3,86.45,,259.35,Male,63
276,2025-10-26,West,Electronics,8,50.02,,400.16,Female,26
277,2025-09-20,West,Office Supplies,7,231.12,0.0,1617.8400000000001,Male,43
278,2025-05-11,North,Electronics,1,374.17,,374.17,Female,40
279,2025-12-25,North,Clothing,2,272.88,0.0,545.76,Male,36
280,2025-07-29,East,Clothing,3,385.64,0.15,983.3820000000001,Female,42
281,2025-07-12,South,Office Supplies,2,342.95,,685.9,Male,29
282,2025-10-03,North,Electronics,7,266.78,0.05,1774.0869999999998,Female,47
283,2025-12-11,South,Furniture,9,214.94,0.15,1644.291,Female,40
284,2025-03-21,North,Clothing,5,98.3,0.0,491.5,Male,33
285,2025-04-16,West,Electronics,2,54.94,0.0,109.88,Male,65
286,2025-01-23,South,Electronics,7,222.29,,1556.03,Male,50
287,2025-05-29,East,Office Supplies,4,408.81,,1635.24,Male,37
288,2025-03-15,East,Electronics,9,114.42,0.1,926.802,Male,58
289,2025-12-14,East,Clothing,7,280.15,0.0,1961.0499999999997,Female,62
290,2025-08-02,South,Clothing,7,78.86,0.15,469.217,Male,32
291,2025-06-03,West,Clothing,3,403.86,0.0,1211.58,Male,42
292,2025-05-05,West,Office Supplies,5,105.65,0.0,528.25,Male,52
293,2025-04-08,North,Electronics,1,137.89,,137.89,Male,69
294,2025-10-28,East,Office Supplies,9,112.42,0.05,961.1909999999999,Male,31
295,2025-04-08,South,Furniture,2,374.71,0.15,637.007,Female,33
296,2025-10-10,West,Office Supplies,6,388.88,0.15,1983.2879999999998,Female,34
297,2025-07-04,North,Clothing,9,441.99,0.15,3381.2234999999996,Female,31
298,2025-07-09,South,Furniture,6,209.9,,1259.4,Male,34
299,2025-10-11,East,Furniture,10,291.68,0.15,2479.28,Male,39
300,2025-04-28,West,Office Supplies,7,287.05,0.05,1908.8825,Female,66
301,2025-09-08,South,Furniture,8,233.11,0.1,1678.392,Female,29
302,2025-10-05,North,Electronics,1,264.35,0.0,264.35,Female,26
303,2025-11-19,North,Furniture,4,38.64,0.05,146.832,Female,41
304,2025-01-31,West,Clothing,10,320.68,,3206.8,Male,18
305,2025-09-30,East,Office Supplies,9,208.61,0.0,1877.4900000000002,Male,50
306,2025-12-24,North,Electronics,7,404.05,0.05,2686.9325,Male,33
307,2025-04-09,East,Clothing,10,265.6,0.1,2390.4,Male,41
308,2025-07-27,East,Electronics,8,284.68,0.05,2163.5679999999998,Male,23
309,2025-07-27,North,electrnics,7,191.7,0.15,1140.6149999999998,Male,23
310,2025-09-13,North,Electronics,7,324.23,0.1,2042.6490000000001,Male,31
311,2025-12-21,North,Office Supplies,10,240.37,0.0,2403.7,Male,29
312,2025-06-11,South,Clothing,1,480.93,,480.93,Male,37
313,2025-03-25,East,Clothing,10,124.03,0.15,1054.2549999999999,Male,68
314,2025-12-19,North,Electronics,2,252.89,0.1,455.202,Female,32
315,2025-02-08,West,Office Supplies,6,304.56,,1827.3600000000001,Male,58
316,2025-05-20,West,Clothing,8,247.85,0.1,1784.52,Male,61
317,2025-10-27,East,Furniture,7,47.42,,331.94,Male,23
318,2025-05-18,West,Office Supplies,3,193.1,0.05,550.3349999999999,Female,24
319,2025-02-16,East,Office Supplies,1,471.77,0.15,401.00449999999995,Male,26
320,2025-02-14,West,Electronics,3,218.33,,654.99,Male,23
321,2025-07-01,East,Clothing,9,51.07,,459.63,Male,36
322,2025-07-31,South,Furniture,7,390.69,,2734.83,Female,28
323,2025-03-13,South,Electronics,5,154.06,0.15,654.755,Male,45
324,2025-05-22,East,Office Supplies,7,153.38,0.0,1073.6599999999999,Male,64
325,2025-11-17,West,Electronics,8,298.93,0.05,2271.868,Male,37
326,2025-01-04,West,Office Supplies,7,169.45,,1186.1499999999999,Female,39
327,2025-08-09,South,Clothing,10,72.38,0.1,651.42,Female,29
328,2025-07-23,South,Office Supplies,6,149.27,0.15,761.277,Female,35
329,2025-07-21,South,Furniture,6,61.37,,368.21999999999997,Male,64
330,2025-08-25,North,Clothing,4,222.04,0.1,799.3439999999999,Female,26
331,2025-11-21,West,Clothing,5,124.8,0.05,592.8,Male,46
332,2025-11-03,West,Electronics,8,293.21,,2345.68,Female,62
333,2025-10-02,North,Furniture,10,320.9,0.0,3209.0,Female,28
334,2025-11-28,East,Clothing,10,26.93,0.15,228.905,Male,18
335,2025-02-20,South,Clothing,5,114.89,,574.45,Female,43
336,2025-08-26,East,Electronics,10,346.77,0.05,3294.3149999999996,Female,24
337,2025-06-01,North,Furniture,7,460.67,0.0,3224.69,Female,37
338,2025-06-25,West,Office Supplies,8,393.21,,3145.68,Female,24
339,2025-08-13,North,Electronics,8,162.86,0.1,1172.592,Male,39
340,2025-11-28,South,Furniture,2,340.18,0.05,646.342,Male,39
341,2025-10-14,West,Furniture,7,479.44,0.05,3188.276,Male,58
342,2025-12-03,South,Clothing,7,200.81,,1405.67,Female,42
343,2025-01-03,North,Furniture,4,106.86,0.0,427.44,Female,38
344,2025-04-11,East,Clothing,8,61.41,0.15,417.58799999999997,Female,55
345,2025-02-28,South,Office Supplies,6,179.23,0.15,914.0729999999999,Male,61
346,2025-03-10,North,Furniture,6,63.34,0.1,342.036,Female,62
347,2025-03-14,South,Clothing,9,197.29,,1775.61,Female,29
348,2025-09-07,South,Clothing,9,348.25,0.05,2977.5375,Female,26
349,2025-04-06,North,Office Supplies,6,421.78,,2530.68,Male,49
350,2025-03-11,West,Clothing,4,408.53,,1634.12,Female,44
351,2025-12-30,North,Furniture,8,246.91,0.0,1975.28,Female,20
352,2025-05-21,West,Clothing,4,271.12,0.05,1030.2559999999999,Male,54
353,2025-02-28,North,Clothing,5,388.68,0.1,1749.0600000000002,Male,45
354,2025-02-22,West,Office Supplies,4,152.37,0.0,609.48,Female,70
355,2025-02-14,South,Furniture,8,433.32,0.0,3466.56,Female,63
356,2025-11-09,South,Furniture,7,87.16,0.05,579.614,Male,54
357,2025-06-29,South,Office Supplies,9,144.14,,1297.2599999999998,Female,36
358,2025-10-21,North,Furniture,5,476.44,,2382.2,Female,21
359,2025-05-22,South,Furniture,3,352.21,0.05,1003.7984999999999,Female,33
360,2025-12-13,East,Clothing,7,247.28,,1730.96,Female,46
361,2025-02-08,East,Clothing,2,204.41,0.1,367.938,Female,38
362,2025-10-25,West,Office Supplies,1,435.11,0.0,435.11,Male,68
363,2025-10-01,South,Clothing,7,112.83,0.15,671.3385,Female,38
364,2025-05-26,West,Office Supplies,6,275.92,0.05,1572.744,Male,20
365,2025-02-20,West,Clothing,8,13.06,0.05,99.256,Male,45
366,2025-04-14,South,Office Supplies,3,441.66,0.1,1192.482,Male,59
367,2025-07-04,North,Clothing,5,45.8,0.05,217.54999999999998,Female,64
368,2025-12-25,North,Electronics,4,217.47,0.0,869.88,Male,48
369,2025-02-09,West,Electronics,3,298.87,,896.61,Male,62
370,2025-06-25,South,Clothing,2,494.14,0.15,840.038,Male,32
371,2025-07-16,North,Office Supplies,2,366.73,0.0,733.46,Female,37
372,2025-03-12,South,Electronics,7,387.86,0.05,2579.269,Male,57
373,2025-11-29,South,Clothing,3,222.85,0.05,635.1225,Female,31
374,2025-02-14,West,Office Supplies,2,74.31,0.0,148.62,Female,38
375,2025-03-13,South,Office Supplies,4,142.1,0.0,568.4,Male,60
376,2025-06-04,South,Clothing,4,261.29,,1045.16,Female,59
377,2025-01-28,South,Clothing,4,249.97,0.0,999.88,Male,51
378,2025-01-07,West,Clothing,6,467.29,0.05,2663.553,Female,52
379,2025-12-16,North,Electronics,3,382.55,0.0,1147.65,Male,34
380,2025-04-21,East,Clothing,1,461.68,0.15,392.428,Female,62
381,2025-07-25,South,Office Supplies,2,322.07,,644.14,Male,37
382,2025-02-10,East,Clothing,9,460.86,0.05,3940.3529999999996,Male,37
383,2025-12-24,North,Furniture,7,366.33,0.05,2436.0944999999997,Male,45
384,2025-03-01,East,Furniture,8,308.09,0.0,2464.72,Male,18
385,2025-12-29,West,Office Supplies,3,352.24,0.05,1003.884,Female,28
386,2025-07-10,North,Electronics,3,376.14,0.1,1015.5780000000001,Female,69
387,2025-08-08,North,Clothing,5,264.31,0.1,1189.395,Female,50
388,2025-07-04,South,Office Supplies,1,252.31,,252.31,Male,34
389,2025-02-22,South,Electronics,10,338.69,0.0,3386.9,Male,18
390,2025-05-06,South,Furniture,1,238.52,0.15,202.742,Male,53
391,2025-12-02,West,Office Supplies,7,116.14,0.05,772.331,Female,70
392,2025-02-09,North,Furniture,10,189.54,,1895.3999999999999,Male,69
393,2025-09-22,West,Office Supplies,1,477.27,0.0,477.27,Female,38
394,2025-02-14,South,Office Supplies,9,231.09,0.1,1871.829,Female,65
395,2025-11-15,West,Furniture,4,234.64,,938.56,Male,27
396,2025-01-04,East,Electronics,7,16.84,,117.88,Female,18
397,2025-12-03,North,Furniture,7,425.26,0.1,2679.138,Male,44
398,2025-09-09,East,Electronics,1,486.42,0.05,462.099,Male,32
399,2025-09-24,West,Electronics,7,351.92,0.1,2217.096,Male,50
400,2025-03-10,North,Clothing,7,42.04,,294.28,Male,33
401,2025-05-30,East,Office Supplies,5,426.2,0.15,1811.35,Female,35
402,2025-04-30,North,Furniture,2,472.06,0.05,896.914,Male,28
403,2025-08-19,East,Furniture,8,160.45,0.0,1283.6,Female,37
404,2025-08-26,South,Office Supplies,5,426.98,0.0,2134.9,Male,31
405,2025-06-17,East,Clothing,3,50.15,0.05,142.92749999999998,Male,61
406,2025-06-03,North,Clothing,5,410.94,0.05,1951.9649999999997,Female,53
407,2025-10-09,South,Electronics,4,51.89,0.0,207.56,Male,21
408,2025-04-24,East,Electronics,3,103.08,0.15,262.854,Female,70
409,2025-02-08,West,Furniture,1,498.59,0.05,473.66049999999996,Male,69
410,2025-06-19,North,Furniture,2,26.13,0.15,44.421,Female,70
411,2025-07-22,South,Office Supplies,8,19.59,0.15,133.212,Male,29
412,2025-05-21,North,Furniture,5,225.78,0.05,1072.455,Female,49
413,2025-07-30,East,Clothing,9,242.12,0.0,2179.08,Male,44
414,2025-04-13,North,Clothing,9,128.33,,1154.97,Female,48
415,2025-10-06,East,Clothing,8,175.3,,1402.4,Female,29
416,2025-01-14,East,Electronics,6,300.57,0.0,1803.42,Female,51
417,2025-07-03,North,Furniture,10,499.8,0.05,4748.099999999999,Male,35
418,2025-10-01,West,Office Supplies,1,383.2,0.05,364.03999999999996,Male,29
419,2025-05-02,North,Office Supplies,10,162.41,0.1,1461.69,Male,54
420,2025-04-07,West,Electronics,8,273.35,0.05,2077.46,Male,21
421,2025-04-30,West,Electronics,10,113.31,,1133.1,Female,57
422,2025-04-14,East,Electronics,3,173.68,0.05,494.98799999999994,Male,27
423,2025-10-28,East,Electronics,3,388.31,,1164.93,Female,63
424,2025-12-06,East,Office Supplies,7,295.08,0.1,1859.004,Male,28
425,2025-08-12,East,Furniture,8,326.34,0.05,2480.1839999999997,Male,42
426,2025-06-07,West,Electronics,5,68.04,0.0,340.20000000000005,Male,56
427,2025-06-12,North,Clothing,10,114.34,,1143.4,Male,39
428,2025-02-09,South,Electronics,4,176.67,0.1,636.012,Female,46
429,2025-01-06,East,Office Supplies,5,108.79,0.0,543.95,Male,64
430,2025-01-01,South,Clothing,1,196.04,0.15,166.634,Female,42
431,2025-06-29,South,Furniture,9,190.8,0.15,1459.62,Female,22
432,2025-01-18,North,Electronics,5,14.94,0.1,67.23,Female,28
433,2025-07-12,North,Office Supplies,3,367.33,,1101.99,Female,63
434,2025-01-16,West,Furniture,7,471.51,0.05,3135.5414999999994,Male,24
435,2025-06-19,East,Office Supplies,4,487.33,0.15,1656.9219999999998,Female,33
436,2025-02-19,West,Furniture,1,199.49,,199.49,Male,41
437,2025-01-02,West,Furniture,7,48.38,,338.66,Male,19
438,2025-04-16,West,Electronics,3,320.9,0.0,962.6999999999999,Female,68
439,2025-07-23,North,Clothing,8,247.1,0.1,1779.12,Male,41
440,2025-07-15,East,Clothing,6,97.36,0.0,584.16,Female,34
441,2025-04-26,North,Electronics,5,284.3,0.05,1350.425,Female,69
442,2025-10-05,South,Electronics,7,485.5,,3398.5,Female,70
443,2025-09-25,South,Clothing,7,482.99,0.15,2873.7905,Female,23
444,2025-07-22,South,Electronics,1,253.54,,253.54,Female,29
445,2025-03-27,North,Clothing,4,405.19,0.05,1539.722,Male,61
446,2025-08-11,East,Office Supplies,4,498.65,0.05,1894.87,Male,23
447,2025-07-18,East,Clothing,9,201.69,0.1,1633.689,Male,68
448,2025-12-25,North,Clothing,10,295.85,0.15,2514.725,Male,27
449,2025-10-18,North,Electronics,10,293.43,0.0,2934.3,Female,52
450,2025-06-26,West,Electronics,7,135.75,0.15,807.7125,Male,35
451,2025-07-26,North,Clothing,3,311.03,0.15,793.1265,Female,62
452,2025-05-02,East,Electronics,1,374.15,0.1,336.735,Female,70
453,2025-06-05,North,Furniture,5,143.77,0.15,611.0225,Male,37
454,2025-08-15,North,Furniture,6,138.36,0.15,705.6360000000001,Female,31
455,2025-07-28,North,Furniture,8,380.95,0.1,2742.84,Male,37
456,2025-12-30,North,Furniture,9,204.68,,1842.1200000000001,Male,30
457,2025-01-30,East,Furniture,4,21.37,0.0,85.48,Female,41
458,2025-08-26,North,electrnics,9,201.49,0.0,1813.41,Female,49
459,2025-11-01,East,Office Supplies,8,92.9,0.15,631.72,Male,34
460,2025-12-19,North,Furniture,2,146.11,0.15,248.38700000000003,Male,32
461,2025-11-28,West,Electronics,4,340.46,0.1,1225.656,Male,48
462,2025-03-09,South,Office Supplies,3,302.57,0.0,907.71,Female,63
463,2025-12-30,,Clothing,5,214.78,0.15,912.815,Female,31
464,2025-08-27,West,Electronics,5,340.21,,1701.05,Male,50
465,2025-12-06,East,Office Supplies,6,282.92,,1697.52,Male,48
466,2025-02-02,East,Office Supplies,6,494.24,0.1,2668.896,Female,30
467,2025-03-18,West,Office Supplies,9,383.91,0.0,3455.19,Male,64
468,2025-01-14,West,Clothing,8,498.75,0.1,3591.0,Female,65
469,2025-01-19,South,Office Supplies,10,355.49,,3554.9,Male,61
470,2025-10-01,East,Furniture,8,453.73,0.1,3266.856,Male,36
471,2025-02-19,South,Office Supplies,8,68.33,0.1,491.976,Male,32
472,2025-07-01,West,Office Supplies,4,373.38,0.1,1344.1680000000001,Female,34
473,2025-10-27,West,Electronics,5,234.56,0.0,1172.8,Male,48
474,2025-04-10,East,Clothing,9,64.31,0.15,491.97149999999993,Male,27
475,2025-03-12,West,Furniture,4,174.62,,698.48,Female,63
476,2025-04-03,East,Electronics,2,246.35,0.05,468.06499999999994,Male,46
477,2025-05-21,South,Clothing,4,381.79,0.05,1450.802,Male,26
478,2025-11-11,West,Clothing,7,318.58,0.15,1895.551,Female,18
479,2025-01-20,North,Office Supplies,9,103.71,0.1,840.051,Male,19
480,2025-12-13,South,Office Supplies,1,315.21,0.05,299.44949999999994,Female,26
481,2025-02-22,South,Electronics,7,254.15,0.1,1601.145,Male,37
482,2025-05-29,East,Clothing,8,365.28,,2922.24,Male,39
483,2025-09-08,West,Electronics,6,376.31,0.05,2144.967,Male,32
484,2025-03-09,South,Electronics,4,368.37,,1473.48,Female,63
485,2025-11-30,North,Electronics,1,190.72,0.1,171.648,Male,59
486,2025-01-11,West,Clothing,1,346.43,0.15,294.4655,Male,53
487,2025-05-10,North,Office Supplies,8,352.42,0.05,2678.392,Female,60
488,2025-02-21,South,Clothing,9,138.64,,1247.7599999999998,Male,50
489,2025-11-13,West,Furniture,2,144.94,0.0,289.88,Male,67
490,2025-05-15,West,Office Supplies,9,486.69,0.1,3942.1890000000003,Male,20
491,2025-10-08,East,Furniture,8,455.63,0.15,3098.284,Male,18
492,2025-12-10,West,Furniture,2,453.91,,907.82,Male,67
493,2025-09-19,East,Furniture,2,363.16,0.0,726.32,Female,36
494,2025-05-16,North,Office Supplies,8,29.79,0.05,226.404,Female,69
495,2025-12-13,North,Electronics,6,215.87,0.0,1295.22,Male,26
496,2025-12-06,East,Electronics,3,167.69,0.15,427.60949999999997,Female,70
497,2025-06-25,West,Office Supplies,3,61.35,0.15,156.4425,Female,62
498,2025-09-02,North,Furniture,7,326.18,0.05,2169.097,Male,28
499,2025-02-23,West,Furniture,7,456.06,0.15,2713.557,Female,67
500,2025-07-03,West,Clothing,10,19.26,0.05,182.97,Male,44
501,2025-08-14,North,Furniture,1,36.35,0.1,32.715,Female,51
502,2025-09-25,West,Office Supplies,10,52.14,0.05,495.3299999999999,Female,27
503,2025-10-13,West,Clothing,10,32.01,0.05,304.09499999999997,Male,22
504,2025-09-09,North,Furniture,6,124.24,0.1,670.896,Female,43
505,2025-05-01,West,Electronics,2,232.25,,464.5,Female,46
506,2025-06-11,North,Clothing,2,490.43,0.0,980.86,Female,20
507,2025-10-13,East,Furniture,9,5.08,0.0,45.72,Female,39
508,2025-07-06,East,Clothing,1,409.21,0.15,347.82849999999996,Female,63
509,2025-08-20,North,Office Supplies,2,53.23,0.05,101.13699999999999,Female,58
510,2025-05-30,North,Furniture,9,263.38,0.0,2370.42,Female,26
511,2025-07-29,South,Electronics,2,130.87,0.05,248.653,Female,31
512,2025-08-23,West,Electronics,4,359.81,0.0,1439.24,Male,67
513,2025-08-19,South,Clothing,8,330.94,,2647.52,Male,51
514,2025-01-25,West,Furniture,9,467.98,,4211.82,Male,64
515,2025-03-07,East,Clothing,2,196.77,,393.54,Female,56
516,2025-12-21,East,Clothing,4,140.43,0.1,505.54800000000006,Male,26
517,2025-07-31,East,Office Supplies,10,351.51,,3515.1,Male,30
518,2025-04-18,South,Furniture,10,358.62,0.1,3227.58,Female,63
519,2025-03-01,West,Office Supplies,6,283.33,,1699.98,Female,69
520,2025-01-07,South,Electronics,9,57.7,0.15,441.40500000000003,Male,30
521,2025-05-17,South,Electronics,3,491.85,0.1,1327.9950000000001,Female,31
522,2025-10-05,North,Furniture,1,182.55,0.15,155.16750000000002,Female,33
523,2025-09-19,West,Clothing,5,348.0,0.0,1740.0,Female,68
524,2025-12-17,North,Office Supplies,6,483.09,0.0,2898.54,Male,57
525,2025-08-15,South,Furniture,4,456.19,0.1,1642.284,Female,46
526,2025-04-01,North,Clothing,2,97.55,0.05,185.345,Male,45
527,2025-05-23,East,Electronics,9,135.8,0.05,1161.09,Female,47
528,2025-12-30,North,Office Supplies,3,24.77,0.1,66.879,Female,68
529,2025-10-21,South,Furniture,9,182.25,0.1,1476.2250000000001,Male,68
530,2025-09-16,West,Electronics,3,210.89,,632.67,Female,32
531,2025-04-20,South,Clothing,6,168.88,0.1,911.952,Male,25
532,2025-12-09,South,Electronics,6,225.61,,1353.66,Female,42
533,2025-02-28,North,Office Supplies,7,132.01,0.1,831.663,Female,49
534,2025-01-23,East,Electronics,5,449.65,0.05,2135.8375,Male,28
535,2025-10-03,South,Furniture,9,8.63,0.0,77.67,Female,24
536,2025-04-16,North,Furniture,9,415.23,0.15,3176.5095,Male,47
537,2025-06-19,South,Office Supplies,1,48.32,0.0,48.32,Male,54
538,2025-04-27,West,Clothing,5,206.78,0.15,878.815,Female,19
539,2025-07-19,North,Electronics,2,269.74,,539.48,Male,40
540,2025-09-15,North,Office Supplies,2,148.47,0.1,267.246,Female,42
541,2025-07-22,South,Furniture,1,239.62,,239.62,Female,68
542,2025-10-07,East,Office Supplies,5,480.27,0.05,2281.2825,Male,53
543,2025-10-12,West,Electronics,3,66.0,0.0,198.0,Female,31
544,2025-06-26,South,Furniture,4,209.26,,837.04,Male,32
545,2025-11-12,North,Clothing,5,101.19,0.05,480.6525,Male,36
546,2025-12-10,West,Office Supplies,2,129.09,0.05,245.271,Female,26
547,2025-12-10,North,Furniture,4,54.52,,218.08,Female,49
548,2025-08-19,South,Office Supplies,6,310.09,0.1,1674.486,Female,45
549,2025-03-28,West,Office Supplies,1,160.04,0.05,152.03799999999998,Female,26
550,2025-12-14,West,Office Supplies,6,439.55,0.15,2241.705,Female,49
551,2025-10-10,North,Office Supplies,2,92.01,,184.02,Male,52
552,2025-04-11,North,Electronics,5,368.1,0.0,1840.5,Male,70
553,2025-10-25,South,Electronics,10,205.54,,2055.4,Female,52
554,2025-10-04,East,Clothing,8,328.68,0.05,2497.968,Male,67
555,2025-10-29,North,Clothing,5,71.27,,356.34999999999997,Female,50
556,2025-01-06,South,Furniture,4,424.75,,1699.0,Female,28
557,2025-04-02,West,Office Supplies,10,474.61,0.05,4508.795,Male,32
558,2025-09-07,South,Electronics,4,36.12,0.1,130.03199999999998,Male,51
559,2025-07-04,North,Electronics,7,237.49,0.15,1413.0655,Female,24
560,2025-12-27,East,Furniture,9,318.62,0.1,2580.822,Female,59
561,2025-07-13,East,Clothing,6,295.9,0.0,1775.3999999999999,Male,51
562,2025-07-27,West,Clothing,6,409.53,0.1,2211.462,Male,50
563,2025-03-13,East,Furniture,8,86.97,0.0,695.76,Male,29
564,2025-03-22,South,Clothing,6,303.0,0.0,1818.0,Female,64
565,2025-02-28,South,Furniture,8,339.24,0.15,2306.832,Female,19
566,2025-05-05,South,Furniture,1,68.3,,68.3,Male,54
567,2025-03-17,West,Electronics,1,87.34,0.05,82.973,Female,23
568,2025-04-21,West,Furniture,8,305.23,0.15,2075.564,Male,44
569,2025-11-04,East,Furniture,3,398.33,0.05,1135.2404999999999,Female,47
570,2025-11-02,West,Furniture,10,39.08,0.15,332.17999999999995,Male,19
571,2025-04-14,West,Furniture,9,430.5,,3874.5,Male,29
572,2025-09-01,North,Electronics,10,301.91,,3019.1000000000004,Female,60
573,2025-03-08,West,Clothing,10,271.95,0.0,2719.5,Female,20
574,2025-12-24,West,Office Supplies,9,217.33,0.15,1662.5745,Male,45
575,2025-03-10,North,Office Supplies,5,241.18,0.05,1145.605,Female,34
576,2025-04-07,North,Electronics,1,356.03,0.0,356.03,Female,59
577,2025-04-16,South,Clothing,6,207.38,0.0,1244.28,Female,34
578,2025-10-02,East,Clothing,7,284.51,,1991.57,Male,44
579,2025-10-10,West,Office Supplies,9,243.82,0.1,1974.9420000000002,Female,54
580,2025-06-26,South,Clothing,7,369.21,0.0,2584.47,Male,24
581,2025-04-20,North,Furniture,9,203.28,0.1,1646.568,Female,58
582,2025-01-03,West,Electronics,2,412.51,0.15,701.2669999999999,Male,34
583,2025-04-24,West,Clothing,6,44.62,0.0,267.71999999999997,Female,63
584,2025-11-02,West,Clothing,1,473.13,0.05,449.4735,Male,30
585,2025-12-03,South,Furniture,9,146.57,0.0,1319.1299999999999,Male,41
586,2025-05-03,East,Clothing,1,487.94,0.0,487.94,Female,60
587,2025-07-22,North,Electronics,7,295.11,,2065.77,Male,53
588,2025-05-26,East,Office Supplies,9,457.93,0.1,3709.233,Male,56
589,2025-04-10,North,Office Supplies,8,465.21,,3721.68,Male,44
590,2025-09-17,East,Office Supplies,2,281.52,,563.04,Male,69
591,2025-09-20,East,Clothing,5,438.68,,2193.4,Female,54
592,2025-09-05,West,Electronics,4,379.95,0.15,1291.83,Female,25
593,2025-05-13,South,Office Supplies,2,194.42,0.05,369.39799999999997,Female,40
594,2025-09-22,South,Office Supplies,9,9.81,0.1,79.46100000000001,Male,43
595,2025-12-11,West,Office Supplies,6,42.63,0.05,242.991,Female,31
596,2025-10-21,West,Furniture,5,95.48,0.05,453.53000000000003,Male,65
597,2025-05-04,South,Office Supplies,5,107.36,0.05,509.9599999999999,Male,67
598,2025-02-24,North,Electronics,2,460.49,0.15,782.833,Female,41
599,2025-11-14,East,Clothing,6,248.71,,1492.26,Male,66
600,2025-09-19,South,Electronics,5,201.95,,1009.75,Female,48
601,2025-10-04,South,electrnics,1,253.73,0.15,215.67049999999998,Male,62
602,2025-09-23,North,Furniture,8,161.25,0.0,1290.0,Female,55
603,2025-02-21,South,Office Supplies,6,183.99,0.1,993.546,Male,35
604,2025-08-30,West,Clothing,10,174.83,0.05,1660.885,Male,44
605,2025-12-25,East,Clothing,6,185.71,0.15,947.121,Male,54
606,2025-03-09,East,Furniture,10,344.58,0.0,3445.7999999999997,Female,42
607,2025-04-11,West,Electronics,3,401.02,0.05,1142.907,Male,44
608,2025-09-13,East,Clothing,3,497.8,,1493.4,Female,34
609,2025-10-15,South,Electronics,10,28.62,0.0,286.2,Male,70
610,2025-05-11,West,Office Supplies,8,420.29,0.0,3362.32,Female,41
611,2025-07-04,East,Electronics,9,280.96,0.1,2275.776,Female,25
612,2025-06-29,South,Office Supplies,10,103.48,,1034.8,Female,38
613,2025-12-11,North,Clothing,9,246.31,0.15,1884.2714999999998,Female,47
614,2025-11-20,West,Clothing,3,434.79,0.1,1173.9330000000002,Male,23
615,2025-03-24,East,Office Supplies,6,117.97,0.1,637.038,Female,35
616,2025-08-16,West,Clothing,6,375.21,,2251.2599999999998,Male,29
617,2025-01-12,North,Furniture,3,365.25,0.1,986.1750000000001,Male,43
618,2025-02-22,North,Electronics,2,36.58,0.15,62.18599999999999,Female,51
619,2025-02-12,North,Clothing,2,134.91,0.05,256.329,Female,32
620,2025-05-07,South,Furniture,5,224.36,0.05,1065.71,Male,20
621,2025-12-06,West,Clothing,6,430.88,0.1,2326.752,Female,53
622,2025-08-16,South,Clothing,3,484.92,,1454.76,Female,51
623,2025-11-24,West,Furniture,9,158.28,0.1,1282.068,Male,46
624,2025-06-07,East,Electronics,6,209.04,0.05,1191.528,Male,51
625,2025-03-11,North,Clothing,6,146.95,,881.6999999999999,Female,37
626,2025-01-05,South,Electronics,7,399.99,,2799.9300000000003,Female,30
627,2025-07-30,South,Clothing,9,221.37,0.05,1892.7134999999998,Female,32
628,2025-05-15,East,Office Supplies,2,214.01,0.05,406.61899999999997,Female,44
629,2025-04-07,North,Clothing,2,95.29,0.1,171.52200000000002,Female,35
630,2025-12-25,North,Furniture,10,248.54,0.1,2236.86,Male,52
631,2025-01-12,East,Furniture,3,486.3,0.1,1313.0100000000002,Female,64
632,2025-01-05,West,Furniture,4,49.65,0.0,198.6,Female,44
633,2025-06-09,North,Office Supplies,8,498.99,0.15,3393.132,Male,66
634,2025-03-16,North,Clothing,1,136.92,0.15,116.38199999999999,Male,30
635,2025-05-09,South,Clothing,7,414.98,0.0,2904.86,Female,33
636,2025-01-18,South,Clothing,4,233.11,0.0,932.44,Female,61
637,2025-06-09,North,Office Supplies,6,83.51,0.0,501.06000000000006,Female,58
638,2025-06-02,South,Electronics,4,183.41,0.0,733.64,Male,58
639,2025-08-11,North,Clothing,6,12.46,0.1,67.284,Male,18
640,2025-01-22,South,Office Supplies,10,392.82,0.15,3338.97,Male,33
641,2025-03-22,East,Electronics,8,50.24,,401.92,Male,40
642,2025-11-27,South,Clothing,3,352.16,0.0,1056.48,Male,38
643,2025-10-13,South,Electronics,6,403.74,0.15,2059.074,Female,40
644,2025-03-10,West,Office Supplies,5,449.84,0.15,1911.8199999999997,Female,30
645,2025-10-18,West,Office Supplies,3,274.09,0.1,740.043,Male,22
646,2025-09-29,East,Clothing,3,227.45,0.1,614.1149999999999,Male,67
647,2025-11-23,North,Office Supplies,9,192.63,0.05,1646.9865,Male,38
648,2025-02-02,West,Furniture,9,410.43,0.05,3509.1764999999996,Female,38
649,2025-07-29,North,Electronics,6,59.68,,358.08,Male,29
650,2025-01-17,North,Electronics,4,57.99,0.05,220.362,Female,60
651,2025-09-08,East,Electronics,9,313.87,,2824.83,Female,32
652,2025-11-07,West,Electronics,2,11.48,0.05,21.812,Female,69
653,2025-11-24,East,Electronics,1,183.66,0.15,156.111,Female,51
654,2025-01-21,South,Electronics,2,418.06,0.0,836.12,Male,64
655,2025-04-29,South,Furniture,9,195.74,0.05,1673.577,Female,65
656,2025-02-24,West,Electronics,10,182.19,0.15,1548.615,Male,68
657,2025-04-03,South,Clothing,9,203.77,0.1,1650.537,Female,38
658,2025-10-09,West,Office Supplies,6,423.2,0.15,2158.3199999999997,Male,54
659,2025-10-07,East,Office Supplies,4,190.66,,762.64,Female,46
660,2025-07-23,North,Furniture,1,364.53,0.1,328.077,Female,18
661,2025-06-03,North,Office Supplies,4,111.34,0.1,400.824,Male,24
662,2025-01-20,East,Office Supplies,8,181.05,0.05,1375.98,Male,32
663,2025-05-12,South,Electronics,5,50.49,0.15,214.5825,Female,68
664,2025-09-05,North,Office Supplies,3,246.7,,740.0999999999999,Male,64
665,2025-10-23,East,Office Supplies,7,43.85,0.0,306.95,Female,44
666,2025-03-03,,Clothing,4,375.1,,1500.4,Male,37
667,2025-09-26,South,Office Supplies,1,163.06,,163.06,Male,27
668,2025-01-26,North,Furniture,7,485.66,,3399.6200000000003,Female,36
669,2025-07-21,West,Electronics,3,70.43,0.0,211.29000000000002,Female,34
670,2025-02-13,South,Clothing,7,253.4,0.05,1685.11,Male,49
671,2025-07-22,South,Furniture,10,102.07,,1020.6999999999999,Male,35
672,2025-08-09,North,Electronics,6,343.95,,2063.7,Female,45
673,2025-07-07,North,Office Supplies,6,99.29,0.1,536.166,Male,40
674,2025-11-12,North,Furniture,8,313.48,0.15,2131.664,Male,61
675,2025-07-11,North,Electronics,3,380.08,0.0,1140.24,Male,57
676,2025-03-17,East,Clothing,5,11.8,0.0,59.0,Female,19
677,2025-06-19,South,Office Supplies,4,371.31,0.05,1410.9779999999998,Female,57
678,2025-03-14,North,Office Supplies,1,191.42,,191.42,Male,21
679,2025-05-26,East,Electronics,4,395.65,,1582.6,Female,59
680,2025-01-05,East,Electronics,2,197.38,0.1,355.284,Male,36
681,2025-11-29,North,Office Supplies,7,119.43,0.15,710.6084999999999,Female,56
682,2025-09-30,West,Electronics,2,97.28,,194.56,Male,33
683,2025-09-29,South,Electronics,5,170.12,0.15,723.01,Female,61
684,2025-06-30,East,Electronics,6,314.49,0.05,1792.593,Female,42
685,2025-01-16,South,Office Supplies,9,474.81,0.05,4059.6254999999996,Female,60
686,2025-03-12,South,Clothing,2,366.3,,732.6,Male,54
687,2025-03-20,East,Clothing,7,485.42,,3397.94,Male,31
688,2025-12-01,South,Office Supplies,3,292.61,0.05,833.9385,Male,45
689,2025-03-16,North,Electronics,10,458.97,0.1,4130.7300000000005,Male,38
690,2025-03-16,West,Office Supplies,1,383.89,0.15,326.30649999999997,Female,65
691,2025-11-23,North,Furniture,5,80.22,0.05,381.045,Male,19
692,2025-11-10,South,Furniture,10,137.1,,1371.0,Male,61
693,2025-01-14,South,Clothing,6,44.34,0.15,226.13400000000001,Female,29
694,2025-07-18,South,Furniture,8,239.55,0.05,1820.58,Male,44
695,2025-01-08,South,Furniture,5,475.35,0.05,2257.9125,Male,29
696,2025-08-13,West,Furniture,10,247.52,0.1,2227.6800000000003,Female,43
697,2025-01-22,East,Clothing,10,368.99,0.15,3136.415,Male,51
698,2025-02-25,South,Clothing,8,231.17,0.0,1849.36,Male,53
699,2025-07-18,South,Office Supplies,9,383.75,0.0,3453.75,Female,43
700,2025-06-05,East,Electronics,5,233.37,0.15,991.8224999999999,Male,47
701,2025-11-27,North,Furniture,8,49.77,,398.16,Male,43
702,2025-07-31,West,Furniture,6,228.19,0.05,1300.6829999999998,Female,23
703,2025-05-09,North,Electronics,6,347.4,0.05,1980.1799999999996,Male,63
704,2025-08-19,South,Clothing,6,47.23,0.15,240.873,Female,20
705,2025-03-29,South,Furniture,6,284.92,0.05,1624.0439999999999,Male,67
706,2025-12-31,West,Office Supplies,1,212.69,0.1,191.421,Male,25
707,2025-03-09,North,Clothing,4,6.75,0.1,24.3,Female,49
708,2025-10-06,South,Furniture,1,305.95,0.15,260.0575,Female,47
709,2025-07-29,North,Furniture,8,44.31,,354.48,Female,57
710,2025-11-18,North,Furniture,9,410.96,0.05,3513.7079999999996,Male,21
711,2025-12-01,East,Office Supplies,6,23.18,0.0,139.07999999999998,Male,21
712,2025-02-25,East,Furniture,7,496.9,0.05,3304.3849999999998,Female,65
713,2025-10-24,East,Office Supplies,6,466.08,0.0,2796.48,Female,42
714,2025-02-04,East,Clothing,7,422.44,0.0,2957.08,Male,25
715,2025-12-22,South,Furniture,5,167.96,0.15,713.83,Male,24
716,2025-10-20,East,Clothing,9,493.66,0.15,3776.4990000000003,Female,34
717,2025-09-27,South,Clothing,10,497.54,0.1,4477.860000000001,Female,49
718,2025-04-03,South,Electronics,10,120.2,0.1,1081.8,Male,19
719,2025-08-27,West,Clothing,2,370.05,0.05,703.095,Male,39
720,2025-06-29,North,Furniture,9,403.99,0.05,3454.1144999999997,Female,34
721,2025-02-04,East,Electronics,5,153.64,,768.1999999999999,Male,61
722,2025-06-20,North,Furniture,6,201.04,,1206.24,Male,39
723,2025-06-23,South,Clothing,8,458.5,0.0,3668.0,Male,58
724,2025-08-24,West,Electronics,9,448.48,0.15,3430.872,Female,54
725,2025-12-14,South,Office Supplies,6,279.81,0.0,1678.8600000000001,Female,22
726,2025-03-18,West,Furniture,5,421.17,0.1,1895.2649999999999,Female,29
727,2025-11-01,East,Electronics,2,432.97,0.1,779.3460000000001,Female,44
728,2025-02-14,West,Office Supplies,8,439.14,0.1,3161.808,Male,51
729,2025-06-04,South,Electronics,3,60.55,0.0,181.64999999999998,Female,50
730,2025-01-13,South,Office Supplies,8,452.95,0.05,3442.4199999999996,Female,64
731,2025-09-26,North,Furniture,5,388.89,0.05,1847.2274999999997,Male,64
732,2025-01-19,North,Electronics,8,196.86,,1574.88,Female,20
733,2025-12-18,West,Electronics,10,436.58,0.1,3929.2200000000003,Male,51
734,2025-12-04,South,Office Supplies,5,16.13,0.1,72.585,Male,30
735,2025-05-27,North,Office Supplies,5,268.48,0.15,1141.04,Male,28
736,2025-05-21,,Furniture,2,12.55,,25.1,Female,53
737,2025-06-13,South,Furniture,5,75.07,0.1,337.815,Male,37
738,2025-11-10,South,Electronics,6,272.59,0.0,1635.54,Female,61
739,2025-01-26,West,Clothing,2,194.88,0.0,389.76,Male,63
740,2025-11-02,East,Office Supplies,10,316.59,0.15,2691.0149999999994,Female,70
741,2025-04-12,South,Electronics,9,43.88,0.15,335.682,Female,24
742,2025-08-22,West,Furniture,5,343.82,0.15,1461.235,Male,27
743,2025-11-12,South,Office Supplies,5,456.87,0.15,1941.6974999999998,Female,47
744,2025-09-07,East,Clothing,1,37.36,0.0,37.36,Female,28
745,2025-05-25,North,Clothing,6,304.2,0.05,1733.9399999999998,Male,38
746,2025-10-12,West,Clothing,2,397.25,,794.5,Female,33
747,2025-11-14,West,Electronics,4,276.23,0.15,939.182,Female,31
748,2025-12-22,East,Furniture,10,218.42,0.15,1856.5699999999997,Male,60
749,2025-12-09,West,Electronics,2,370.99,,741.98,Female,38
750,2025-10-12,East,Clothing,2,411.9,0.05,782.6099999999999,Male,56
751,2025-02-25,East,Clothing,10,386.81,0.15,3287.8849999999998,Male,23
752,2025-04-22,South,Furniture,3,444.19,0.0,1332.57,Female,52
753,2025-05-30,South,Furniture,7,309.71,0.15,1842.7744999999998,Female,37
754,2025-10-19,East,Electronics,5,459.66,0.15,1953.555,Male,57
755,2025-09-19,North,Office Supplies,7,424.58,0.1,2674.854,Male,18
756,2025-12-27,North,Office Supplies,9,411.27,0.1,3331.287,Male,33
757,2025-08-10,West,Clothing,10,200.16,0.1,1801.44,Female,45
758,2025-10-07,South,Furniture,4,332.93,0.15,1131.962,Female,41
759,2025-08-02,South,Electronics,3,147.79,0.05,421.2015,Male,59
760,2025-01-09,West,Furniture,3,362.06,0.15,923.253,Male,26
761,2025-11-25,West,Furniture,7,430.78,,3015.46,Female,50
762,2025-08-06,East,Furniture,9,410.94,0.15,3143.691,Male,45
763,2025-11-06,East,Clothing,1,291.08,0.05,276.52599999999995,Female,20
764,2025-01-20,North,Clothing,10,244.22,0.1,2197.98,Male,27
765,2025-09-27,North,Furniture,5,235.14,0.0,1175.6999999999998,Female,58
766,2025-12-06,East,Electronics,2,343.62,,687.24,Female,52
767,2025-01-06,East,Clothing,8,229.75,0.15,1562.3,Female,69
768,2025-05-31,East,Office Supplies,5,87.92,,439.6,Male,58
769,2025-08-31,East,Electronics,10,88.69,0.0,886.9,Female,49
770,2025-02-12,East,Furniture,3,255.27,0.1,689.229,Female,35
771,2025-05-12,South,Furniture,1,372.01,,372.01,Female,41
772,2025-03-31,West,Furniture,5,392.35,0.05,1863.6625,Male,39
773,2025-02-13,West,Clothing,3,299.79,0.05,854.4015,Female,33
774,2025-12-05,South,Office Supplies,8,364.37,0.05,2769.212,Male,59
775,2025-05-16,West,Clothing,2,31.0,0.15,52.699999999999996,Female,48
776,2025-09-30,West,Office Supplies,4,193.0,0.15,656.1999999999999,Male,51
777,2025-08-11,West,Office Supplies,1,147.95,0.15,125.7575,Male,24
778,2025-09-30,,Office Supplies,6,478.31,0.15,2439.381,Female,35
779,2025-02-20,West,Furniture,5,328.9,0.15,1397.825,Male,51
780,2025-06-22,North,Electronics,3,160.07,0.0,480.21,Male,44
781,2025-02-20,East,Furniture,9,56.43,0.15,431.6895,Female,34
782,2025-04-09,North,Furniture,1,16.73,0.0,16.73,Male,63
783,2025-03-03,West,Furniture,2,428.94,0.05,814.986,Male,62
784,2025-04-05,West,Office Supplies,5,150.81,0.0,754.05,Female,62
785,2025-12-08,East,Electronics,6,132.38,0.0,794.28,Female,42
786,2025-06-20,South,Clothing,1,132.83,0.1,119.54700000000001,Male,49
787,2025-04-13,North,Furniture,10,199.35,0.15,1694.475,Female,31
788,2025-11-11,North,Electronics,2,456.74,0.1,822.1320000000001,Male,22
789,2025-10-20,West,Furniture,5,389.73,0.0,1948.65,Male,20
790,2025-12-07,West,Electronics,7,136.89,0.1,862.4069999999999,Female,48
791,2025-08-12,South,Electronics,7,422.8,0.0,2959.6,Female,62
792,2025-09-04,East,Office Supplies,2,285.79,0.1,514.422,Female,21
793,2025-11-20,North,Clothing,2,185.85,0.1,334.53,Female,59
794,2025-04-14,South,Office Supplies,3,279.47,0.15,712.6485,Female,24
795,2025-11-19,South,Furniture,6,245.82,0.15,1253.682,Male,30
796,2025-01-13,North,Office Supplies,10,123.05,0.15,1045.925,Female,52
797,2025-08-19,East,Electronics,1,23.34,0.0,23.34,Female,25
798,2025-04-19,South,Furniture,9,231.89,,2087.0099999999998,Male,20
799,2025-03-14,North,Furniture,8,328.65,0.15,2234.8199999999997,Male,18
800,2025-03-30,West,Furniture,1,452.81,0.0,452.81,Male,70
801,2025-02-24,South,Electronics,2,251.09,,502.18,Male,45
802,2025-06-22,South,Office Supplies,7,165.5,,1158.5,Male,66
803,2025-01-24,North,Office Supplies,10,90.86,0.0,908.6,Male,66
804,2025-08-01,South,Clothing,3,349.67,,1049.01,Male,55
805,2025-01-21,West,Furniture,3,54.48,,163.44,Male,49
806,2025-02-11,East,Clothing,1,8.58,0.0,8.58,Female,62
807,2025-03-06,West,Clothing,4,75.83,0.1,272.988,Male,29
808,2025-11-09,North,Office Supplies,1,300.15,0.15,255.12749999999997,Female,44
809,2025-01-03,North,Office Supplies,9,121.64,0.0,1094.76,Male,47
810,2025-11-17,North,Furniture,4,141.83,0.05,538.9540000000001,Female,49
811,2025-04-01,North,Office Supplies,3,336.72,0.0,1010.1600000000001,Female,31
812,2025-08-11,North,Electronics,5,170.48,0.15,724.54,Male,52
813,2025-04-01,North,Electronics,3,393.82,0.15,1004.241,Male,64
814,2025-08-16,South,Office Supplies,10,291.98,0.15,2481.83,Male,67
815,2025-02-26,West,Furniture,6,117.75,0.05,671.175,Female,32
816,2025-02-07,West,Furniture,8,294.62,0.0,2356.96,Male,57
817,2025-08-21,West,Furniture,3,196.73,0.05,560.6804999999999,Female,35
818,2025-04-14,North,Office Supplies,6,67.97,,407.82,Male,25
819,2025-08-27,South,Office Supplies,8,212.02,0.1,1526.544,Male,68
820,2025-11-23,South,Electronics,10,453.26,,4532.6,Female,51
821,2025-09-08,East,Electronics,4,297.83,0.15,1012.622,Female,65
822,2025-05-07,South,Furniture,4,167.01,,668.04,Male,44
823,2025-01-23,North,Clothing,1,495.68,,495.68,Female,48
824,2025-12-23,North,Electronics,2,228.96,0.05,435.024,Female,31
825,2025-03-09,North,Clothing,6,151.42,0.0,908.52,Female,28
826,2025-12-27,North,Clothing,8,429.67,,3437.36,Female,67
827,2025-03-12,West,Electronics,7,96.55,0.1,608.265,Male,42
828,2025-12-20,West,Office Supplies,6,267.81,0.1,1446.1740000000002,Male,68
829,2025-12-17,North,Office Supplies,2,312.13,0.1,561.8340000000001,Male,25
830,2025-07-16,East,Office Supplies,6,235.35,0.0,1412.1,Male,59
831,2025-10-14,South,Office Supplies,2,282.58,0.05,536.9019999999999,Male,52
832,2025-02-28,South,Furniture,8,370.0,,2960.0,Female,40
833,2025-05-17,North,Electronics,9,341.71,0.1,2767.851,Female,40
834,2025-08-20,West,Office Supplies,8,253.22,0.0,2025.76,Female,57
835,2025-07-08,North,Electronics,2,98.24,0.15,167.00799999999998,Female,29
836,2025-05-28,North,Furniture,2,59.14,0.1,106.452,Female,27
837,2025-04-15,East,Clothing,9,476.29,0.0,4286.610000000001,Male,48
838,2025-06-27,East,Furniture,7,224.71,0.0,1572.97,Male,19
839,2025-04-29,East,Office Supplies,9,324.11,0.15,2479.4415000000004,Female,55
840,2025-12-07,West,Office Supplies,9,421.74,0.15,3226.3109999999997,Male,68
841,2025-06-06,West,Office Supplies,3,395.69,0.05,1127.7165,Female,67
842,2025-01-25,South,Furniture,3,179.79,0.15,458.4645,Female,29
843,2025-03-31,North,Office Supplies,3,84.82,0.0,254.45999999999998,Male,46
844,2025-05-14,North,Office Supplies,6,96.33,,577.98,Female,27
845,2025-07-10,East,Electronics,8,272.23,0.05,2068.948,Male,43
846,2025-09-13,South,Electronics,3,474.16,0.1,1280.232,Female,59
847,2025-12-28,South,Clothing,5,239.59,0.1,1078.155,Female,62
848,2025-02-27,North,Office Supplies,8,450.59,0.05,3424.4839999999995,Male,43
849,2025-11-13,East,Electronics,4,225.76,0.0,903.04,Male,55
850,2025-09-27,South,Electronics,4,391.74,0.1,1410.2640000000001,Male,52
851,2025-08-17,South,Clothing,2,488.04,0.15,829.668,Female,56
852,2025-11-06,West,Furniture,9,471.98,0.1,3823.038,Female,41
853,2025-07-17,East,Office Supplies,6,11.03,0.1,59.562,Female,53
854,2025-02-14,West,Clothing,4,365.29,0.15,1241.986,Female,28
855,2025-08-06,North,Furniture,7,74.09,,518.63,Male,37
856,2025-09-01,West,Electronics,9,493.39,0.0,4440.51,Male,44
857,2025-11-24,West,Furniture,5,210.18,,1050.9,Male,29
858,2025-07-15,East,Office Supplies,5,279.16,0.0,1395.8000000000002,Female,53
859,2025-08-26,South,Office Supplies,4,18.29,0.0,73.16,Female,58
860,2025-11-22,West,Furniture,8,66.47,0.1,478.584,Female,62
861,2025-11-27,West,Electronics,4,19.08,0.1,68.688,Female,55
862,2025-09-04,West,Electronics,10,220.85,0.1,1987.65,Female,50
863,2025-10-22,North,Furniture,1,423.41,0.05,402.2395,Female,47
864,2025-12-21,East,Office Supplies,3,181.91,0.0,545.73,Female,58
865,2025-07-02,North,Furniture,1,148.48,,148.48,Male,66
866,2025-02-18,East,Office Supplies,10,377.55,,3775.5,Female,35
867,2025-12-17,East,Furniture,6,52.44,,314.64,Male,26
868,2025-09-23,West,Office Supplies,5,189.64,0.15,805.9699999999999,Male,24
869,2025-04-22,North,Clothing,3,254.17,0.05,724.3845,Female,22
870,2025-03-01,East,Office Supplies,3,462.09,0.15,1178.3295,Female,26
871,2025-08-15,South,Office Supplies,10,263.94,0.1,2375.46,Male,65
872,2025-03-02,South,Office Supplies,4,68.71,0.05,261.09799999999996,Male,31
873,2025-03-08,North,Electronics,2,215.28,0.0,430.56,Female,66
874,2025-08-09,North,Clothing,1,102.19,0.0,102.19,Male,34
875,2025-01-23,North,Electronics,2,154.31,0.0,308.62,Male,55
876,2025-04-13,North,Furniture,3,336.95,0.0,1010.8499999999999,Female,55
877,2025-06-28,South,Electronics,6,84.48,,506.88,Male,70
878,2025-10-24,East,Furniture,1,266.78,0.05,253.44099999999997,Male,64
879,2025-02-20,East,Furniture,4,460.64,0.15,1566.176,Female,61
880,2025-02-24,West,Furniture,3,418.2,0.15,1066.4099999999999,Male,44
881,2025-02-27,South,Clothing,6,66.19,0.0,397.14,Female,63
882,2025-05-28,East,Clothing,9,362.46,0.0,3262.14,Male,42
883,2025-05-26,West,Furniture,8,302.19,0.1,2175.768,Female,36
884,2025-08-08,East,Furniture,4,429.1,0.15,1458.94,Male,61
885,2025-09-09,North,Electronics,2,201.2,,402.4,Male,43
886,2025-07-25,North,Office Supplies,10,488.9,0.05,4644.55,Male,39
887,2025-04-13,North,Furniture,10,422.79,0.15,3593.715,Female,64
888,2025-09-13,East,Clothing,5,383.58,,1917.8999999999999,Female,48
889,2025-12-08,East,Furniture,10,475.32,0.15,4040.22,Female,24
890,2025-03-04,South,Electronics,5,247.22,0.05,1174.2949999999998,Male,65
891,2025-01-28,South,Clothing,2,251.58,0.0,503.16,Female,27
892,2025-06-05,West,Clothing,10,313.5,0.0,3135.0,Male,36
893,2025-12-05,East,Electronics,8,247.67,0.1,1783.224,Male,45
894,2025-03-02,West,Clothing,7,227.81,0.15,1355.4695,Male,20
895,2025-04-01,South,Clothing,9,331.41,0.1,2684.4210000000003,Female,26
896,2025-06-09,West,Clothing,7,246.29,0.0,1724.03,Female,53
897,2025-03-22,West,Clothing,9,32.59,0.1,263.97900000000004,Female,67
898,2025-05-26,North,Furniture,6,35.4,,212.39999999999998,Female,40
899,2025-10-26,West,Electronics,1,383.77,0.1,345.393,Female,40
900,2025-07-02,South,Furniture,7,178.88,0.05,1189.552,Female,55
901,2025-02-13,East,Furniture,2,435.13,0.0,870.26,Male,52
902,2025-06-16,West,Office Supplies,1,233.15,0.15,198.1775,Male,62
903,2025-08-29,West,Clothing,10,16.01,0.1,144.09000000000003,Female,54
904,2025-02-20,East,Clothing,8,54.53,0.05,414.428,Female,28
905,2025-11-11,South,Clothing,5,184.85,0.15,785.6125,Male,52
906,2025-04-20,West,Furniture,5,136.25,0.1,613.125,Male,63
907,2025-10-24,North,Clothing,2,297.97,0.1,536.3460000000001,Female,31
908,2025-06-27,East,Clothing,2,327.51,0.1,589.518,Female,30
909,2025-08-01,West,Furniture,7,129.38,,905.66,Male,58
910,2025-12-27,West,Furniture,9,432.04,,3888.36,Female,35
911,2025-11-23,North,Furniture,9,405.42,0.15,3101.463,Female,47
912,2025-03-17,West,Clothing,4,79.48,0.1,286.12800000000004,Female,22
913,2025-11-21,East,Furniture,4,423.75,0.1,1525.5,Female,61
914,2025-11-04,South,Furniture,4,205.9,0.0,823.6,Male,33
915,2025-06-08,West,Electronics,8,245.26,0.15,1667.7679999999998,Male,28
916,2025-05-20,South,Electronics,3,19.43,0.1,52.461,Female,68
917,2025-01-11,East,Office Supplies,1,430.49,0.0,430.49,Male,44
918,2025-07-06,South,Electronics,2,201.46,0.05,382.774,Male,51
919,2025-12-07,East,Clothing,10,475.09,,4750.9,Male,33
920,2025-11-04,East,Clothing,2,387.73,0.1,697.9140000000001,Male,45
921,2025-04-22,East,Clothing,3,57.87,0.05,164.9295,Female,34
922,2025-10-29,North,Office Supplies,1,247.73,0.1,222.957,Female,48
923,2025-12-16,East,Clothing,4,481.84,0.05,1830.9919999999997,Female,70
924,2025-06-07,North,Electronics,1,324.47,,324.47,Male,34
925,2025-10-10,North,Furniture,7,158.09,0.1,995.9670000000001,Female,42
926,2025-01-05,East,Electronics,7,464.12,0.1,2923.956,Male,37
927,2025-04-18,West,Electronics,3,458.37,0.1,1237.5990000000002,Female,23
928,2025-09-09,West,Electronics,8,369.79,0.1,2662.4880000000003,Male,62
929,2025-05-14,East,Clothing,9,37.85,0.15,289.5525,Male,66
930,2025-01-27,North,Clothing,3,316.93,0.05,903.2504999999999,Male,58
931,2025-06-06,South,Furniture,6,290.03,0.0,1740.1799999999998,Male,56
932,2025-12-18,West,Clothing,7,397.36,0.1,2503.368,Male,34
933,2025-03-30,South,Electronics,10,414.25,0.1,3728.25,Female,41
934,2025-04-04,South,Electronics,7,438.81,,3071.67,Male,53
935,2025-11-28,West,Furniture,10,315.18,0.0,3151.8,Female,62
936,2025-03-28,East,Furniture,1,203.51,0.15,172.9835,Male,41
937,2025-03-29,West,Clothing,10,63.09,,630.9000000000001,Female,25
938,2025-04-25,East,Clothing,4,99.32,0.1,357.55199999999996,Female,26
939,2025-08-09,South,Clothing,4,302.04,0.1,1087.344,Male,44
940,2025-03-16,South,Clothing,1,148.65,0.1,133.785,Male,41
941,2025-10-26,South,Office Supplies,8,47.44,0.15,322.592,Female,61
942,2025-04-19,East,Electronics,7,355.68,,2489.76,Male,53
943,2025-01-31,West,Office Supplies,1,169.77,0.05,161.2815,Male,18
944,2025-05-10,West,Office Supplies,9,311.73,0.1,2525.0130000000004,Male,53
945,2025-01-22,West,Office Supplies,10,93.79,0.05,891.005,Female,26
946,2025-02-15,South,Office Supplies,6,356.58,0.15,1818.558,Male,38
947,2025-01-23,East,Clothing,3,252.11,0.1,680.697,Female,34
948,2025-11-10,South,Office Supplies,5,260.9,0.15,1108.825,Female,66
949,2025-03-19,North,Furniture,9,427.25,0.15,3268.4625,Male,21
950,2025-04-28,South,Clothing,3,22.75,0.1,61.425000000000004,Female,25
951,2025-09-11,West,electrnics,1,223.55,,223.55,Female,25
952,2025-03-17,East,Furniture,2,178.05,0.05,338.295,Male,65
953,2025-09-18,South,Electronics,5,283.81,,1419.05,Male,44
954,2025-02-09,East,Electronics,4,385.29,0.0,1541.16,Female,61
955,2025-12-15,North,Office Supplies,2,200.11,,400.22,Male,19
956,2025-02-11,West,Office Supplies,8,416.2,0.15,2830.16,Male,39
957,2025-01-23,South,Furniture,10,475.69,0.1,4281.21,Male,69
958,2025-11-26,North,Clothing,5,164.97,0.0,824.85,Male,43
959,2025-05-11,North,Electronics,3,123.84,0.15,315.792,Male,28
960,2025-07-18,North,Office Supplies,7,146.04,0.05,971.1659999999999,Female,69
961,2025-08-10,South,Office Supplies,5,452.35,,2261.75,Male,41
962,2025-09-20,West,Office Supplies,4,247.36,0.15,841.024,Female,23
963,2025-08-05,West,Electronics,6,308.86,0.15,1575.186,Male,50
964,2025-06-24,West,Electronics,8,339.84,0.05,2582.7839999999997,Female,47
965,2025-08-12,East,Furniture,2,454.07,0.15,771.919,Male,61
966,2025-06-03,North,Electronics,4,263.93,0.1,950.148,Male,50
967,2025-02-25,West,Office Supplies,9,215.33,0.0,1937.97,Female,34
968,2025-10-27,North,Clothing,2,385.48,0.0,770.96,Male,68
969,2025-04-04,East,Office Supplies,7,27.4,0.15,163.02999999999997,Female,66
970,2025-12-10,East,Furniture,8,313.79,0.1,2259.288,Male,29
971,2025-02-10,West,Electronics,10,133.36,0.0,1333.6000000000001,Male,43
972,2025-03-01,West,Clothing,1,90.01,0.15,76.5085,Female,37
973,2025-11-13,East,Electronics,10,183.56,0.15,1560.26,Male,26
974,2025-01-08,South,Electronics,4,60.4,0.0,241.6,Male,48
975,2025-11-29,South,Electronics,3,326.62,0.15,832.881,Female,67
976,2025-08-26,North,Furniture,3,239.62,0.0,718.86,Male,65
977,2025-12-26,North,Clothing,8,482.11,0.15,3278.348,Male,30
978,2025-05-31,North,Office Supplies,10,415.58,0.15,3532.43,Male,24
979,2025-11-19,East,Electronics,7,489.85,0.15,2914.6075,Female,43
980,2025-09-06,West,Furniture,9,297.56,,2678.04,Male,51
981,2025-01-10,North,Office Supplies,7,290.32,,2032.24,Female,48
982,2025-03-01,West,Clothing,8,313.23,0.1,2255.2560000000003,Male,28
983,2025-05-28,South,Furniture,4,237.27,0.15,806.718,Female,56
984,2025-12-03,West,Clothing,8,69.92,0.1,503.42400000000004,Female,68
985,2025-08-30,North,Clothing,3,312.81,0.1,844.5870000000001,Male,29
986,2025-04-13,West,Clothing,3,304.85,0.0,914.5500000000001,Female,33
987,2025-04-18,East,Office Supplies,9,28.29,0.0,254.60999999999999,Female,61
988,2025-03-23,North,Electronics,3,414.83,,1244.49,Female,45
989,2025-02-28,South,Clothing,10,117.21,,1172.1,Female,39
990,2025-07-01,East,Furniture,1,386.2,,386.2,Male,63
991,2025-01-26,North,Electronics,8,400.5,0.0,3204.0,Male,50
992,2025-02-23,East,Furniture,3,316.81,0.05,902.9085,Female,63
993,2025-08-15,South,Office Supplies,9,251.7,0.0,2265.2999999999997,Female,70
994,2025-03-12,West,Electronics,2,425.05,0.15,722.585,Male,69
995,2025-08-31,North,Office Supplies,6,146.95,0.05,837.6149999999999,Female,63
996,2025-08-01,South,Clothing,6,316.57,0.05,1804.449,Male,26
997,2025-08-08,East,Electronics,7,459.42,0.15,2733.549,Female,27
998,2025-01-06,East,Office Supplies,9,472.1,0.0,4248.900000000001,Female,67
999,2025-03-26,South,Electronics,7,35.43,0.0,248.01,Female,44
1000,2025-07-25,East,Electronics,9,437.41,0.1,3543.021,Female,51
1001,2025-11-09,South,Clothing,3,351.65,0.15,896.7074999999999,Female,69
1002,2025-11-29,North,Electronics,7,388.82,0.1,2449.566,Female,42
1003,2025-03-06,South,Electronics,9,496.0,0.1,4017.6,Female,51
1004,2025-06-24,East,Furniture,3,16.59,,49.769999999999996,Female,64
1005,2025-08-05,East,electrnics,9,59.67,0.0,537.03,Female,25
1006,2025-01-25,North,Clothing,2,227.12,,454.24,Female,33
1007,2025-10-25,South,Office Supplies,10,358.75,,3587.5,Female,36
1008,2025-12-08,South,Electronics,10,337.85,0.15,2871.725,Female,51
1009,2025-10-26,West,Electronics,4,412.31,0.1,1484.316,Male,63
1010,2025-08-06,West,Furniture,7,45.56,0.0,318.92,Female,31
1011,2025-08-17,West,Clothing,2,187.8,,375.6,Female,55
1012,2025-09-13,West,Furniture,7,498.27,0.15,2964.7065,Male,50
1013,2025-03-07,North,Furniture,8,357.02,0.05,2713.352,Female,48
1014,2025-01-17,North,Clothing,3,472.31,0.1,1275.237,Male,25
1015,2025-07-09,South,Electronics,10,148.35,,1483.5,Female,37
1016,2025-07-11,South,Furniture,5,150.52,0.0,752.6,Female,21
1017,2025-06-06,North,Electronics,5,111.71,0.15,474.7674999999999,Female,22
1018,2025-01-23,West,Office Supplies,7,243.18,0.1,1532.034,Female,48
1019,2025-11-07,West,Clothing,3,382.17,,1146.51,Female,27
1020,2025-06-16,West,Clothing,2,400.91,,801.82,Male,43
1021,2025-06-23,East,Electronics,9,27.68,0.15,211.752,Male,63
1022,2025-01-13,North,Electronics,10,316.9,0.1,2852.1,Male,57
1023,2025-10-05,South,Clothing,10,380.02,,3800.2,Male,25
1024,2025-12-04,East,Furniture,9,93.97,0.0,845.73,Male,63
1025,2025-10-24,East,Clothing,8,46.9,,375.2,Male,49
1026,2025-01-12,North,Office Supplies,6,221.32,0.15,1128.732,Female,34
1027,2025-02-16,South,Office Supplies,2,489.99,,979.98,Male,29
1028,2025-05-11,South,Electronics,2,81.34,0.15,138.278,Female,29
1029,2025-01-14,East,Furniture,1,152.52,0.0,152.52,Female,38
1030,2025-05-13,North,Furniture,7,471.08,0.0,3297.56,Male,66
1031,2025-11-02,West,Electronics,10,122.06,,1220.6,Female,21
1032,2025-06-12,West,Electronics,8,278.79,0.0,2230.32,Female,58
1033,2025-04-30,North,Furniture,1,138.23,,138.23,Male,37
1034,2025-10-18,South,Furniture,7,225.76,,1580.32,Female,52
1035,2025-03-28,West,Electronics,4,271.08,0.15,921.6719999999999,Male,70
1036,2025-08-26,North,Electronics,10,148.18,0.05,1407.71,Female,35
1037,2025-11-03,East,Furniture,5,420.55,0.15,1787.3374999999999,Female,20
1038,2025-03-24,North,Clothing,9,283.73,0.1,2298.213,Male,26
1039,2025-10-12,East,Office Supplies,5,439.75,0.05,2088.8125,Female,66
1040,2025-12-29,East,Furniture,8,140.14,0.1,1009.0079999999999,Female,56
1041,2025-06-18,North,Clothing,1,457.44,0.05,434.568,Male,18
1042,2025-12-11,West,Electronics,3,209.52,0.15,534.2760000000001,Male,52
1043,2025-01-16,West,Office Supplies,8,337.76,0.1,2431.872,Female,29
1044,2025-12-23,South,Clothing,1,66.76,0.1,60.084,Male,32
1045,2025-01-11,South,Electronics,5,341.87,0.1,1538.415,Female,69
1046,2025-04-24,North,Office Supplies,4,490.16,0.1,1764.576,Female,63
1047,2025-12-28,West,Electronics,10,108.5,0.05,1030.75,Female,54
1048,2025-09-14,South,Electronics,8,89.39,0.05,679.3639999999999,Male,65
1049,2025-02-03,South,Office Supplies,3,133.51,,400.53,Male,61
1050,2025-01-12,West,Electronics,9,309.16,,2782.44,Female,59
1051,2025-12-11,West,Clothing,1,427.66,0.1,384.894,Female,25
1052,2025-12-15,North,Furniture,9,235.96,0.1,1911.2759999999998,Male,35
1053,2025-08-04,West,Furniture,9,227.19,0.0,2044.71,Female,23
1054,2025-10-20,West,Electronics,1,495.18,0.05,470.421,Male,30
1055,2025-03-26,North,Clothing,6,158.85,0.0,953.0999999999999,Female,69
1056,2025-01-13,East,Furniture,10,399.62,0.1,3596.58,Male,48
1057,2025-05-03,South,Electronics,6,417.1,0.1,2252.3400000000006,Female,66
1058,2025-02-18,North,Electronics,8,291.57,0.0,2332.56,Female,38
1059,2025-12-22,,Electronics,2,392.41,0.0,784.82,Female,57
1060,2025-11-17,North,Office Supplies,7,37.57,0.0,262.99,Female,43
1061,2025-02-19,North,Clothing,10,377.22,0.05,3583.59,Female,47
1062,2025-08-08,North,Clothing,10,311.52,0.1,2803.68,Female,55
1063,2025-04-09,North,Furniture,2,55.83,,111.66,Male,58
1064,2025-09-18,West,Furniture,5,180.92,0.15,768.9099999999999,Male,26
1065,2025-01-23,West,Office Supplies,1,68.2,,68.2,Female,55
1066,2025-10-05,East,Office Supplies,3,77.97,0.1,210.519,Female,18
1067,2025-09-23,North,Furniture,10,330.55,0.05,3140.225,Male,45
1068,2025-06-26,North,Office Supplies,4,488.37,0.05,1855.806,Male,60
1069,2025-09-01,East,Office Supplies,8,301.88,0.1,2173.536,Female,39
1070,2025-03-25,West,Furniture,2,229.88,0.0,459.76,Male,58
1071,2025-04-25,South,Clothing,4,235.94,0.05,896.572,Female,69
1072,2025-07-12,East,Electronics,4,203.15,0.0,812.6,Male,40
1073,2025-01-16,West,Furniture,9,62.02,0.1,502.3620000000001,Female,20
1074,2025-01-16,South,Office Supplies,4,102.92,0.05,391.096,Male,39
1075,2025-10-11,South,Office Supplies,4,93.38,0.0,373.52,Male,19
1076,2025-12-13,East,Furniture,3,192.57,0.0,577.71,Female,47
1077,2025-05-03,West,Electronics,6,405.7,0.05,2312.49,Male,27
1078,2025-03-08,East,Office Supplies,4,99.88,0.15,339.592,Female,58
1079,2025-05-06,South,Office Supplies,1,382.73,,382.73,Male,38
1080,2025-05-07,South,Clothing,1,316.58,0.1,284.92199999999997,Male,64
1081,2025-02-11,North,Furniture,8,396.54,,3172.32,Female,66
1082,2025-11-27,West,Furniture,9,190.26,,1712.34,Female,63
1083,2025-07-11,West,Office Supplies,9,348.78,0.15,2668.1669999999995,Female,58
1084,2025-10-26,West,Furniture,1,107.56,0.05,102.182,Female,31
1085,2025-06-06,South,Office Supplies,7,444.91,,3114.3700000000003,Female,53
1086,2025-02-13,West,Office Supplies,3,377.05,0.1,1018.0350000000001,Male,55
1087,2025-01-22,West,Clothing,8,258.57,0.1,1861.704,Female,45
1088,2025-07-29,East,Clothing,6,403.23,0.1,2177.442,Male,29
1089,2025-08-15,East,Electronics,4,136.48,0.0,545.92,Female,50
1090,2025-09-20,South,Electronics,9,323.61,0.1,2621.2410000000004,Male,22
1091,2025-07-04,South,Office Supplies,1,275.28,0.1,247.75199999999998,Female,37
1092,2025-12-16,South,Office Supplies,5,99.37,,496.85,Male,67
1093,2025-06-03,West,Electronics,5,412.04,0.15,1751.17,Female,59
1094,2025-09-20,South,Furniture,3,433.41,0.05,1235.2185,Female,32
1095,2025-09-22,West,Office Supplies,10,394.06,0.15,3349.5099999999998,Male,38
1096,2025-04-07,South,Clothing,7,386.21,0.15,2297.9494999999997,Female,53
1097,2025-01-16,East,Electronics,6,73.78,0.05,420.546,Female,69
1098,2025-12-04,West,Clothing,6,173.21,0.15,883.371,Female,38
1099,2025-10-28,South,Furniture,1,285.95,0.0,285.95,Female,54
1100,2025-11-19,West,Clothing,10,457.31,,4573.1,Male,43
1101,2025-02-02,North,Office Supplies,9,196.28,0.15,1501.542,Female,58
1102,2025-06-05,South,Electronics,2,89.85,,179.7,Female,19
1103,2025-04-06,East,Furniture,4,39.4,0.15,133.95999999999998,Male,36
1104,2025-12-04,East,Electronics,9,39.64,0.0,356.76,Male,38
1105,2025-07-30,South,Clothing,7,82.73,0.0,579.11,Female,65
1106,2025-02-05,South,Furniture,7,477.77,0.05,3177.1704999999997,Female,45
1107,2025-12-30,East,Furniture,8,83.6,,668.8,Female,35
1108,2025-04-14,North,Clothing,1,495.59,0.15,421.25149999999996,Male,51
1109,2025-06-18,West,Electronics,10,440.22,0.15,3741.8700000000003,Male,36
1110,2025-11-27,West,Furniture,8,176.66,0.1,1271.952,Female,33
1111,2025-04-02,West,Furniture,10,367.96,0.15,3127.66,Male,43
1112,2025-12-24,East,Office Supplies,1,123.65,0.05,117.4675,Male,62
1113,2025-04-22,,Office Supplies,8,208.58,,1668.64,Male,66
1114,2025-02-23,West,Clothing,9,384.44,0.1,3113.964,Male,34
1115,2025-04-17,North,Clothing,9,27.09,0.0,243.81,Female,39
1116,2025-07-24,East,Electronics,4,201.35,0.0,805.4,Male,38
1117,2025-12-10,North,Furniture,8,244.96,0.0,1959.68,Female,26
1118,2025-08-30,North,Electronics,5,421.57,0.05,2002.4574999999998,Male,36
1119,2025-03-05,North,Electronics,9,372.02,0.05,3180.7709999999997,Female,27
1120,2025-08-14,South,Clothing,6,93.08,0.0,558.48,Male,58
1121,2025-09-25,West,Electronics,2,198.36,0.1,357.04800000000006,Male,21
1122,2025-07-13,South,Furniture,4,464.77,0.1,1673.172,Male,19
1123,2025-08-04,South,Electronics,1,494.7,0.1,445.23,Male,24
1124,2025-12-07,West,Electronics,3,363.39,0.0,1090.17,Female,38
1125,2025-10-15,West,Clothing,4,314.21,,1256.84,Male,32
1126,2025-04-20,North,Clothing,2,181.51,0.05,344.86899999999997,Female,18
1127,2025-07-19,East,Office Supplies,4,232.09,0.0,928.36,Male,22
1128,2025-04-22,West,Electronics,7,154.26,,1079.82,Male,34
1129,2025-02-18,South,Office Supplies,10,165.56,0.15,1407.26,Male,58
1130,2025-12-19,North,Office Supplies,6,489.12,0.15,2494.512,Male,56
1131,2025-10-27,North,Furniture,8,194.27,0.05,1476.452,Male,57
1132,2025-03-05,South,Electronics,5,122.02,0.15,518.585,Male,26
1133,2025-07-11,West,Furniture,8,151.82,0.05,1153.8319999999999,Male,33
1134,2025-11-03,South,Office Supplies,8,370.93,0.1,2670.696,Female,59
1135,2025-01-21,East,Electronics,9,396.93,0.15,3036.5144999999998,Male,64
1136,2025-06-19,North,Furniture,6,124.91,,749.46,Male,56
1137,2025-07-15,North,Electronics,9,164.21,0.15,1256.2065,Female,22
1138,2025-04-09,South,Furniture,1,319.01,0.05,303.05949999999996,Male,29
1139,2025-10-31,South,electrnics,9,416.45,0.05,3560.6474999999996,Female,64
1140,2025-08-28,South,Clothing,5,86.26,0.05,409.735,Male,56
1141,2025-05-08,South,Office Supplies,5,146.25,0.15,621.5625,Female,23
1142,2025-07-04,West,Clothing,7,191.97,0.15,1142.2214999999999,Female,66
1143,2025-03-21,West,Electronics,8,14.81,0.15,100.708,Female,56
1144,2025-10-03,East,Clothing,3,278.66,0.05,794.1809999999999,Female,37
1145,2025-08-21,West,Electronics,5,190.7,,953.5,Female,26
1146,2025-08-29,North,Electronics,4,81.59,0.05,310.042,Female,49
1147,2025-07-27,West,Clothing,7,470.44,0.1,2963.772,Female,59
1148,2025-10-29,North,Clothing,2,207.35,0.0,414.7,Male,30
1149,2025-08-12,West,Office Supplies,5,386.78,0.1,1740.51,Male,59
1150,2025-07-17,West,Electronics,7,369.15,0.05,2454.8474999999994,Female,58
1151,2025-12-28,East,Clothing,1,350.25,0.05,332.7375,Male,34
1152,2025-05-07,North,Electronics,10,291.28,0.05,2767.1599999999994,Male,59
1153,2025-12-31,North,Furniture,7,201.85,,1412.95,Female,28
1154,2025-08-07,West,Office Supplies,5,347.46,,1737.3,Female,66
1155,2025-02-15,South,Office Supplies,2,319.91,0.1,575.8380000000001,Male,65
1156,2025-07-23,West,Electronics,5,8.18,0.05,38.855,Male,22
1157,2025-12-23,,Furniture,7,264.86,0.1,1668.618,Male,41
1158,2025-04-06,North,Clothing,3,103.02,0.05,293.60699999999997,Male,29
1159,2025-04-13,East,Clothing,1,376.21,0.05,357.3995,Female,58
1160,2025-11-16,North,Office Supplies,2,434.84,0.05,826.1959999999999,Male,42
1161,2025-03-05,South,Clothing,5,36.81,0.0,184.05,Female,61
1162,2025-02-21,North,Electronics,1,35.22,0.0,35.22,Male,51
1163,2025-01-04,West,Clothing,7,303.48,0.1,1911.9240000000002,Female,56
1164,2025-08-08,East,Furniture,6,188.54,0.1,1018.116,Female,60
1165,2025-07-24,East,Electronics,7,307.35,0.1,1936.3050000000003,Male,47
1166,2025-12-24,North,Electronics,7,363.98,0.05,2420.467,Female,62
1167,2025-05-08,West,Furniture,6,228.7,0.15,1166.37,Male,58
1168,2025-06-14,East,Clothing,1,318.72,0.0,318.72,Male,56
1169,2025-09-06,East,Clothing,7,370.91,0.0,2596.3700000000003,Female,60
1170,2025-12-25,South,Furniture,2,368.47,0.1,663.2460000000001,Male,26
1171,2025-09-12,West,Furniture,2,154.17,,308.34,Female,25
1172,2025-09-04,South,Electronics,9,124.25,0.05,1062.3374999999999,Male,45
1173,2025-01-15,West,Office Supplies,3,464.86,0.1,1255.122,Male,64
1174,2025-05-12,South,Clothing,8,475.99,0.0,3807.92,Male,68
1175,2025-12-21,North,Office Supplies,6,436.61,,2619.66,Female,63
1176,2025-07-15,South,Furniture,9,483.29,0.15,3697.1685,Female,25
1177,2025-05-29,South,Electronics,2,60.13,0.1,108.23400000000001,Female,26
1178,2025-06-10,East,Electronics,7,290.57,0.0,2033.99,Male,42
1179,2025-08-05,South,Electronics,6,386.78,0.05,2204.6459999999997,Female,18
1180,2025-10-03,South,Clothing,8,161.38,0.1,1161.936,Female,27
1181,2025-11-04,East,Office Supplies,5,77.21,0.0,386.04999999999995,Male,35
1182,2025-12-28,West,Office Supplies,10,241.75,0.05,2296.625,Female,21
1183,2025-06-20,South,Electronics,3,414.8,0.05,1182.18,Male,49
1184,2025-07-20,North,Clothing,5,492.27,0.05,2338.2825,Female,45
1185,2025-12-14,West,Electronics,8,495.21,0.15,3367.428,Female,36
1186,2025-12-23,West,Electronics,4,352.05,,1408.2,Male,38
1187,2025-10-25,West,Furniture,1,425.66,0.1,383.09400000000005,Male,46
1188,2025-12-23,South,Furniture,8,149.09,0.05,1133.084,Male,65
1189,2025-11-30,North,Furniture,1,184.3,,184.3,Female,45
1190,2025-12-14,East,Clothing,3,463.36,0.0,1390.08,Male,21
1191,2025-03-02,West,Furniture,9,326.8,,2941.2000000000003,Female,33
1192,2025-01-18,East,Furniture,2,124.22,0.15,211.174,Female,67
1193,2025-12-21,East,Clothing,2,389.98,0.15,662.966,Female,18
1194,2025-03-03,South,Electronics,2,45.91,0.15,78.047,Female,35
1195,2025-12-22,West,Clothing,2,398.2,0.05,756.5799999999999,Female,37
1196,2025-10-20,South,Clothing,3,54.22,0.0,162.66,Male,43
1197,2025-10-12,West,Electronics,9,392.82,,3535.38,Male,66
1198,2025-04-17,South,Electronics,2,94.43,,188.86,Female,69
1199,2025-06-10,South,Furniture,2,24.38,,48.76,Male,53
1200,2025-05-12,East,Office Supplies,1,46.88,0.0,46.88,Male,45
1201,2025-12-03,East,Clothing,1,127.93,0.0,127.93,Male,54
1202,2025-09-09,South,Electronics,6,263.72,0.1,1424.0880000000002,Male,33
1203,2025-01-19,South,Furniture,4,75.13,0.05,285.49399999999997,Female,35
1204,2025-03-07,East,Office Supplies,10,213.9,,2139.0,Female,59
1205,2025-03-25,West,Furniture,7,230.75,0.1,1453.7250000000001,Male,22
1206,2025-11-19,East,Furniture,5,497.7,0.05,2364.075,Female,70
1207,2025-03-20,West,Electronics,6,496.26,0.15,2530.926,Male,22
1208,2025-05-19,West,Electronics,2,268.08,,536.16,Female,58
1209,2025-02-15,South,Furniture,6,455.08,0.1,2457.4320000000002,Female,18
1210,2025-02-20,West,Electronics,7,489.85,0.05,3257.5025,Male,29
1211,2025-09-27,North,Office Supplies,5,296.47,0.15,1259.9975000000002,Female,53
1212,2025-05-19,South,Office Supplies,10,54.04,0.0,540.4,Female,29
1213,2025-06-26,West,Furniture,9,278.08,0.15,2127.312,Female,18
1214,2025-12-18,South,Clothing,9,358.05,0.05,3061.3275000000003,Female,21
1215,2025-11-24,West,Clothing,6,355.21,0.05,2024.6969999999997,Male,46
1216,2025-07-01,West,Furniture,8,253.6,0.1,1825.92,Female,58
1217,2025-02-14,North,Electronics,5,206.22,0.1,927.9899999999999,Male,64
1218,2025-05-03,North,Office Supplies,2,86.73,0.0,173.46,Female,69
1219,2025-01-06,West,Clothing,7,340.13,0.05,2261.8644999999997,Male,43
1220,2025-01-08,West,Office Supplies,10,99.14,0.0,991.4,Male,65
1221,2025-12-05,West,Furniture,9,343.62,0.0,3092.58,Male,29
1222,2025-02-08,East,Electronics,6,420.51,,2523.06,Female,49
1223,2025-07-14,East,Furniture,3,189.78,0.0,569.34,Male,36
1224,2025-06-03,North,Clothing,8,150.3,0.05,1142.28,Male,37
1225,2025-11-26,West,Clothing,9,413.74,0.0,3723.66,Male,40
1226,2025-01-04,East,Electronics,10,232.88,0.1,2095.92,Male,40
1227,2025-04-06,West,Clothing,7,180.49,0.0,1263.43,Male,23
1228,2025-09-28,North,Clothing,9,449.76,0.15,3440.664,Male,27
1229,2025-12-03,East,Office Supplies,5,116.92,0.15,496.91,Female,45
1230,2025-04-04,West,Clothing,9,406.71,0.0,3660.39,Male,26
1231,2025-07-01,North,Furniture,7,7.88,0.05,52.401999999999994,Female,20
1232,2025-03-10,North,Furniture,7,213.42,0.1,1344.5459999999998,Male,48
1233,2025-12-07,West,Furniture,5,63.8,0.15,271.15,Female,66
1234,2025-07-24,South,Electronics,9,364.37,0.15,2787.4305,Male,68
1235,2025-01-11,North,Furniture,3,81.99,,245.96999999999997,Male,61
1236,2025-06-25,West,Clothing,7,488.34,0.0,3418.3799999999997,Female,36
1237,2025-09-06,South,Furniture,2,381.65,0.05,725.1349999999999,Male,35
1238,2025-02-28,West,Furniture,5,497.16,0.05,2361.51,Female,63
1239,2025-02-22,,Furniture,9,307.49,0.05,2629.0395,Male,26
1240,2025-07-25,South,Clothing,1,140.56,0.05,133.53199999999998,Male,57
1241,2025-04-13,West,Office Supplies,2,432.85,0.15,735.845,Male,32
1242,2025-06-22,West,Electronics,7,242.2,,1695.3999999999999,Female,25
1243,2025-05-18,West,Furniture,6,143.88,0.1,776.952,Female,21
1244,2025-04-04,South,Office Supplies,1,5.27,0.1,4.742999999999999,Female,35
1245,2025-11-07,West,Office Supplies,2,218.3,0.1,392.94000000000005,Female,37
1246,2025-02-27,South,Office Supplies,2,336.13,,672.26,Female,65
1247,2025-07-05,South,Office Supplies,10,266.79,0.1,2401.11,Male,55
1248,2025-07-16,North,Electronics,2,444.16,0.05,843.904,Male,30
1249,2025-12-27,East,Office Supplies,8,463.12,0.0,3704.96,Female,66
1250,2025-04-14,South,Furniture,9,361.78,0.0,3256.0199999999995,Female,53
1251,2025-12-31,East,Office Supplies,5,446.34,,2231.7,Female,58
1252,2025-03-02,North,Furniture,7,38.52,0.15,229.19400000000002,Female,62
1253,2025-03-08,North,Furniture,5,27.5,,137.5,Female,49
1254,2025-12-17,South,Clothing,9,435.78,0.0,3922.0199999999995,Female,53
1255,2025-07-19,South,Electronics,7,305.57,0.05,2032.0404999999996,Male,54
1256,2025-04-22,West,Office Supplies,10,349.88,,3498.8,Female,32
1257,2025-06-01,South,Electronics,5,278.31,0.05,1321.9724999999999,Male,36
1258,2025-01-21,South,Office Supplies,3,471.31,0.1,1272.537,Male,59
1259,2025-05-08,East,Office Supplies,4,269.62,0.0,1078.48,Female,23
1260,2025-12-28,West,Office Supplies,9,135.7,0.05,1160.235,Female,21
1261,2025-11-17,East,Furniture,1,412.85,0.05,392.2075,Female,19
1262,2025-10-03,East,Furniture,10,57.69,0.15,490.36499999999995,Female,32
1263,2025-06-16,South,Clothing,5,105.94,0.15,450.245,Male,64
1264,2025-08-11,North,Clothing,6,78.43,0.15,399.99300000000005,Male,47
1265,2025-04-05,South,Office Supplies,3,98.49,0.15,251.14949999999996,Male,37
1266,2025-03-25,South,Electronics,3,409.66,,1228.98,Male,22
1267,2025-08-07,North,Furniture,4,230.24,0.15,782.816,Male,56
1268,2025-02-21,North,Electronics,7,195.08,0.0,1365.5600000000002,Male,33
1269,2025-02-12,North,Electronics,5,75.6,,378.0,Male,52
1270,2025-06-23,West,Furniture,2,105.15,0.15,178.755,Female,39
1271,2025-09-03,East,Electronics,3,125.69,,377.07,Male,70
1272,2025-01-23,West,Furniture,2,274.6,0.0,549.2,Male,32
1273,2025-01-13,East,Office Supplies,4,216.43,0.05,822.434,Male,61
1274,2025-07-16,South,Electronics,2,248.45,0.0,496.9,Female,40
1275,2025-02-09,North,Electronics,10,170.19,0.1,1531.71,Male,29
1276,2025-08-08,West,Furniture,9,170.75,0.05,1459.9125,Female,57
1277,2025-05-27,West,Office Supplies,6,438.32,0.1,2366.9280000000003,Female,69
1278,2025-12-31,South,Office Supplies,2,395.48,0.05,751.412,Male,42
1279,2025-08-17,West,Office Supplies,8,408.25,0.0,3266.0,Male,23
1280,2025-06-15,East,Office Supplies,3,95.03,0.15,242.3265,Female,45
1281,2025-09-04,South,Furniture,7,302.86,0.1,1908.018,Female,44
1282,2025-10-09,South,Clothing,8,271.68,0.15,1847.424,Male,55
1283,2025-08-04,North,Furniture,9,291.05,0.05,2488.4775,Female,18
1284,2025-04-15,South,Electronics,1,184.39,0.15,156.73149999999998,Male,40
1285,2025-07-04,West,Furniture,3,150.88,0.05,430.008,Male,70
1286,2025-04-25,South,Clothing,1,374.76,0.0,374.76,Male,62
1287,2025-08-06,North,Clothing,6,31.77,0.0,190.62,Male,19
1288,2025-03-17,North,Electronics,6,74.93,0.05,427.101,Female,27
1289,2025-04-04,East,Clothing,8,373.06,,2984.48,Female,64
1290,2025-06-22,East,Electronics,8,391.79,0.0,3134.32,Male,21
1291,2025-11-25,South,Electronics,1,304.07,0.05,288.8665,Female,45
1292,2025-12-15,East,Furniture,8,279.31,0.1,2011.0320000000002,Female,28
1293,2025-05-20,South,Clothing,2,263.14,0.05,499.96599999999995,Male,32
1294,2025-07-20,North,Clothing,3,412.14,,1236.42,Female,38
1295,2025-12-01,North,Office Supplies,7,414.49,0.05,2756.3585000000003,Female,30
1296,2025-05-19,East,Electronics,2,56.68,0.1,102.024,Male,36
1297,2025-03-25,North,Office Supplies,9,57.7,0.05,493.33500000000004,Male,53
1298,2025-04-14,North,Clothing,1,123.97,0.0,123.97,Male,21
1299,2025-06-11,East,Office Supplies,2,472.04,0.0,944.08,Female,50
1300,2025-04-10,South,Electronics,6,377.16,0.1,2036.664,Female,44
1301,2025-09-15,North,Clothing,2,253.58,0.05,481.802,Female,55
1302,2025-01-20,North,Electronics,5,84.81,0.15,360.4425,Male,31
1303,2025-12-15,East,Clothing,3,385.57,0.05,1098.8745,Male,39
1304,2025-05-29,North,Clothing,6,313.62,0.15,1599.462,Male,31
1305,2025-11-09,West,Electronics,10,42.12,0.05,400.14,Male,27
1306,2025-06-08,West,Electronics,9,434.43,0.0,3909.87,Female,38
1307,2025-03-28,East,Office Supplies,5,84.93,0.1,382.18500000000006,Male,22
1308,2025-04-02,East,Clothing,8,132.68,0.15,902.224,Male,25
1309,2025-10-19,West,Clothing,8,24.6,0.1,177.12,Male,46
1310,2025-07-07,East,Electronics,9,423.19,0.1,3427.839,Female,50
1311,2025-08-19,North,Furniture,5,439.32,0.0,2196.6,Male,27
1312,2025-02-23,West,Electronics,5,191.03,,955.15,Male,42
1313,2025-08-25,West,Electronics,2,177.72,0.15,302.12399999999997,Male,29
1314,2025-02-25,West,Office Supplies,7,385.27,0.05,2562.0454999999997,Male,38
1315,2025-06-25,North,Office Supplies,10,245.72,0.15,2088.62,Female,20
1316,2025-10-07,South,Office Supplies,3,474.52,0.05,1352.3819999999998,Male,56
1317,2025-07-14,West,Clothing,1,468.55,0.1,421.695,Male,21
1318,2025-04-19,East,Office Supplies,1,476.56,0.15,405.07599999999996,Male,23
1319,2025-03-14,East,Clothing,2,140.58,0.0,281.16,Female,51
1320,2025-04-20,North,Clothing,5,96.12,0.0,480.6,Female,66
1321,2025-06-02,West,Clothing,3,103.31,0.15,263.4405,Male,62
1322,2025-08-12,West,Electronics,6,456.74,,2740.44,Male,22
1323,2025-12-08,East,Electronics,10,310.17,0.1,2791.53,Male,47
1324,2025-03-17,West,Office Supplies,8,432.83,0.0,3462.64,Male,46
1325,2025-03-06,North,Electronics,8,321.26,,2570.08,Male,65
1326,2025-04-07,West,Furniture,7,349.74,0.05,2325.771,Female,31
1327,2025-04-08,East,Electronics,10,477.78,0.1,4300.0199999999995,Female,37
1328,2025-09-15,West,Clothing,2,351.16,0.15,596.972,Female,40
1329,2025-10-05,North,Furniture,7,263.97,0.1,1663.0110000000002,Female,45
1330,2025-07-11,West,Clothing,3,278.61,0.05,794.0385,Female,60
1331,2025-12-19,North,Electronics,7,318.88,,2232.16,Male,23
1332,2025-11-29,North,Clothing,1,310.05,0.15,263.5425,Male,58
1333,2025-08-16,East,Clothing,9,292.71,0.0,2634.39,Male,32
1334,2025-08-21,West,Electronics,9,193.63,0.05,1655.5365,Female,68
1335,2025-08-26,North,Office Supplies,7,454.46,0.15,2704.037,Male,50
1336,2025-05-26,East,Clothing,5,440.41,0.1,1981.8450000000003,Male,18
1337,2025-08-01,East,Office Supplies,1,12.69,0.05,12.055499999999999,Female,28
1338,2025-10-20,South,Clothing,7,124.71,0.15,742.0244999999999,Male,69
1339,2025-10-23,South,Clothing,7,68.79,0.15,409.3005,Female,51
1340,2025-03-23,North,Clothing,7,119.33,0.05,793.5444999999999,Female,53
1341,2025-03-23,North,Clothing,6,105.86,0.0,635.16,Male,58
1342,2025-10-31,North,Clothing,3,18.77,,56.31,Male,65
1343,2025-03-08,South,Furniture,8,319.06,0.1,2297.232,Male,37
1344,2025-04-10,East,Electronics,9,421.03,0.15,3220.8794999999996,Female,23
1345,2025-03-15,North,Electronics,1,321.0,,321.0,Female,56
1346,2025-03-04,South,Electronics,2,75.21,0.1,135.378,Male,49
1347,2025-07-05,North,Clothing,4,198.45,0.15,674.7299999999999,Male,49
1348,2025-11-17,West,Office Supplies,2,109.1,0.15,185.47,Female,69
1349,2025-03-24,North,Electronics,3,152.88,0.05,435.70799999999997,Female,40
1350,2025-09-05,South,Office Supplies,10,302.0,0.0,3020.0,Male,30
1351,2025-11-07,South,Furniture,1,270.3,,270.3,Female,25
1352,2025-04-22,North,Furniture,1,167.13,0.05,158.77349999999998,Female,35
1353,2025-09-04,East,Clothing,4,476.85,0.1,1716.66,Female,45
1354,2025-09-20,South,Furniture,7,461.56,0.1,2907.828,Female,43
1355,2025-02-22,East,Furniture,10,397.61,,3976.1000000000004,Male,64
1356,2025-09-07,East,Office Supplies,7,442.01,0.15,2629.9594999999995,Male,56
1357,2025-07-16,East,Electronics,7,103.86,0.1,654.318,Female,28
1358,2025-01-18,East,Office Supplies,9,130.27,0.15,996.5655,Female,19
1359,2025-02-28,South,Office Supplies,3,405.48,0.15,1033.974,Male,22
1360,2025-04-21,North,Electronics,6,189.12,0.1,1021.248,Female,62
1361,2025-01-06,East,Furniture,6,110.82,,664.92,Male,42
1362,2025-05-26,North,Office Supplies,10,110.03,0.05,1045.2849999999999,Male,54
1363,2025-11-27,East,Office Supplies,7,342.66,0.15,2038.8270000000002,Male,30
1364,2025-01-26,West,Electronics,8,251.83,0.1,1813.1760000000002,Male,46
1365,2025-03-29,South,Electronics,10,166.8,0.15,1417.8,Female,19
1366,2025-11-26,East,Furniture,10,494.04,0.15,4199.34,Female,20
1367,2025-10-01,North,Clothing,9,24.36,0.0,219.24,Male,69
1368,2025-08-01,West,Electronics,5,140.96,0.1,634.32,Female,49
1369,2025-11-10,West,Electronics,1,199.7,0.15,169.74499999999998,Female,57
1370,2025-02-22,South,Electronics,1,115.89,0.0,115.89,Female,62
1371,2025-08-12,East,Electronics,4,89.24,0.05,339.11199999999997,Male,34
1372,2025-01-23,North,Office Supplies,2,28.76,0.1,51.768,Female,62
1373,2025-11-10,South,Clothing,7,138.61,0.05,921.7565000000001,Male,26
1374,2025-06-13,West,Electronics,3,377.75,0.15,963.2624999999999,Male,54
1375,2025-09-02,West,Furniture,8,488.29,0.1,3515.688,Male,34
1376,2025-06-01,South,Electronics,2,179.74,0.05,341.50600000000003,Male,49
1377,2025-01-31,West,Clothing,4,11.5,0.05,43.699999999999996,Male,49
1378,2025-02-23,East,Office Supplies,6,108.29,,649.74,Female,59
1379,2025-03-20,South,Office Supplies,9,57.3,0.05,489.9149999999999,Female,46
1380,2025-11-14,South,Electronics,9,105.5,0.15,807.0749999999999,Female,45
1381,2025-03-26,North,Furniture,5,475.99,,2379.95,Female,24
1382,2025-02-26,South,Office Supplies,4,13.21,0.15,44.914,Male,48
1383,2025-12-05,North,Electronics,9,229.06,0.1,1855.386,Female,45
1384,2025-04-19,East,Electronics,3,201.48,0.15,513.7739999999999,Female,35
1385,2025-07-09,West,Furniture,2,29.32,0.15,49.844,Female,30
1386,2025-07-26,West,Clothing,3,299.05,,897.1500000000001,Male,61
1387,2025-01-26,North,Electronics,4,479.69,0.05,1822.822,Male,54
1388,2025-05-17,East,Furniture,4,37.59,0.0,150.36,Female,43
1389,2025-07-21,West,Furniture,2,113.84,0.1,204.912,Male,68
1390,2025-04-15,East,Electronics,6,320.27,,1921.62,Male,29
1391,2025-09-15,South,Furniture,10,241.0,0.1,2169.0,Female,61
1392,2025-02-05,South,Electronics,3,97.74,0.15,249.23699999999997,Female,45
1393,2025-06-21,,Furniture,1,92.87,0.1,83.58300000000001,Male,56
1394,2025-06-30,South,Clothing,8,293.66,0.15,1996.8880000000001,Male,20
1395,2025-01-09,South,Furniture,10,341.62,0.1,3074.58,Male,67
1396,2025-02-18,West,Clothing,2,155.78,0.1,280.404,Female,52
1397,2025-05-12,North,Office Supplies,8,130.5,0.15,887.4,Female,63
1398,2025-06-20,West,Electronics,9,388.39,,3495.5099999999998,Female,61
1399,2025-09-23,South,Furniture,1,78.21,0.15,66.4785,Female,49
1400,2025-01-16,East,Furniture,4,290.9,0.15,989.06,Male,30
1401,2025-07-13,West,Furniture,2,482.9,,965.8,Female,61
1402,2025-06-28,East,Office Supplies,6,198.56,0.15,1012.6560000000001,Male,20
1403,2025-10-24,North,Clothing,9,352.41,,3171.69,Female,54
1404,2025-06-27,West,Furniture,5,59.54,0.0,297.7,Female,61
1405,2025-03-18,South,Office Supplies,9,483.5,,4351.5,Female,36
1406,2025-02-03,South,Office Supplies,5,12.72,0.0,63.6,Male,21
1407,2025-09-08,North,Electronics,5,7.52,0.1,33.839999999999996,Female,26
1408,2025-06-29,South,Electronics,5,393.71,,1968.55,Female,27
1409,2025-04-11,East,Furniture,7,294.69,0.0,2062.83,Male,48
1410,2025-07-01,West,Clothing,4,406.8,0.15,1383.12,Male,34
1411,2025-06-04,West,Office Supplies,10,158.81,,1588.1,Male,61
1412,2025-04-13,South,Office Supplies,5,72.17,,360.85,Female,23
1413,2025-06-02,South,Clothing,10,463.92,0.15,3943.3199999999997,Female,24
1414,2025-03-12,East,Clothing,9,223.74,0.1,1812.294,Female,45
1415,2025-08-27,North,Electronics,7,480.92,0.15,2861.474,Female,23
1416,2025-03-13,East,Furniture,10,453.89,0.05,4311.954999999999,Female,21
1417,2025-07-21,West,Clothing,3,204.46,0.0,613.38,Male,23
1418,2025-01-29,East,Electronics,5,415.8,0.0,2079.0,Female,54
1419,2025-09-04,North,Furniture,6,432.84,0.0,2597.04,Male,53
1420,2025-09-11,East,Office Supplies,3,115.65,0.05,329.6025,Male,69
1421,2025-09-06,North,Electronics,10,345.45,0.0,3454.5,Male,56
1422,2025-03-03,North,Clothing,9,52.95,0.05,452.72249999999997,Male,50
1423,2025-08-16,East,Clothing,7,32.55,0.0,227.84999999999997,Female,29
1424,2025-05-01,West,Electronics,9,133.83,,1204.47,Female,27
1425,2025-11-22,South,Furniture,1,96.48,0.05,91.656,Female,48
1426,2025-05-29,West,Office Supplies,5,335.43,,1677.15,Female,43
1427,2025-07-17,South,Electronics,2,234.66,0.15,398.92199999999997,Female,47
1428,2025-03-03,East,Electronics,10,197.77,,1977.7,Female,20
1429,2025-07-01,East,Electronics,3,236.61,0.15,603.3555,Male,40
1430,2025-09-14,West,Electronics,9,109.34,,984.0600000000001,Male,59
1431,2025-03-19,East,Clothing,6,329.69,,1978.1399999999999,Male,35
1432,2025-12-04,West,Clothing,5,462.12,0.0,2310.6,Female,56
1433,2025-12-04,East,Furniture,3,290.14,,870.42,Female,55
1434,2025-10-25,North,Electronics,6,294.32,0.15,1501.032,Male,64
1435,2025-03-23,West,Clothing,4,52.79,0.0,211.16,Female,66
1436,2025-04-29,West,Clothing,4,57.19,0.05,217.32199999999997,Male,21
1437,2025-11-10,West,Office Supplies,5,61.66,0.0,308.29999999999995,Male,29
1438,2025-06-14,South,Furniture,2,350.87,0.15,596.479,Male,34
1439,2025-09-09,South,Furniture,8,341.03,0.05,2591.8279999999995,Female,70
1440,2025-09-28,North,Furniture,4,47.58,0.0,190.32,Male,69
1441,2025-03-13,North,Office Supplies,1,182.98,0.15,155.533,Male,61
1442,2025-11-25,West,Office Supplies,9,250.61,0.05,2142.7155000000002,Female,57
1443,2025-10-14,West,Clothing,3,401.79,0.15,1024.5645000000002,Male,54
1444,2025-02-10,North,Electronics,3,392.28,0.1,1059.156,Female,32
1445,2025-01-27,South,Office Supplies,10,272.57,0.0,2725.7,Female,42
1446,2025-12-27,East,Electronics,6,38.64,0.05,220.248,Male,51
1447,2025-11-09,North,Electronics,9,159.56,,1436.04,Female,34
1448,2025-12-01,East,Furniture,1,20.98,0.15,17.833,Female,66
1449,2025-01-31,North,Furniture,3,106.1,0.1,286.46999999999997,Female,22
1450,2025-10-16,East,Electronics,10,353.03,0.0,3530.2999999999997,Female,56
1451,2025-11-10,South,Office Supplies,2,444.32,0.15,755.3439999999999,Male,24
1452,2025-01-19,West,Clothing,8,256.26,0.1,1845.072,Female,68
1453,2025-04-27,South,Clothing,1,465.97,0.0,465.97,Male,53
1454,2025-09-04,South,Clothing,1,196.63,0.15,167.13549999999998,Female,53
1455,2025-03-12,East,Office Supplies,2,221.79,,443.58,Male,39
1456,2025-08-12,North,Furniture,1,122.89,0.0,122.89,Female,65
1457,2025-10-02,South,Electronics,10,27.66,0.0,276.6,Male,21
1458,2025-03-06,East,Office Supplies,8,94.39,0.0,755.12,Male,36
1459,2025-03-08,North,Electronics,10,201.92,0.0,2019.1999999999998,Female,52
1460,2025-04-16,South,Clothing,8,354.1,0.1,2549.5200000000004,Female,41
1461,2025-10-10,East,Office Supplies,5,435.14,0.05,2066.9149999999995,Male,21
1462,2025-06-27,West,Office Supplies,7,354.22,,2479.54,Male,31
1463,2025-03-12,South,Electronics,9,119.12,,1072.08,Female,64
1464,2025-03-14,West,Electronics,1,489.07,0.15,415.7095,Male,49
1465,2025-01-18,East,Electronics,5,142.59,0.15,606.0075,Male,35
1466,2025-11-09,West,Clothing,7,250.2,0.15,1488.6899999999998,Male,32
1467,2025-04-16,North,Office Supplies,7,96.29,0.15,572.9255,Male,52
1468,2025-06-28,East,Furniture,1,455.48,0.1,409.932,Male,39
1469,2025-11-15,North,Clothing,7,433.54,0.0,3034.78,Female,52
1470,2025-08-26,,Furniture,7,288.44,,2019.08,Female,47
1471,2025-05-02,East,Electronics,3,454.32,0.1,1226.664,Male,67
1472,2025-10-05,North,Office Supplies,5,172.08,0.15,731.34,Female,35
1473,2025-12-04,North,Electronics,5,392.3,,1961.5,Female,54
1474,2025-12-05,West,Clothing,6,418.82,0.05,2387.274,Male,46
1475,2025-01-05,West,Furniture,8,23.32,0.1,167.904,Female,21
1476,2025-10-24,East,Electronics,2,141.84,,283.68,Female,29
1477,2025-05-13,South,Furniture,5,133.47,0.15,567.2475000000001,Male,27
1478,2025-11-13,South,Clothing,1,120.17,0.0,120.17,Female,20
1479,2025-10-11,East,Electronics,4,35.1,0.1,126.36000000000001,Female,52
1480,2025-01-23,North,Clothing,10,121.17,0.0,1211.7,Male,50
1481,2025-02-09,East,Clothing,4,106.0,,424.0,Male,59
1482,2025-08-07,East,Office Supplies,5,75.82,0.1,341.19,Female,59
1483,2025-07-11,North,Furniture,8,471.53,0.1,3395.016,Female,20
1484,2025-05-29,North,Furniture,3,456.38,0.0,1369.1399999999999,Female,50
1485,2025-09-18,West,Electronics,10,357.86,0.05,3399.67,Male,42
1486,2025-11-29,West,Electronics,2,477.81,0.05,907.8389999999999,Male,56
1487,2025-08-30,East,Furniture,9,262.57,0.1,2126.817,Female,33
1488,2025-06-18,South,Clothing,4,400.51,0.1,1441.836,Female,65
1489,2025-03-01,East,Electronics,4,225.28,0.15,765.952,Female,53
1490,2025-09-16,South,Clothing,2,457.74,0.15,778.158,Female,32
1491,2025-10-19,West,Furniture,3,463.23,0.05,1320.2055,Female,68
1492,2025-05-27,West,Clothing,6,160.35,0.0,962.0999999999999,Male,54
1493,2025-09-11,North,Furniture,4,450.44,0.15,1531.4959999999999,Male,44
1494,2025-05-15,North,Furniture,9,357.13,0.15,2732.0445,Male,45
1495,2025-01-13,West,Clothing,3,495.02,0.05,1410.8069999999998,Female,26
1496,2025-07-25,North,Office Supplies,9,124.51,0.1,1008.5310000000002,Female,55
1497,2025-11-08,North,Office Supplies,10,58.35,0.0,583.5,Female,44
1498,2025-11-19,East,Clothing,8,371.65,0.15,2527.22,Male,64
1499,2025-04-04,North,Furniture,10,458.59,,4585.9,Male,55
1500,2025-10-31,West,Office Supplies,6,338.58,0.15,1726.758,Female,29
1501,2025-09-18,South,Office Supplies,10,143.25,0.0,1432.5,Female,39
1502,2025-01-25,West,Office Supplies,10,261.25,,2612.5,Female,42
1503,2025-06-13,South,Clothing,3,476.99,0.0,1430.97,Female,54
1504,2025-11-12,South,Electronics,6,54.24,0.1,292.896,Female,35
1505,2025-09-07,East,Office Supplies,8,115.7,0.05,879.3199999999999,Male,32
1506,2025-12-08,South,Electronics,5,74.8,0.05,355.3,Male,52
1507,2025-10-03,,Furniture,4,8.3,0.0,33.2,Female,54
1508,2025-08-07,East,Electronics,8,262.84,0.15,1787.3119999999997,Male,46
1509,2025-08-10,East,Electronics,8,135.21,0.05,1027.596,Female,69
1510,2025-02-10,South,Office Supplies,4,365.04,0.1,1314.144,Female,47
1511,2025-11-19,East,Electronics,9,337.68,0.0,3039.12,Female,24
1512,2025-12-28,North,Electronics,9,162.18,,1459.6200000000001,Male,26
1513,2025-10-28,South,Office Supplies,7,436.7,0.05,2904.055,Female,27
1514,2025-09-06,South,Furniture,3,368.11,0.1,993.8969999999999,Male,51
1515,2025-04-20,South,Furniture,1,219.99,0.15,186.9915,Male,44
1516,2025-12-19,South,Office Supplies,5,308.62,,1543.1,Female,51
1517,2025-12-03,East,Clothing,3,439.56,0.05,1252.746,Female,68
1518,2025-11-19,West,Office Supplies,7,300.93,,2106.51,Male,32
1519,2025-02-27,East,Furniture,5,212.7,0.15,903.975,Female,25
1520,2025-04-01,East,Clothing,8,478.38,0.0,3827.04,Male,67
1521,2025-09-05,North,Office Supplies,8,302.52,0.05,2299.1519999999996,Female,50
1522,2025-04-21,East,Office Supplies,7,35.1,0.1,221.13000000000002,Female,43
1523,2025-08-15,East,Clothing,7,202.35,0.0,1416.45,Male,39
1524,2025-11-22,South,Furniture,1,157.71,0.15,134.0535,Male,67
1525,2025-11-17,East,Furniture,2,474.2,,948.4,Male,64
1526,2025-01-11,East,Electronics,7,49.68,0.1,312.984,Male,51
1527,2025-04-18,West,Furniture,6,270.06,0.05,1539.342,Female,69
1528,2025-03-24,South,Electronics,6,169.09,0.05,963.8129999999999,Male,19
1529,2025-09-27,North,Furniture,2,253.24,0.15,430.508,Female,37
1530,2025-01-13,North,Office Supplies,4,317.62,0.05,1206.956,Male,70
1531,2025-07-13,North,Electronics,7,69.94,0.1,440.622,Male,50
1532,2025-12-27,South,Electronics,7,14.98,,104.86,Female,30
1533,2025-11-07,North,Office Supplies,5,393.46,0.15,1672.205,Female,47
1534,2025-04-14,West,Clothing,2,135.81,,271.62,Female,45
1535,2025-02-17,East,Clothing,4,483.61,,1934.44,Female,62
1536,2025-10-01,West,Clothing,9,126.08,0.0,1134.72,Female,66
1537,2025-10-07,North,Clothing,2,228.87,,457.74,Male,46
1538,2025-07-09,East,Furniture,8,283.76,0.1,2043.072,Male,24
1539,2025-10-15,South,Electronics,3,107.8,0.15,274.89,Male,43
1540,2025-11-12,South,Electronics,8,264.09,,2112.72,Female,34
1541,2025-07-30,North,Office Supplies,5,371.55,0.05,1764.8625,Female,18
1542,2025-05-18,West,Office Supplies,4,378.74,0.15,1287.716,Male,38
1543,2025-08-25,North,Clothing,8,259.64,0.0,2077.12,Male,42
1544,2025-03-07,South,Furniture,1,85.24,0.0,85.24,Female,25
1545,2025-01-20,West,Furniture,7,250.12,,1750.8400000000001,Female,43
1546,2025-01-05,East,Office Supplies,5,63.2,0.1,284.40000000000003,Female,54
1547,2025-11-29,South,Office Supplies,3,75.05,,225.14999999999998,Female,48
1548,2025-08-25,South,Clothing,4,468.42,0.05,1779.9959999999999,Male,38
1549,2025-08-02,North,Office Supplies,3,79.42,0.0,238.26,Male,30
1550,2025-12-22,North,Electronics,2,271.18,0.1,488.124,Female,56
1551,2025-03-22,South,Office Supplies,2,178.47,,356.94,Male,30
1552,2025-05-21,East,Office Supplies,5,411.27,0.15,1747.8974999999998,Female,34
1553,2025-10-15,North,Furniture,9,322.59,0.05,2758.1445,Male,64
1554,2025-04-21,North,Furniture,5,93.27,,466.34999999999997,Female,39
1555,2025-10-22,West,Furniture,10,304.36,,3043.6000000000004,Male,18
1556,2025-04-29,South,Furniture,4,50.21,,200.84,Male,48
1557,2025-01-01,South,Clothing,6,43.5,0.0,261.0,Female,60
1558,2025-08-30,South,Clothing,6,154.77,0.0,928.6200000000001,Female,67
1559,2025-07-17,,Electronics,8,180.72,,1445.76,Male,28
1560,2025-11-21,West,Clothing,5,357.12,0.15,1517.76,Female,61
1561,2025-03-03,South,Electronics,9,450.38,0.1,3648.078,Female,47
1562,2025-12-10,South,Clothing,6,365.6,0.05,2083.92,Female,29
1563,2025-01-06,South,Electronics,4,223.83,,895.32,Female,39
1564,2025-02-18,North,Office Supplies,6,458.32,,2749.92,Male,59
1565,2025-05-21,East,Electronics,8,202.16,0.1,1455.552,Male,63
1566,2025-08-30,South,Clothing,10,317.96,0.15,2702.66,Male,20
1567,2025-07-09,South,Furniture,1,308.4,0.05,292.97999999999996,Male,44
1568,2025-03-03,East,Electronics,1,224.47,0.0,224.47,Female,30
1569,2025-12-02,East,Furniture,10,370.04,0.1,3330.36,Female,51
1570,2025-01-08,North,Furniture,7,211.11,0.0,1477.77,Male,64
1571,2025-05-17,East,Furniture,2,90.43,0.0,180.86,Female,29
1572,2025-11-22,East,Electronics,1,159.03,,159.03,Female,47
1573,2025-10-18,North,Electronics,2,285.26,0.15,484.94199999999995,Male,29
1574,2025-02-14,South,Electronics,3,162.16,0.0,486.48,Male,58
1575,2025-07-11,East,Furniture,8,45.23,0.05,343.74799999999993,Male,37
1576,2025-01-28,East,Furniture,7,354.43,0.05,2356.9595,Female,44
1577,2025-04-26,South,Office Supplies,4,140.04,0.05,532.1519999999999,Female,62
1578,2025-08-14,East,Office Supplies,5,50.74,0.1,228.33,Female,58
1579,2025-12-18,West,Furniture,3,23.18,,69.53999999999999,Male,62
1580,2025-08-11,South,Office Supplies,6,324.77,0.1,1753.758,Female,23
1581,2025-09-20,East,Electronics,4,132.82,0.15,451.58799999999997,Male,51
1582,2025-12-04,East,Office Supplies,3,240.23,0.15,612.5864999999999,Female,60
1583,2025-10-29,East,Electronics,1,164.57,0.0,164.57,Male,44
1584,2025-09-01,South,Office Supplies,6,171.65,0.0,1029.9,Female,28
1585,2025-08-28,West,Clothing,9,97.15,0.0,874.35,Female,64
1586,2025-07-24,East,Office Supplies,8,417.88,0.1,3008.736,Female,61
1587,2025-07-25,North,Clothing,5,24.86,0.05,118.085,Female,67
1588,2025-05-18,South,Furniture,10,203.37,0.0,2033.7,Female,56
1589,2025-12-24,South,Furniture,9,103.24,,929.16,Female,68
1590,2025-01-28,East,Clothing,2,158.09,0.05,300.371,Female,28
1591,2025-08-24,South,Office Supplies,1,331.01,0.05,314.4595,Female,23
1592,2025-04-05,North,Furniture,4,429.59,0.15,1460.6059999999998,Male,61
1593,2025-10-12,East,Electronics,6,7.45,0.05,42.465,Female,53
1594,2025-12-18,West,Clothing,7,350.9,0.15,2087.8549999999996,Male,66
1595,2025-02-19,West,Office Supplies,7,68.61,0.05,456.25649999999996,Female,70
1596,2025-12-12,North,Office Supplies,7,300.48,,2103.36,Female,60
1597,2025-10-28,South,Furniture,1,114.74,,114.74,Female,41
1598,2025-06-24,West,Electronics,9,412.5,,3712.5,Male,26
1599,2025-09-13,West,Electronics,4,26.9,0.1,96.84,Female,42
1600,2025-12-01,East,Clothing,3,215.73,0.1,582.471,Female,20
1601,2025-05-14,North,Clothing,7,93.86,0.15,558.467,Male,40
1602,2025-12-18,North,Furniture,2,329.65,0.15,560.405,Female,26
1603,2025-10-22,North,Clothing,9,195.08,0.15,1492.362,Female,45
1604,2025-01-28,West,Office Supplies,5,215.37,0.0,1076.85,Female,63
1605,2025-06-21,South,Clothing,9,486.03,0.0,4374.2699999999995,Female,61
1606,2025-02-10,East,Furniture,3,8.44,,25.32,Female,45
1607,2025-01-25,West,Clothing,8,144.45,0.0,1155.6,Female,21
1608,2025-11-03,East,Electronics,6,129.9,0.1,701.4600000000002,Female,29
1609,2025-05-31,East,Office Supplies,6,211.44,0.15,1078.3439999999998,Male,56
1610,2025-02-27,West,Furniture,6,367.29,,2203.7400000000002,Male,23
1611,2025-10-01,West,Clothing,2,67.4,0.05,128.06,Female,40
1612,2025-08-23,West,Electronics,10,125.83,,1258.3,Male,38
1613,2025-07-10,West,Electronics,1,77.64,0.0,77.64,Female,58
1614,2025-06-04,East,Electronics,7,203.37,0.05,1352.4105000000002,Female,25
1615,2025-04-09,South,Electronics,10,134.18,0.1,1207.6200000000001,Female,54
1616,2025-08-31,East,Furniture,4,381.56,0.15,1297.304,Female,50
1617,2025-12-10,East,Office Supplies,1,304.29,0.05,289.07550000000003,Male,44
1618,2025-04-17,East,Office Supplies,1,392.12,0.05,372.514,Female,56
1619,2025-11-22,North,Office Supplies,6,53.09,0.05,302.613,Male,22
1620,2025-11-10,West,Clothing,5,365.44,,1827.2,Female,52
1621,2025-07-19,East,Office Supplies,8,465.29,0.0,3722.32,Female,40
1622,2025-08-16,South,Furniture,3,233.66,0.15,595.833,Female,34
1623,2025-07-26,North,Clothing,1,332.05,,332.05,Female,23
1624,2025-04-17,East,Clothing,9,187.75,0.1,1520.775,Female,19
1625,2025-03-21,East,Clothing,10,294.54,,2945.4,Female,66
1626,2025-01-12,South,Clothing,5,280.44,0.15,1191.8700000000001,Male,42
1627,2025-11-07,South,Electronics,2,53.01,0.05,100.719,Female,29
1628,2025-03-23,South,Clothing,7,277.28,0.1,1746.8639999999998,Female,38
1629,2025-07-05,West,Furniture,2,333.8,0.1,600.84,Female,49
1630,2025-08-26,South,Furniture,5,413.94,0.15,1759.245,Female,36
1631,2025-01-02,South,Electronics,9,415.78,0.15,3180.7169999999996,Female,55
1632,2025-12-01,South,Electronics,7,487.25,0.15,2899.1375,Male,26
1633,2025-11-09,West,Electronics,10,254.16,0.0,2541.6,Female,57
1634,2025-05-08,North,Office Supplies,3,286.81,0.15,731.3655,Male,65
1635,2025-11-04,South,Clothing,7,278.27,0.05,1850.4954999999998,Female,64
1636,2025-05-03,East,Furniture,3,238.72,0.05,680.352,Female,22
1637,2025-01-16,South,Clothing,4,290.91,0.15,989.094,Male,68
1638,2025-04-01,East,Furniture,8,252.61,0.0,2020.88,Male,47
1639,2025-02-05,West,Clothing,1,375.56,0.15,319.226,Male,68
1640,2025-08-02,North,Electronics,5,442.26,,2211.3,Female,48
1641,2025-01-31,East,Clothing,5,406.77,0.0,2033.85,Female,45
1642,2025-03-05,North,Furniture,2,77.26,0.1,139.068,Female,44
1643,2025-12-03,West,Furniture,6,75.27,0.05,429.039,Female,24
1644,2025-06-18,South,Office Supplies,2,231.83,0.15,394.111,Female,36
1645,2025-12-19,East,Office Supplies,8,168.68,0.15,1147.0240000000001,Male,66
1646,2025-03-13,South,Office Supplies,3,263.28,0.0,789.8399999999999,Female,63
1647,2025-05-30,East,Clothing,5,472.67,0.05,2245.1825,Female,61
1648,2025-05-31,South,Office Supplies,3,373.15,0.05,1063.4774999999997,Female,34
1649,2025-11-23,East,Furniture,4,18.86,0.05,71.66799999999999,Male,34
1650,2025-07-06,West,Clothing,9,374.0,,3366.0,Male,40
1651,2025-11-26,East,Office Supplies,3,295.63,,886.89,Female,49
1652,2025-11-28,South,Clothing,3,436.04,0.15,1111.902,Female,18
1653,2025-12-09,South,Furniture,2,174.47,0.1,314.046,Male,35
1654,2025-11-08,West,Clothing,2,326.75,0.1,588.15,Male,65
1655,2025-09-26,North,Clothing,4,371.98,0.1,1339.1280000000002,Male,39
1656,2025-09-17,North,Electronics,2,139.38,,278.76,Female,54
1657,2025-09-25,South,Furniture,4,126.12,0.05,479.256,Female,29
1658,2025-01-21,North,Furniture,10,136.55,0.1,1228.95,Male,26
1659,2025-09-25,South,Clothing,5,35.13,0.05,166.8675,Female,24
1660,2025-10-02,South,Clothing,1,162.83,0.0,162.83,Male,46
1661,2025-02-12,South,Clothing,8,102.71,,821.68,Female,54
1662,2025-01-05,West,Furniture,10,217.73,0.0,2177.2999999999997,Female,18
1663,2025-05-09,South,Office Supplies,7,302.67,0.15,1800.8865,Female,50
1664,2025-05-26,South,Office Supplies,5,135.78,,678.9,Female,61
1665,2025-10-15,North,Furniture,9,157.86,0.15,1207.6290000000001,Female,18
1666,2025-06-13,South,Electronics,9,237.9,0.05,2034.0449999999998,Female,61
1667,2025-06-05,East,Furniture,2,463.02,0.15,787.1339999999999,Male,67
1668,2025-02-25,East,Office Supplies,4,110.54,,442.16,Female,24
1669,2025-12-17,South,Office Supplies,5,464.14,0.05,2204.6649999999995,Male,30
1670,2025-07-22,South,Office Supplies,3,426.92,,1280.76,Female,59
1671,2025-11-01,South,Office Supplies,7,390.98,0.1,2463.174,Female,37
1672,2025-07-09,East,Clothing,3,156.59,0.1,422.793,Female,45
1673,2025-10-16,West,Electronics,7,382.53,0.0,2677.71,Female,40
1674,2025-11-27,North,Furniture,3,487.62,0.1,1316.574,Male,60
1675,2025-05-12,East,Clothing,5,417.11,0.0,2085.55,Female,38
1676,2025-10-13,West,Office Supplies,9,370.81,0.05,3170.4255,Male,22
1677,2025-05-05,West,Electronics,3,166.11,0.15,423.58050000000003,Female,62
1678,2025-12-28,West,Electronics,8,128.67,,1029.36,Male,21
1679,2025-11-24,West,Office Supplies,6,141.64,0.1,764.856,Male,48
1680,2025-03-10,South,Furniture,2,165.65,0.15,281.605,Female,54
1681,2025-04-13,East,Office Supplies,9,48.56,0.05,415.188,Female,62
1682,2025-01-12,East,Office Supplies,3,387.19,0.0,1161.57,Female,65
1683,2025-04-20,West,Office Supplies,3,164.03,0.05,467.4855,Female,30
1684,2025-12-13,South,Electronics,5,131.4,0.0,657.0,Female,45
1685,2025-07-22,North,Office Supplies,8,400.06,,3200.48,Male,54
1686,2025-08-12,West,Office Supplies,1,480.1,0.1,432.09000000000003,Female,58
1687,2025-02-04,North,Furniture,2,284.83,,569.66,Male,54
1688,2025-08-28,North,Clothing,10,326.84,0.05,3104.9799999999996,Female,47
1689,2025-08-20,South,Office Supplies,3,326.97,0.0,980.9100000000001,Female,51
1690,2025-12-21,East,Electronics,7,445.25,0.15,2649.2374999999997,Female,19
1691,2025-01-05,East,Furniture,4,164.58,0.05,625.404,Female,52
1692,2025-08-23,East,Furniture,4,386.11,,1544.44,Male,67
1693,2025-03-17,North,Electronics,4,157.7,0.0,630.8,Male,52
1694,2025-06-28,South,Furniture,2,167.09,0.1,300.762,Male,37
1695,2025-03-25,South,Office Supplies,7,495.55,0.05,3295.4075,Male,26
1696,2025-08-14,North,Clothing,2,417.91,0.15,710.447,Male,42
1697,2025-01-26,South,electrnics,8,222.08,0.05,1687.808,Male,23
1698,2025-03-31,North,Furniture,9,457.08,,4113.72,Male,25
1699,2025-09-08,West,Furniture,10,182.4,0.1,1641.6000000000001,Male,23
1700,2025-09-17,North,Clothing,6,241.6,,1449.6,Male,18
1701,2025-07-14,East,Office Supplies,7,203.15,0.0,1422.05,Female,22
1702,2025-08-11,West,Clothing,5,118.53,0.0,592.65,Male,35
1703,2025-11-28,South,Electronics,6,27.46,0.05,156.522,Male,51
1704,2025-03-21,North,Furniture,3,349.06,0.0,1047.18,Female,41
1705,2025-11-13,South,Furniture,7,412.51,0.15,2454.4345,Male,65
1706,2025-12-09,South,Electronics,3,185.71,0.0,557.13,Female,31
1707,2025-06-06,East,Electronics,7,314.53,0.1,1981.539,Male,39
1708,2025-01-15,West,Electronics,8,21.94,0.05,166.744,Female,66
1709,2025-11-03,North,Office Supplies,9,89.02,0.0,801.18,Male,23
1710,2025-08-03,West,Clothing,2,60.64,0.15,103.088,Female,26
1711,2025-11-05,East,Furniture,1,159.16,0.15,135.286,Female,60
1712,2025-10-04,West,Clothing,6,478.67,0.0,2872.02,Male,26
1713,2025-04-23,South,Electronics,9,69.25,0.05,592.0875,Male,63
1714,2025-07-26,South,Furniture,5,444.02,0.0,2220.1,Female,29
1715,2025-12-04,,Furniture,5,167.67,0.15,712.5974999999999,Female,45
1716,2025-07-11,West,Electronics,3,291.79,0.0,875.3700000000001,Male,29
1717,2025-01-08,South,Clothing,3,319.14,0.05,909.5489999999999,Female,18
1718,2025-10-20,South,Clothing,8,244.5,0.1,1760.4,Female,31
1719,2025-08-21,North,Office Supplies,10,135.09,0.15,1148.265,Female,39
1720,2025-04-06,West,Electronics,5,173.79,0.15,738.6075,Female,66
1721,2025-09-23,West,Electronics,5,36.24,0.1,163.08,Male,24
1722,2025-04-27,East,Furniture,8,415.89,0.0,3327.12,Female,37
1723,2025-08-20,South,Clothing,7,278.88,0.0,1952.1599999999999,Male,27
1724,2025-12-15,East,Furniture,4,389.08,0.05,1478.504,Male,69
1725,2025-09-30,South,Office Supplies,6,272.03,,1632.1799999999998,Male,24
1726,2025-12-15,South,Furniture,3,319.28,,957.8399999999999,Female,30
1727,2025-05-23,East,Clothing,1,479.73,0.15,407.7705,Female,48
1728,2025-08-28,North,Electronics,6,72.38,0.1,390.852,Female,63
1729,2025-10-12,North,Electronics,5,108.33,,541.65,Female,26
1730,2025-03-15,West,Furniture,8,412.11,0.05,3132.036,Female,43
1731,2025-10-30,North,Furniture,4,128.04,0.1,460.94399999999996,Female,26
1732,2025-07-25,South,Furniture,2,364.36,,728.72,Female,27
1733,2025-12-11,North,Office Supplies,5,381.49,0.0,1907.45,Male,67
1734,2025-11-18,East,Electronics,10,238.2,0.15,2024.7,Female,27
1735,2025-02-06,West,Office Supplies,6,438.24,0.0,2629.44,Male,58
1736,2025-08-27,East,Furniture,7,294.56,0.15,1752.632,Male,23
1737,2025-11-05,West,Clothing,10,433.22,0.05,4115.59,Female,21
1738,2025-11-23,East,Office Supplies,2,433.26,0.1,779.868,Female,44
1739,2025-12-08,North,Electronics,5,491.63,0.0,2458.15,Female,33
1740,2025-10-27,East,Electronics,8,114.59,0.15,779.212,Female,53
1741,2025-11-07,West,Electronics,10,191.03,,1910.3,Male,55
1742,2025-11-26,South,Office Supplies,2,289.93,0.0,579.86,Female,70
1743,2025-07-21,West,Electronics,1,176.92,0.15,150.38199999999998,Female,70
1744,2025-11-18,South,Furniture,7,336.19,0.0,2353.33,Male,58
1745,2025-06-18,North,Clothing,2,149.68,0.15,254.45600000000002,Female,40
1746,2025-12-16,East,Clothing,6,179.43,0.05,1022.7509999999999,Male,38
1747,2025-08-23,South,Office Supplies,5,385.46,0.05,1830.935,Female,66
1748,2025-06-28,East,Office Supplies,3,423.14,0.0,1269.42,Male,38
1749,2025-06-06,West,Office Supplies,2,457.51,0.0,915.02,Female,58
1750,2025-04-06,East,Office Supplies,7,105.06,0.15,625.1070000000001,Female,41
1751,2025-03-23,South,Office Supplies,3,164.77,0.0,494.31000000000006,Female,66
1752,2025-10-14,North,Furniture,9,93.06,,837.54,Male,23
1753,2025-12-31,East,Furniture,10,457.78,0.15,3891.129999999999,Female,52
1754,2025-07-01,North,Office Supplies,7,70.85,0.15,421.55749999999995,Male,38
1755,2025-04-26,South,Office Supplies,8,413.94,0.05,3145.944,Male,49
1756,2025-04-25,West,Furniture,4,126.45,0.05,480.51,Male,18
1757,2025-06-01,West,Clothing,4,482.47,,1929.88,Female,53
1758,2025-10-10,West,Clothing,10,100.16,0.05,951.5199999999999,Female,63
1759,2025-07-06,South,Office Supplies,5,218.5,0.1,983.25,Female,22
1760,2025-12-21,South,Electronics,3,164.22,0.05,468.02699999999993,Female,52
1761,2025-06-10,South,Office Supplies,2,404.59,,809.18,Male,47
1762,2025-05-18,West,Clothing,10,419.12,0.15,3562.5199999999995,Female,22
1763,2025-03-29,North,Office Supplies,1,282.18,,282.18,Female,63
1764,2025-03-17,East,Office Supplies,2,342.59,0.0,685.18,Male,63
1765,2025-11-03,West,Furniture,8,218.26,0.05,1658.7759999999998,Female,37
1766,2025-10-03,West,Furniture,5,168.61,,843.0500000000001,Female,18
1767,2025-11-09,North,Electronics,1,357.5,0.1,321.75,Male,51
1768,2025-07-31,South,Furniture,3,367.62,0.05,1047.717,Male,59
1769,2025-09-11,West,Clothing,2,169.24,0.0,338.48,Female,42
1770,2025-12-23,South,Electronics,8,73.56,0.1,529.6320000000001,Female,40
1771,2025-04-01,North,Furniture,7,440.14,0.15,2618.833,Female,43
1772,2025-04-13,East,Clothing,4,178.84,0.0,715.36,Male,51
1773,2025-05-12,North,Office Supplies,1,440.25,0.0,440.25,Male,28
1774,2025-01-01,West,Office Supplies,9,11.23,0.1,90.96300000000001,Male,69
1775,2025-10-18,South,Furniture,10,190.54,0.0,1905.3999999999999,Female,29
1776,2025-10-02,South,Office Supplies,4,488.01,0.0,1952.04,Male,46
1777,2025-12-28,North,Electronics,3,256.13,0.15,653.1315,Male,69
1778,2025-06-09,South,Electronics,5,58.35,0.05,277.16249999999997,Female,30
1779,2025-11-05,West,Clothing,3,498.68,0.1,1346.436,Female,25
1780,2025-12-09,East,Furniture,9,37.4,0.05,319.7699999999999,Male,70
1781,2025-09-09,East,Electronics,4,398.06,0.0,1592.24,Female,69
1782,2025-12-04,North,Office Supplies,10,53.9,,539.0,Female,66
1783,2025-10-07,West,Furniture,4,144.87,0.05,550.506,Female,58
1784,2025-08-07,West,Electronics,7,220.39,0.0,1542.73,Female,24
1785,2025-06-14,East,Clothing,9,244.63,0.15,1871.4195,Female,67
1786,2025-12-17,South,Electronics,1,266.14,0.0,266.14,Female,55
1787,2025-10-20,North,Electronics,9,90.81,0.1,735.561,Male,37
1788,2025-07-17,North,Clothing,4,179.12,,716.48,Male,50
1789,2025-07-09,West,Furniture,1,455.78,0.0,455.78,Male,63
1790,2025-06-13,South,Electronics,2,358.45,0.15,609.365,Male,42
1791,2025-04-16,South,Office Supplies,2,462.53,0.0,925.06,Male,42
1792,2025-04-27,North,Furniture,6,459.2,0.15,2341.9199999999996,Male,56
1793,2025-05-07,East,Furniture,10,335.92,0.15,2855.32,Female,44
1794,2025-12-20,West,Office Supplies,1,210.86,0.15,179.231,Male,70
1795,2025-09-07,North,Clothing,5,302.06,0.15,1283.7549999999999,Male,60
1796,2025-12-20,North,Furniture,4,39.91,0.0,159.64,Female,22
1797,2025-04-04,West,Office Supplies,9,167.05,0.1,1353.105,Female,36
1798,2025-10-19,West,Furniture,5,58.7,0.0,293.5,Male,53
1799,2025-09-12,,Clothing,4,67.92,0.0,271.68,Male,25
1800,2025-04-28,North,Electronics,1,417.38,0.05,396.51099999999997,Male,45
1801,2025-11-12,West,Electronics,6,221.86,0.05,1264.602,Male,67
1802,2025-04-18,South,Office Supplies,6,26.66,0.0,159.96,Female,29
1803,2025-06-29,West,Clothing,8,104.32,0.0,834.56,Male,36
1804,2025-09-16,East,Clothing,2,116.49,0.05,221.331,Male,46
1805,2025-02-05,South,Furniture,4,302.82,0.1,1090.152,Female,21
1806,2025-02-27,North,Furniture,2,207.91,,415.82,Female,41
1807,2025-01-20,North,Clothing,3,451.25,0.05,1286.0625,Male,54
1808,2025-01-30,South,Electronics,7,385.5,0.0,2698.5,Male,19
1809,2025-11-29,East,Clothing,8,468.92,0.15,3188.656,Female,65
1810,2025-05-02,West,Clothing,8,308.24,0.1,2219.328,Male,47
1811,2025-10-02,South,Clothing,6,115.8,0.1,625.3199999999999,Female,28
1812,2025-07-08,South,Electronics,1,218.71,0.1,196.839,Female,44
1813,2025-12-30,South,Office Supplies,9,426.58,0.15,3263.3369999999995,Male,43
1814,2025-08-04,West,Clothing,7,232.99,0.15,1386.2905,Female,41
1815,2025-06-22,South,Furniture,6,334.36,0.05,1905.852,Male,63
1816,2025-04-08,East,Clothing,10,101.33,,1013.3,Female,41
1817,2025-11-26,West,Electronics,5,110.69,0.05,525.7775,Female,37
1818,2025-11-16,East,Furniture,7,30.19,0.05,200.7635,Female,51
1819,2025-08-10,South,Clothing,3,471.88,0.0,1415.6399999999999,Male,35
1820,2025-12-15,South,Furniture,10,385.77,0.15,3279.0449999999996,Female,38
1821,2025-08-28,West,Office Supplies,4,434.67,0.05,1651.746,Male,61
1822,2025-02-19,North,Office Supplies,2,47.45,0.0,94.9,Male,38
1823,2025-07-02,East,Electronics,4,373.07,0.05,1417.666,Female,57
1824,2025-06-11,West,Office Supplies,10,452.73,0.15,3848.205,Male,36
1825,2025-06-05,South,Furniture,2,402.16,0.05,764.104,Female,25
1826,2025-09-30,West,Office Supplies,10,207.79,,2077.9,Male,25
1827,2025-12-06,North,Furniture,3,455.05,0.0,1365.15,Female,48
1828,2025-07-14,East,Clothing,8,89.38,0.0,715.04,Male,46
1829,2025-01-11,East,Office Supplies,8,473.57,,3788.56,Male,41
1830,2025-02-05,West,Furniture,3,71.8,0.1,193.85999999999999,Male,68
1831,2025-12-09,East,Electronics,4,480.98,0.1,1731.528,Female,56
1832,2025-09-11,West,Furniture,1,312.82,,312.82,Female,34
1833,2025-04-09,North,Clothing,9,143.72,,1293.48,Female,28
1834,2025-01-27,West,Clothing,4,351.75,0.1,1266.3,Female,20
1835,2025-05-20,North,Furniture,8,331.41,0.1,2386.152,Male,65
1836,2025-10-21,West,Clothing,1,154.84,0.05,147.09799999999998,Female,20
1837,2025-12-22,East,Clothing,5,349.94,0.1,1574.73,Female,63
1838,2025-06-25,South,Clothing,3,471.74,0.1,1273.698,Female,35
1839,2025-02-12,East,Electronics,8,459.79,0.0,3678.32,Male,69
1840,2025-03-07,East,Electronics,2,125.27,0.05,238.01299999999998,Male,54
1841,2025-05-02,North,Office Supplies,2,432.53,0.0,865.06,Male,27
1842,2025-10-26,,Electronics,8,317.35,0.1,2284.92,Male,63
1843,2025-03-13,South,Electronics,4,459.41,0.0,1837.64,Male,18
1844,2025-08-10,West,Office Supplies,4,109.06,0.0,436.24,Male,48
1845,2025-04-12,West,Office Supplies,8,304.7,0.05,2315.72,Male,46
1846,2025-04-05,South,Office Supplies,9,8.13,0.05,69.5115,Male,52
1847,2025-10-22,South,Furniture,4,351.48,0.0,1405.92,Female,66
1848,2025-04-27,East,Clothing,3,200.36,,601.08,Female,31
1849,2025-08-07,North,Office Supplies,5,413.11,0.05,1962.2725,Female,66
1850,2025-03-24,East,Electronics,2,35.5,0.15,60.35,Female,23
1851,2025-12-12,East,Office Supplies,8,10.94,0.0,87.52,Male,54
1852,2025-05-15,East,Clothing,6,228.14,0.15,1163.514,Female,66
1853,2025-09-08,South,Furniture,6,275.23,0.05,1568.811,Male,62
1854,2025-06-30,East,Clothing,7,235.15,0.15,1399.1425,Female,47
1855,2025-08-20,West,Electronics,3,75.33,0.15,192.0915,Male,68
1856,2025-06-12,West,Office Supplies,7,494.93,0.05,3291.2845,Male,45
1857,2025-12-05,South,Electronics,3,79.76,0.05,227.31600000000003,Male,43
1858,2025-08-30,North,Clothing,3,139.09,0.05,396.40649999999994,Female,28
1859,2025-06-05,West,Clothing,9,142.45,0.05,1217.9475,Female,45
1860,2025-03-23,East,Electronics,8,484.7,0.0,3877.6,Male,38
1861,2025-12-28,South,Clothing,8,305.87,0.05,2324.612,Male,44
1862,2025-09-09,East,Office Supplies,1,478.64,0.05,454.70799999999997,Female,57
1863,2025-03-04,East,Office Supplies,10,69.07,0.1,621.63,Male,41
1864,2025-10-17,East,Clothing,8,36.25,0.15,246.5,Male,31
1865,2025-06-17,West,Office Supplies,4,455.52,0.1,1639.872,Female,54
1866,2025-06-19,South,Furniture,4,451.42,0.1,1625.112,Male,49
1867,2025-10-16,North,Clothing,8,445.83,0.1,3209.976,Male,57
1868,2025-06-14,East,Electronics,2,266.97,0.15,453.84900000000005,Female,42
1869,2025-04-09,North,Clothing,5,357.39,0.1,1608.2549999999999,Male,32
1870,2025-11-21,West,Furniture,1,166.97,,166.97,Female,38
1871,2025-09-06,South,Furniture,6,304.36,,1826.16,Male,36
1872,2025-02-01,East,Furniture,4,264.13,,1056.52,Female,45
1873,2025-12-25,South,Office Supplies,1,152.6,0.05,144.97,Male,19
1874,2025-11-30,South,Clothing,7,43.96,0.15,261.562,Female,53
1875,2025-03-22,North,Office Supplies,10,224.85,0.1,2023.65,Female,35
1876,2025-04-12,South,Office Supplies,10,229.4,0.05,2179.2999999999997,Male,25
1877,2025-01-27,South,Office Supplies,6,278.52,0.1,1504.008,Female,53
1878,2025-01-14,South,Office Supplies,7,324.93,0.15,1933.3335000000002,Male,59
1879,2025-05-25,North,Electronics,6,284.98,,1709.88,Male,49
1880,2025-02-02,South,Furniture,2,74.26,0.0,148.52,Male,66
1881,2025-07-04,East,Electronics,6,172.39,0.15,879.1889999999999,Female,43
1882,2025-10-07,South,Electronics,1,264.72,0.15,225.01200000000003,Male,46
1883,2025-03-23,South,Furniture,2,382.57,0.1,688.626,Male,59
1884,2025-12-16,West,Electronics,9,16.99,0.05,145.2645,Male,32
1885,2025-04-30,East,Office Supplies,3,477.44,0.05,1360.704,Female,66
1886,2025-11-21,West,Electronics,7,14.53,0.1,91.539,Female,53
1887,2025-02-04,South,Furniture,1,104.06,0.0,104.06,Female,18
1888,2025-06-28,South,Clothing,2,292.88,0.1,527.184,Male,27
1889,2025-10-02,East,Office Supplies,1,458.02,,458.02,Female,50
1890,2025-07-18,East,Office Supplies,3,418.24,,1254.72,Male,38
1891,2025-05-14,West,Electronics,7,63.99,0.1,403.137,Female,56
1892,2025-11-30,South,Electronics,9,386.16,0.05,3301.668,Male,42
1893,2025-02-24,East,Furniture,4,104.07,,416.28,Female,41
1894,2025-08-26,East,Furniture,1,325.68,0.05,309.396,Male,37
1895,2025-01-07,South,Clothing,4,415.65,0.1,1496.34,Female,64
1896,2025-06-17,South,Clothing,8,492.19,,3937.52,Female,53
1897,2025-11-02,North,Electronics,5,398.53,0.05,1893.0174999999997,Male,19
1898,2025-11-14,North,Office Supplies,1,429.3,0.1,386.37,Female,42
1899,2025-10-18,South,Furniture,3,53.13,0.1,143.45100000000002,Female,65
1900,2025-07-10,East,Electronics,2,143.59,0.0,287.18,Male,37
1901,2025-03-14,North,Electronics,5,231.18,0.05,1098.105,Female,29
1902,2025-01-08,West,Office Supplies,2,47.62,0.05,90.478,Female,19
1903,2025-12-26,South,Electronics,10,242.46,0.05,2303.37,Female,61
1904,2025-07-13,West,Clothing,1,23.39,0.15,19.8815,Male,18
1905,2025-10-23,East,Clothing,1,330.02,0.1,297.018,Male,69
1906,2025-05-17,South,Clothing,1,337.27,0.05,320.4065,Male,59
1907,2025-01-23,West,Furniture,10,418.52,0.15,3557.4199999999996,Male,36
1908,2025-07-06,West,Furniture,2,301.03,0.15,511.7509999999999,Female,60
1909,2025-07-10,East,electrnics,9,272.68,0.1,2208.708,Male,55
1910,2025-07-25,East,Furniture,6,236.4,0.1,1276.5600000000002,Female,61
1911,2025-10-05,North,Office Supplies,7,183.36,0.15,1090.992,Male,39
1912,2025-07-03,South,Electronics,8,228.13,,1825.04,Female,50
1913,2025-11-17,South,Furniture,3,301.4,,904.1999999999999,Male,70
1914,2025-12-21,North,Electronics,7,45.46,0.15,270.487,Male,54
1915,2025-01-03,South,Office Supplies,5,467.58,0.05,2221.005,Female,25
1916,2025-06-16,West,Furniture,6,276.48,0.15,1410.048,Female,65
1917,2025-07-28,South,Furniture,2,116.78,0.15,198.526,Male,68
1918,2025-09-16,East,Furniture,2,250.13,0.0,500.26,Female,37
1919,2025-04-18,North,Electronics,9,320.93,0.05,2743.9514999999997,Male,36
1920,2025-03-03,North,Office Supplies,4,96.93,0.0,387.72,Female,25
1921,2025-08-05,East,Office Supplies,6,332.48,0.0,1994.88,Female,41
1922,2025-04-17,West,Electronics,5,217.12,,1085.6,Female,20
1923,2025-09-13,West,Clothing,6,178.99,0.1,966.546,Male,45
1924,2025-12-19,West,Electronics,10,312.01,0.1,2808.09,Female,20
1925,2025-09-07,North,Electronics,2,240.06,,480.12,Male,64
1926,2025-11-20,South,Clothing,2,230.07,0.1,414.126,Male,38
1927,2025-06-08,South,Clothing,9,389.7,0.15,2981.2049999999995,Male,18
1928,2025-12-17,West,Electronics,3,298.75,0.0,896.25,Male,47
1929,2025-05-21,North,Office Supplies,10,197.15,,1971.5,Male,62
1930,2025-09-22,East,Furniture,8,91.09,0.15,619.412,Male,36
1931,2025-11-04,North,Furniture,6,216.23,0.05,1232.5109999999997,Female,49
1932,2025-05-08,West,electrnics,1,196.72,0.05,186.884,Female,29
1933,2025-04-25,West,Furniture,6,433.45,,2600.7,Female,69
1934,2025-12-25,South,Electronics,2,55.26,0.05,104.99399999999999,Female,49
1935,2025-07-07,East,Electronics,7,15.17,,106.19,Female,48
1936,2025-01-18,North,Electronics,5,220.96,0.15,939.0799999999999,Male,34
1937,2025-12-07,South,Furniture,6,239.94,,1439.6399999999999,Male,19
1938,2025-03-24,West,Office Supplies,2,287.36,0.05,545.984,Female,48
1939,2025-02-04,North,Furniture,3,293.15,0.0,879.4499999999999,Male,27
1940,2025-06-03,North,Office Supplies,3,374.59,0.15,955.2044999999999,Male,50
1941,2025-01-07,North,Office Supplies,2,264.66,0.1,476.38800000000003,Male,38
1942,2025-05-05,West,Clothing,8,401.61,0.05,3052.236,Female,31
1943,2025-02-20,North,Furniture,3,196.99,,590.97,Male,50
1944,2025-03-16,South,Furniture,2,241.46,0.0,482.92,Female,58
1945,2025-07-05,North,Clothing,4,414.85,0.15,1410.49,Male,38
1946,2025-07-22,West,Clothing,1,100.34,0.1,90.30600000000001,Male,65
1947,2025-03-07,West,Furniture,8,309.37,,2474.96,Male,56
1948,2025-09-24,West,Electronics,5,251.08,0.0,1255.4,Female,22
1949,2025-10-15,North,Office Supplies,2,353.71,0.05,672.049,Female,43
1950,2025-05-24,East,Office Supplies,8,326.83,0.1,2353.176,Female,48
1951,2025-09-19,South,Clothing,8,196.12,,1568.96,Female,23
1952,2025-12-21,North,Office Supplies,8,487.74,,3901.92,Female,35
1953,2025-05-28,East,Furniture,10,259.19,0.1,2332.71,Male,40
1954,2025-06-06,West,Office Supplies,4,413.74,,1654.96,Female,56
1955,2025-08-06,East,Furniture,4,385.32,0.05,1464.216,Female,63
1956,2025-10-05,South,Electronics,9,163.97,0.15,1254.3705,Female,58
1957,2025-05-07,South,Clothing,4,301.07,0.1,1083.852,Female,33
1958,2025-07-20,West,Office Supplies,8,359.94,,2879.52,Male,34
1959,2025-11-07,West,Electronics,2,130.01,0.15,221.01699999999997,Male,30
1960,2025-05-11,East,Clothing,8,230.11,,1840.88,Male,35
1961,2025-01-27,North,Clothing,7,315.92,0.15,1879.724,Female,42
1962,2025-06-10,East,Electronics,2,74.17,0.0,148.34,Male,22
1963,2025-05-23,South,Electronics,2,276.5,0.1,497.7,Female,31
1964,2025-01-21,East,Office Supplies,10,34.64,0.0,346.4,Female,45
1965,2025-05-04,East,Office Supplies,4,114.12,,456.48,Male,27
1966,2025-01-12,South,Clothing,9,294.14,0.05,2514.8969999999995,Male,52
1967,2025-11-12,East,Clothing,1,477.46,0.0,477.46,Male,24
1968,2025-05-07,South,Furniture,7,114.38,0.15,680.5609999999999,Male,35
1969,2025-02-24,West,Clothing,1,123.19,0.1,110.871,Female,31
1970,2025-04-29,West,Clothing,2,424.4,0.15,721.4799999999999,Male,65
1971,2025-07-16,East,Furniture,10,376.59,0.0,3765.8999999999996,Female,45
1972,2025-09-26,West,Clothing,6,164.43,0.15,838.593,Male,41
1973,2025-03-15,South,Clothing,2,302.47,0.15,514.1990000000001,Male,31
1974,2025-06-10,East,Furniture,6,205.53,0.05,1171.521,Female,56
1975,2025-08-29,South,Electronics,1,344.81,,344.81,Female,63
1976,2025-01-12,West,Electronics,7,287.97,0.1,1814.2110000000002,Female,45
1977,2025-08-17,East,Furniture,7,49.28,0.1,310.46400000000006,Female,41
1978,2025-05-14,South,Electronics,8,83.26,0.05,632.776,Female,41
1979,2025-01-25,North,Electronics,4,49.54,0.05,188.25199999999998,Female,23
1980,2025-09-26,South,Clothing,5,229.28,0.1,1031.7600000000002,Female,29
1981,2025-04-28,North,Furniture,7,159.24,,1114.68,Male,57
1982,2025-01-27,East,Clothing,10,329.04,0.05,3125.88,Female,28
1983,2025-05-01,North,Electronics,1,404.83,0.05,384.58849999999995,Male,35
1984,2025-04-02,East,Furniture,9,66.45,0.15,508.34250000000003,Male,52
1985,2025-04-06,South,Office Supplies,4,394.52,0.1,1420.272,Male,50
1986,2025-09-16,North,Clothing,1,199.93,0.05,189.9335,Male,26
1987,2025-05-04,East,Clothing,10,417.97,,4179.700000000001,Male,47
1988,2025-03-31,North,Electronics,2,358.15,0.05,680.4849999999999,Female,26
1989,2025-01-01,West,Clothing,5,233.08,0.15,990.59,Female,59
1990,2025-09-24,West,Office Supplies,6,394.26,,2365.56,Female,28
1991,2025-09-15,South,Electronics,8,67.49,0.0,539.92,Female,37
1992,2025-03-01,West,Office Supplies,10,452.56,0.15,3846.76,Female,19
1993,2025-06-11,South,Clothing,8,103.36,0.0,826.88,Male,46
1994,2025-10-30,West,Furniture,3,326.29,0.1,880.9830000000002,Male,19
1995,2025-04-27,West,Clothing,8,130.2,0.15,885.3599999999999,Female,31
1996,2025-08-26,South,Furniture,3,210.82,0.0,632.46,Male,36
1997,2025-07-11,West,Electronics,1,178.52,0.15,151.74200000000002,Female,40
1998,2025-09-20,North,Office Supplies,9,241.17,0.15,1844.9504999999997,Female,30
1999,2025-06-08,South,Office Supplies,9,87.14,0.0,784.26,Male,19
2000,2025-09-18,North,Clothing,4,317.18,0.1,1141.848,Female,39
2001,2025-11-10,East,Office Supplies,8,176.73,0.1,1272.456,Male,69
2002,2025-09-22,West,Clothing,10,66.03,0.15,561.255,Male,60
2003,2025-10-08,West,Office Supplies,10,255.44,0.05,2426.68,Female,64
2004,2025-11-22,North,Clothing,5,76.26,0.05,362.235,Female,43
2005,2025-04-23,South,Furniture,1,26.79,0.0,26.79,Female,54
2006,2025-04-10,West,Office Supplies,7,400.74,0.05,2664.9210000000003,Male,18
2007,2025-02-03,West,Electronics,3,430.13,0.1,1161.3509999999999,Male,47
2008,2025-03-26,East,Office Supplies,8,61.55,0.15,418.53999999999996,Female,34
2009,2025-10-23,East,Furniture,9,276.22,0.1,2237.3820000000005,Female,69
2010,2025-11-01,West,Clothing,4,116.97,0.0,467.88,Female,39
2011,2025-09-18,North,Office Supplies,5,251.94,0.15,1070.7450000000001,Female,24
2012,2025-03-17,South,Clothing,9,115.69,0.05,989.1495,Male,24
2013,2025-12-24,West,Clothing,9,255.39,0.15,1953.7334999999998,Female,37
2014,2025-02-11,North,Office Supplies,4,85.41,0.15,290.394,Male,45
2015,2025-07-27,North,Office Supplies,7,81.25,0.15,483.4375,Female,25
2016,2025-06-07,West,Furniture,4,245.83,0.15,835.822,Female,45
2017,2025-05-01,East,Furniture,5,125.4,0.05,595.65,Female,55
2018,2025-07-12,North,Furniture,2,54.83,0.0,109.66,Female,49
2019,2025-02-17,West,Furniture,3,495.96,0.0,1487.8799999999999,Male,26
2020,2025-05-30,North,Electronics,6,340.98,0.1,1841.2920000000001,Male,37
2021,2025-06-19,North,Electronics,2,24.28,,48.56,Male,70
2022,2025-04-09,North,Office Supplies,3,449.04,0.15,1145.0520000000001,Female,57
2023,2025-09-27,South,Electronics,2,416.74,0.1,750.1320000000001,Female,56
2024,2025-05-14,North,Clothing,3,323.51,,970.53,Male,62
2025,2025-05-26,South,Clothing,1,199.73,0.1,179.757,Female,40
2026,2025-09-18,West,Furniture,5,150.36,0.15,639.0300000000001,Female,60
2027,2025-06-17,South,Electronics,4,124.14,0.05,471.73199999999997,Male,21
2028,2025-10-28,South,Furniture,2,78.1,0.15,132.76999999999998,Male,36
2029,2025-06-20,West,Clothing,6,291.74,0.15,1487.874,Male,59
2030,2025-12-09,South,Clothing,9,366.04,0.1,2964.924,Male,41
2031,2025-03-22,North,Electronics,7,99.79,0.0,698.5300000000001,Female,42
2032,2025-04-06,East,Clothing,8,234.43,0.15,1594.124,Male,70
2033,2025-06-17,South,Electronics,7,330.91,,2316.3700000000003,Male,34
2034,2025-08-01,South,Electronics,2,246.01,0.1,442.818,Male,33
2035,2025-09-20,South,Furniture,10,250.2,0.1,2251.8,Female,20
2036,2025-01-05,East,Office Supplies,6,357.13,,2142.7799999999997,Male,24
2037,2025-09-05,East,Office Supplies,9,104.85,0.05,896.4675,Female,51
2038,2025-10-30,West,Electronics,10,463.66,0.05,4404.77,Female,64
2039,2025-10-30,North,Office Supplies,9,148.65,0.15,1137.1725000000001,Female,19
2040,2025-07-28,West,Clothing,10,315.39,0.0,3153.8999999999996,Female,56
2041,2025-10-20,South,Clothing,4,461.93,,1847.72,Female,37
2042,2025-11-30,East,Clothing,1,409.28,,409.28,Female,18
2043,2025-09-29,South,Clothing,4,25.07,0.15,85.238,Male,45
2044,2025-01-25,West,Electronics,2,402.18,0.1,723.924,Female,67
2045,2025-11-04,South,Office Supplies,1,250.83,,250.83,Male,33
2046,2025-07-19,South,Electronics,9,364.23,0.05,3114.1665,Female,23
2047,2025-06-18,North,Furniture,4,473.56,0.0,1894.24,Female,28
2048,2025-12-03,South,Clothing,5,337.55,0.15,1434.5874999999999,Male,64
2049,2025-03-25,East,Electronics,6,53.31,0.1,287.874,Male,27
2050,2025-03-04,East,Furniture,1,477.02,0.0,477.02,Male,66
2051,2025-08-20,West,Electronics,6,65.11,,390.65999999999997,Female,60
2052,2025-11-11,North,Office Supplies,5,393.82,0.1,1772.19,Male,42
2053,2025-04-07,North,Electronics,9,472.75,0.0,4254.75,Male,27
2054,2025-06-25,South,Clothing,3,263.43,,790.29,Female,19
2055,2025-06-24,North,Clothing,7,397.37,0.15,2364.3515,Male,28
2056,2025-04-08,North,Furniture,10,320.56,,3205.6,Female,53
2057,2025-08-23,South,electrnics,7,164.5,0.1,1036.3500000000001,Male,46
2058,2025-04-07,East,Office Supplies,1,287.61,0.0,287.61,Female,65
2059,2025-01-04,South,Electronics,6,431.69,0.0,2590.14,Male,55
2060,2025-03-11,East,Electronics,8,249.7,,1997.6,Male,68
2061,2025-11-23,West,Office Supplies,6,126.79,,760.74,Male,24
2062,2025-01-29,East,Clothing,5,334.09,0.05,1586.9274999999998,Male,35
2063,2025-06-24,East,Electronics,7,490.75,,3435.25,Female,37
2064,2025-06-03,East,Furniture,7,16.25,0.1,102.375,Male,26
2065,2025-09-26,East,Electronics,10,301.78,0.0,3017.7999999999997,Male,34
2066,2025-06-20,South,Electronics,6,444.76,0.05,2535.1319999999996,Male,21
2067,2025-05-22,North,Office Supplies,5,421.53,,2107.6499999999996,Female,24
2068,2025-07-26,North,Office Supplies,1,159.39,0.15,135.48149999999998,Female,65
2069,2025-01-27,North,Electronics,3,39.03,,117.09,Female,20
2070,2025-08-29,East,Furniture,6,205.96,0.0,1235.76,Male,23
2071,2025-06-21,North,Electronics,3,96.64,,289.92,Female,31
2072,2025-12-29,South,Clothing,3,88.84,,266.52,Male,61
2073,2025-09-25,West,Furniture,5,290.46,0.05,1379.685,Male,45
2074,2025-04-19,East,Office Supplies,10,335.11,0.05,3183.545,Male,43
2075,2025-10-30,East,Furniture,7,455.82,0.1,2871.6659999999997,Male,63
2076,2025-08-04,North,Electronics,5,325.93,0.15,1385.2025,Female,55
2077,2025-04-08,South,Electronics,5,347.19,,1735.95,Male,26
2078,2025-12-31,North,Electronics,1,119.27,0.05,113.30649999999999,Female,26
2079,2025-04-22,North,Furniture,5,479.9,,2399.5,Male,62
2080,2025-01-08,West,Furniture,7,57.94,0.05,385.301,Male,64
2081,2025-11-28,West,Clothing,2,435.06,0.1,783.1080000000001,Female,46
2082,2025-12-06,South,Clothing,4,429.59,0.05,1632.4419999999998,Female,30
2083,2025-12-07,West,Electronics,4,247.51,0.1,891.036,Female,18
2084,2025-08-10,West,Office Supplies,8,83.51,0.0,668.08,Male,44
2085,2025-02-26,South,Clothing,5,74.65,0.1,335.925,Male,48
2086,2025-09-29,East,Furniture,2,295.31,0.1,531.558,Female,30
2087,2025-12-19,East,Furniture,5,420.54,0.15,1787.295,Female,32
2088,2025-08-13,West,Clothing,3,13.49,0.05,38.4465,Male,53
2089,2025-09-18,East,Electronics,3,59.36,0.1,160.272,Female,60
2090,2025-09-22,North,Electronics,5,374.47,0.0,1872.3500000000001,Male,36
2091,2025-05-10,South,Clothing,4,380.08,,1520.32,Male,27
2092,2025-01-11,West,Office Supplies,6,385.4,,2312.3999999999996,Male,48
2093,2025-04-10,West,Office Supplies,3,58.69,0.1,158.463,Female,55
2094,2025-04-13,East,Electronics,7,336.57,,2355.99,Female,48
2095,2025-11-16,North,Office Supplies,4,445.68,0.1,1604.448,Female,48
2096,2025-05-04,West,Electronics,9,170.05,0.05,1453.9275,Male,24
2097,2025-10-17,South,Clothing,3,119.5,0.0,358.5,Female,52
2098,2025-02-07,West,Furniture,2,342.08,,684.16,Male,65
2099,2025-04-20,East,Electronics,4,188.58,0.0,754.32,Female,25
2100,2025-05-24,North,electrnics,10,445.45,0.05,4231.775,Male,57
2101,2025-03-02,South,Electronics,2,403.68,,807.36,Female,62
2102,2025-05-22,West,Furniture,9,87.68,0.0,789.1200000000001,Female,39
2103,2025-02-21,East,Electronics,2,254.33,0.05,483.227,Female,62
2104,2025-06-28,South,Electronics,6,377.9,,2267.3999999999996,Male,58
2105,2025-10-20,South,Furniture,1,335.31,0.05,318.54449999999997,Male,65
2106,2025-01-24,South,Furniture,3,101.95,0.05,290.5575,Female,47
2107,2025-02-01,North,Electronics,8,116.68,0.05,886.768,Male,41
2108,2025-11-18,South,Electronics,5,418.2,0.15,1777.35,Male,48
2109,2025-07-13,South,Clothing,1,89.83,0.0,89.83,Male,23
2110,2025-03-22,North,Clothing,4,41.24,0.15,140.216,Male,62
2111,2025-03-27,East,Clothing,5,358.28,,1791.3999999999999,Male,56
2112,2025-09-30,West,Furniture,10,111.72,0.15,949.62,Female,35
2113,2025-06-11,South,Clothing,5,305.11,0.0,1525.5500000000002,Female,42
2114,2025-10-02,North,Furniture,8,463.99,,3711.92,Male,32
2115,2025-12-25,West,Clothing,9,475.03,0.0,4275.2699999999995,Male,21
2116,2025-09-23,South,Furniture,3,271.82,0.05,774.687,Male,50
2117,2025-11-07,North,Office Supplies,9,442.79,0.05,3785.8545,Male,34
2118,2025-05-14,North,Clothing,6,276.71,0.05,1577.2469999999996,Female,31
2119,2025-03-13,South,Clothing,4,350.89,0.0,1403.56,Male,45
2120,2025-11-21,West,Furniture,9,44.68,0.1,361.908,Female,39
2121,2025-01-16,North,Electronics,1,383.91,0.0,383.91,Male,38
2122,2025-03-26,West,Electronics,10,45.13,0.05,428.735,Female,68
2123,2025-10-03,North,Furniture,6,33.34,,200.04000000000002,Female,38
2124,2025-07-14,East,Office Supplies,2,398.37,,796.74,Female,28
2125,2025-02-13,West,Office Supplies,9,407.32,,3665.88,Female,51
2126,2025-02-09,North,Office Supplies,3,91.98,0.1,248.346,Female,48
2127,2025-01-21,North,Electronics,9,220.17,0.0,1981.53,Male,60
2128,2025-05-14,North,Office Supplies,4,192.06,0.1,691.416,Female,51
2129,2025-03-18,South,Clothing,7,191.97,0.0,1343.79,Male,69
2130,2025-05-18,East,Electronics,9,117.78,0.1,954.018,Female,37
2131,2025-03-29,North,Clothing,10,190.79,0.0,1907.8999999999999,Male,44
2132,2025-04-17,West,Office Supplies,4,208.04,,832.16,Male,67
2133,2025-11-16,North,Office Supplies,9,96.46,0.0,868.14,Male,25
2134,2025-07-20,North,Office Supplies,5,418.27,0.0,2091.35,Female,59
2135,2025-04-01,South,Furniture,9,474.48,0.15,3629.7719999999995,Female,63
2136,2025-04-07,East,Furniture,9,325.63,0.15,2491.0695,Male,61
2137,2025-02-03,East,Furniture,3,349.84,,1049.52,Female,44
2138,2025-06-02,South,Office Supplies,3,15.25,0.15,38.887499999999996,Female,31
2139,2025-02-23,North,Clothing,5,480.58,0.1,2162.61,Male,70
2140,2025-07-19,South,Office Supplies,5,473.0,0.15,2010.25,Female,66
2141,2025-05-29,East,Office Supplies,1,97.36,0.05,92.49199999999999,Male,36
2142,2025-04-09,West,Office Supplies,1,335.99,0.15,285.5915,Female,68
2143,2025-05-24,North,Furniture,5,258.93,,1294.65,Male,41
2144,2025-05-04,South,Office Supplies,9,350.22,,3151.9800000000005,Female,64
2145,2025-03-10,East,Electronics,8,307.0,0.0,2456.0,Female,61
2146,2025-11-24,South,Furniture,1,496.6,0.1,446.94000000000005,Male,31
2147,2025-07-01,East,Electronics,4,415.12,0.1,1494.432,Female,64
2148,2025-04-24,North,Clothing,3,403.94,0.0,1211.82,Female,64
2149,2025-03-05,South,Electronics,9,28.92,0.05,247.26600000000002,Male,49
2150,2025-04-21,South,Electronics,3,205.47,0.1,554.769,Female,20
2151,2025-02-09,West,Office Supplies,2,459.47,,918.94,Female,24
2152,2025-08-25,North,Electronics,9,429.9,,3869.1,Male,31
2153,2025-01-14,West,Electronics,1,295.11,0.1,265.59900000000005,Male,56
2154,2025-09-26,East,Clothing,1,125.97,0.15,107.0745,Female,34
2155,2025-05-26,North,Furniture,10,64.25,0.15,546.125,Female,41
2156,2025-11-09,North,Office Supplies,6,71.29,0.0,427.74,Male,69
2157,2025-03-05,East,Electronics,9,321.45,,2893.0499999999997,Female,32
2158,2025-04-29,North,Furniture,7,267.29,0.1,1683.9270000000001,Female,30
2159,2025-03-29,South,Electronics,3,471.09,,1413.27,Male,46
2160,2025-05-21,North,Office Supplies,6,172.16,0.0,1032.96,Male,62
2161,2025-05-31,North,Office Supplies,3,262.24,0.15,668.712,Male,67
2162,2025-06-22,West,Clothing,4,248.73,0.15,845.6819999999999,Male,51
2163,2025-12-22,West,Electronics,2,62.67,0.05,119.073,Male,30
2164,2025-01-29,West,Clothing,9,443.04,0.1,3588.6240000000003,Male,70
2165,2025-01-14,North,Office Supplies,7,81.23,0.15,483.3185,Male,24
2166,2025-03-31,East,Electronics,4,130.74,0.1,470.66400000000004,Female,50
2167,2025-10-09,West,Clothing,3,220.94,0.0,662.8199999999999,Female,66
2168,2025-10-15,East,Office Supplies,3,312.48,,937.44,Male,25
2169,2025-05-04,West,Furniture,5,448.7,0.0,2243.5,Female,37
2170,2025-05-02,South,Clothing,8,432.1,,3456.8,Male,31
2171,2025-04-30,North,Electronics,6,309.18,0.0,1855.08,Female,46
2172,2025-12-20,East,Electronics,1,304.81,0.0,304.81,Female,36
2173,2025-10-21,,Furniture,3,467.81,0.15,1192.9155,Female,66
2174,2025-11-03,West,Office Supplies,10,313.77,0.15,2667.0449999999996,Female,23
2175,2025-09-25,West,Furniture,5,76.86,0.1,345.87,Male,39
2176,2025-10-17,East,Furniture,2,150.73,,301.46,Male,30
2177,2025-02-25,East,Furniture,3,420.4,0.05,1198.1399999999999,Female,43
2178,2025-10-16,West,Electronics,9,480.51,0.0,4324.59,Female,27
2179,2025-07-23,North,Clothing,2,231.3,0.15,393.21000000000004,Male,65
2180,2025-04-21,South,Office Supplies,5,283.02,0.05,1344.3449999999998,Female,59
2181,2025-05-05,North,Office Supplies,9,73.57,,662.1299999999999,Male,40
2182,2025-07-28,West,Office Supplies,2,490.89,,981.78,Male,53
2183,2025-03-17,South,Clothing,7,297.3,0.1,1872.99,Female,23
2184,2025-10-09,West,Electronics,7,288.59,0.1,1818.117,Male,18
2185,2025-10-15,South,Furniture,8,405.33,0.0,3242.64,Female,54
2186,2025-06-22,East,Clothing,2,129.71,0.05,246.449,Male,33
2187,2025-10-28,North,Electronics,5,425.63,0.1,1915.335,Male,48
2188,2025-04-25,West,Clothing,1,8.22,,8.22,Female,22
2189,2025-01-29,South,Electronics,2,417.69,0.15,710.073,Male,60
2190,2025-04-09,North,Electronics,10,170.75,0.0,1707.5,Female,51
2191,2025-01-29,East,Electronics,10,325.9,0.0,3259.0,Female,21
2192,2025-08-21,South,Clothing,7,387.96,,2715.72,Female,58
2193,2025-03-15,East,Office Supplies,1,366.34,0.05,348.02299999999997,Male,49
2194,2025-08-14,South,Electronics,8,301.42,0.15,2049.656,Female,26
2195,2025-07-26,South,Office Supplies,7,337.34,,2361.3799999999997,Male,53
2196,2025-02-17,West,Electronics,8,363.87,0.15,2474.316,Male,54
2197,2025-12-25,North,Clothing,10,38.06,0.1,342.54,Female,22
2198,2025-04-10,North,Furniture,4,105.32,0.05,400.21599999999995,Female,40
2199,2025-03-29,North,Clothing,4,175.65,0.15,597.21,Male,47
2200,2025-01-06,North,Electronics,4,425.53,0.05,1617.014,Male,18
2201,2025-07-14,South,Office Supplies,2,113.34,0.15,192.678,Male,47
2202,2025-09-11,West,Electronics,9,288.85,0.1,2339.685,Male,31
2203,2025-08-18,East,Office Supplies,2,446.24,,892.48,Female,55
2204,2025-01-26,North,Furniture,3,432.96,0.1,1168.992,Female,36
2205,2025-09-19,West,Office Supplies,1,486.67,0.0,486.67,Female,21
2206,2025-05-02,North,Clothing,8,106.42,0.1,766.224,Female,52
2207,2025-02-25,,electrnics,3,453.0,0.15,1155.1499999999999,Male,18
2208,2025-03-24,South,Electronics,2,439.7,,879.4,Male,34
2209,2025-09-23,East,Clothing,7,89.95,,629.65,Female,32
2210,2025-08-07,South,Electronics,4,437.99,,1751.96,Male,52
2211,2025-12-15,South,Clothing,6,207.17,0.1,1118.718,Male,49
2212,2025-12-26,West,Electronics,10,274.58,0.15,2333.93,Female,48
2213,2025-12-25,South,Clothing,1,204.32,0.15,173.672,Male,68
2214,2025-01-08,South,Electronics,6,383.45,0.15,1955.5949999999998,Male,29
2215,2025-04-25,North,Clothing,6,167.31,0.05,953.6669999999999,Female,18
2216,2025-06-21,East,Clothing,9,494.49,0.0,4450.41,Male,64
2217,2025-02-07,North,Furniture,9,327.39,0.05,2799.1845,Female,54
2218,2025-07-23,East,Furniture,8,378.71,0.0,3029.68,Female,57
2219,2025-11-08,North,Furniture,9,147.96,,1331.64,Male,20
2220,2025-06-19,West,Office Supplies,1,475.94,0.05,452.143,Female,59
2221,2025-03-08,North,Electronics,5,441.83,0.1,1988.2350000000001,Female,40
2222,2025-08-20,West,Electronics,9,256.23,0.0,2306.07,Female,29
2223,2025-05-01,West,Furniture,9,203.82,0.15,1559.223,Male,19
2224,2025-11-12,North,Clothing,8,141.08,0.0,1128.64,Female,57
2225,2025-09-30,West,Clothing,8,195.31,0.05,1484.356,Male,26
2226,2025-06-13,North,Office Supplies,9,290.52,0.15,2222.4779999999996,Male,43
2227,2025-11-26,East,Electronics,3,342.76,0.05,976.8659999999999,Female,19
2228,2025-12-06,West,Office Supplies,6,379.01,0.15,1932.9509999999998,Female,54
2229,2025-01-20,East,Furniture,1,338.14,0.05,321.23299999999995,Female,41
2230,2025-05-18,West,Clothing,5,95.37,,476.85,Female,30
2231,2025-03-13,East,Furniture,6,414.1,,2484.6000000000004,Male,58
2232,2025-03-10,West,Furniture,9,370.98,0.1,3004.938,Male,52
2233,2025-10-21,East,Electronics,2,173.39,0.05,329.441,Female,29
2234,2025-09-30,South,Office Supplies,6,362.6,0.15,1849.2600000000002,Female,28
2235,2025-10-22,South,Furniture,3,204.81,,614.4300000000001,Female,51
2236,2025-11-08,North,Clothing,6,55.6,,333.6,Female,41
2237,2025-01-14,East,Electronics,8,261.87,0.15,1780.716,Female,66
2238,2025-09-07,North,Furniture,5,413.31,0.05,1963.2225,Female,58
2239,2025-11-16,North,Electronics,2,439.49,,878.98,Female,56
2240,2025-09-05,East,Furniture,3,28.21,,84.63,Female,68
2241,2025-01-20,West,Office Supplies,2,420.09,0.05,798.1709999999999,Male,38
2242,2025-05-31,South,Electronics,8,58.22,0.1,419.184,Male,64
2243,2025-03-30,West,Clothing,6,311.59,0.05,1776.0629999999999,Male,33
2244,2025-08-07,North,Office Supplies,8,426.52,0.0,3412.16,Male,62
2245,2025-11-26,North,Office Supplies,2,145.32,0.0,290.64,Male,47
2246,2025-07-16,West,Electronics,10,266.96,0.0,2669.6,Male,66
2247,2025-09-02,South,Office Supplies,1,139.48,0.05,132.50599999999997,Female,28
2248,2025-03-12,West,Electronics,6,280.92,0.15,1432.692,Female,67
2249,2025-10-26,West,Office Supplies,9,210.68,0.15,1611.702,Female,28
2250,2025-03-12,East,Office Supplies,8,354.52,,2836.16,Female,64
2251,2025-10-29,East,Furniture,7,482.45,0.1,3039.435,Male,37
2252,2025-11-11,East,Electronics,2,483.98,0.15,822.766,Male,18
2253,2025-01-21,East,Furniture,1,82.19,0.1,73.971,Male,22
2254,2025-05-02,East,Office Supplies,3,323.11,0.0,969.33,Male,31
2255,2025-01-03,South,Clothing,6,173.27,0.0,1039.6200000000001,Male,61
2256,2025-02-21,West,Clothing,5,155.11,,775.5500000000001,Female,27
2257,2025-09-13,East,Clothing,4,214.42,0.15,729.0279999999999,Male,65
2258,2025-01-04,South,Office Supplies,3,186.32,,558.96,Female,31
2259,2025-02-05,North,Furniture,9,113.13,0.05,967.2615,Male,22
2260,2025-03-06,East,Electronics,4,305.26,0.0,1221.04,Male,42
2261,2025-01-05,East,Clothing,2,262.2,0.15,445.73999999999995,Male,31
2262,2025-10-11,South,Clothing,8,175.78,,1406.24,Female,51
2263,2025-12-28,South,Office Supplies,2,334.25,0.05,635.0749999999999,Female,47
2264,2025-06-14,East,Clothing,5,374.68,0.1,1686.0600000000002,Male,42
2265,2025-03-21,South,Electronics,10,471.36,0.1,4242.240000000001,Female,42
2266,2025-12-03,West,Electronics,9,124.34,0.0,1119.06,Male,63
2267,2025-08-14,North,Clothing,2,324.48,0.05,616.5120000000001,Male,30
2268,2025-08-15,South,Electronics,4,463.27,,1853.08,Female,29
2269,2025-03-30,South,Clothing,3,290.44,,871.3199999999999,Male,24
2270,2025-08-07,North,Office Supplies,6,330.34,,1982.04,Male,53
2271,2025-10-09,East,Office Supplies,3,122.05,0.05,347.8425,Male,68
2272,2025-10-23,East,Office Supplies,9,105.58,,950.22,Female,25
2273,2025-09-08,South,Furniture,8,369.87,0.15,2515.116,Female,36
2274,2025-05-07,East,Clothing,1,287.67,0.1,258.903,Male,29
2275,2025-08-17,West,Electronics,10,413.31,,4133.1,Male,54
2276,2025-03-31,East,Furniture,8,39.59,0.0,316.72,Female,66
2277,2025-09-27,West,Office Supplies,8,360.79,0.05,2742.004,Male,55
2278,2025-10-13,North,Electronics,9,125.3,0.05,1071.315,Male,68
2279,2025-07-06,South,Furniture,7,365.96,0.0,2561.72,Male,20
2280,2025-05-16,West,Office Supplies,9,247.03,0.15,1889.7794999999999,Male,62
2281,2025-12-27,South,Furniture,6,335.34,0.1,1810.836,Female,21
2282,2025-01-21,South,Clothing,4,13.58,0.1,48.888,Male,70
2283,2025-10-21,North,Office Supplies,10,163.76,0.15,1391.9599999999998,Male,31
2284,2025-10-20,South,Office Supplies,2,16.31,0.05,30.988999999999997,Male,23
2285,2025-06-05,South,Electronics,4,241.59,,966.36,Male,18
2286,2025-10-23,South,Clothing,7,496.13,0.0,3472.91,Male,56
2287,2025-02-28,South,Electronics,3,201.92,0.05,575.472,Male,28
2288,2025-03-02,North,Electronics,8,208.01,0.05,1580.8759999999997,Male,25
2289,2025-02-27,South,Electronics,7,204.33,0.05,1358.7945000000002,Male,57
2290,2025-01-17,West,Furniture,8,72.31,0.1,520.6320000000001,Male,57
2291,2025-04-20,West,Clothing,1,150.34,0.05,142.823,Female,31
2292,2025-10-02,East,Electronics,1,331.87,0.15,282.0895,Male,66
2293,2025-05-25,North,Clothing,3,54.73,0.1,147.77100000000002,Male,39
2294,2025-01-05,South,Office Supplies,10,334.14,0.05,3174.3299999999995,Female,26
2295,2025-01-09,East,Clothing,10,100.86,0.1,907.74,Male,69
2296,2025-12-02,East,Furniture,1,403.65,0.05,383.4675,Female,70
2297,2025-01-09,North,Furniture,2,118.29,0.15,201.09300000000002,Female,30
2298,2025-08-06,East,Clothing,6,277.1,,1662.6000000000001,Female,66
2299,2025-03-08,North,Furniture,4,423.94,0.1,1526.184,Male,27
2300,2025-09-04,South,electrnics,1,214.12,0.1,192.708,Male,53
2301,2025-09-11,North,Clothing,5,34.85,,174.25,Male,45
2302,2025-08-07,South,Furniture,10,16.08,0.05,152.75999999999996,Female,51
2303,2025-11-29,South,Electronics,2,174.48,0.1,314.06399999999996,Male,62
2304,2025-12-30,North,Electronics,5,21.03,0.0,105.15,Female,43
2305,2025-09-12,East,Clothing,10,457.53,0.15,3889.004999999999,Female,57
2306,2025-02-03,East,Office Supplies,6,224.19,0.1,1210.626,Female,29
2307,2025-05-07,South,Office Supplies,5,242.39,0.0,1211.9499999999998,Female,45
2308,2025-01-02,North,Electronics,2,26.84,0.0,53.68,Male,31
2309,2025-01-14,West,Clothing,7,279.15,0.0,1954.0499999999997,Female,66
2310,2025-02-16,North,Electronics,8,85.13,,681.04,Male,69
2311,2025-12-10,North,Electronics,6,226.64,0.05,1291.848,Female,63
2312,2025-02-01,North,Clothing,8,46.8,,374.4,Female,24
2313,2025-05-07,East,Electronics,1,233.66,0.05,221.97699999999998,Male,70
2314,2025-05-28,West,Office Supplies,6,485.13,0.1,2619.7019999999998,Male,69
2315,2025-07-25,North,Electronics,3,61.53,0.05,175.3605,Female,29
2316,2025-06-28,West,Clothing,9,430.41,0.1,3486.321,Female,56
2317,2025-05-10,,Office Supplies,8,19.69,0.0,157.52,Male,60
2318,2025-04-13,East,Clothing,10,204.28,0.15,1736.3799999999999,Female,45
2319,2025-03-18,South,Furniture,2,179.85,0.0,359.7,Female,19
2320,2025-01-17,West,Clothing,1,490.01,0.15,416.50849999999997,Male,37
2321,2025-06-19,North,Electronics,10,17.34,0.0,173.4,Female,55
2322,2025-09-06,North,Electronics,8,66.54,0.1,479.0880000000001,Female,55
2323,2025-05-01,North,Office Supplies,9,385.29,,3467.61,Male,38
2324,2025-05-08,North,Office Supplies,2,161.75,0.05,307.325,Male,69
2325,2025-10-29,West,Clothing,5,325.06,,1625.3,Female,58
2326,2025-04-25,West,Electronics,2,103.34,,206.68,Female,42
2327,2025-11-05,West,Clothing,9,376.2,0.0,3385.7999999999997,Male,27
2328,2025-04-21,West,Clothing,8,146.89,0.0,1175.12,Female,33
2329,2025-04-30,South,Furniture,3,382.29,0.15,974.8395,Female,55
2330,2025-10-19,North,Electronics,2,497.86,0.15,846.362,Female,28
2331,2025-08-09,North,Clothing,3,18.02,0.15,45.951,Male,24
2332,2025-02-15,North,Office Supplies,7,32.19,0.05,214.06349999999998,Male,52
2333,2025-02-12,West,Furniture,4,187.84,,751.36,Male,23
2334,2025-08-16,East,Electronics,1,366.82,,366.82,Male,52
2335,2025-07-24,South,Electronics,5,155.54,0.05,738.8149999999999,Female,40
2336,2025-09-25,West,Office Supplies,9,370.04,0.05,3163.842,Female,18
2337,2025-10-04,East,Electronics,3,35.55,0.0,106.64999999999999,Female,48
2338,2025-06-13,South,Clothing,8,334.96,0.05,2545.696,Male,37
2339,2025-11-01,South,Clothing,7,50.29,0.0,352.03,Female,68
2340,2025-03-26,South,Clothing,10,336.85,,3368.5,Female,55
2341,2025-12-10,East,Electronics,8,333.97,0.0,2671.76,Female,32
2342,2025-03-02,West,Electronics,5,452.84,0.0,2264.2,Female,45
2343,2025-01-23,South,Clothing,8,450.3,0.05,3422.2799999999997,Female,61
2344,2025-12-20,West,Office Supplies,9,281.3,0.1,2278.53,Male,67
2345,2025-08-24,South,Office Supplies,10,399.94,0.15,3399.49,Male,56
2346,2025-08-04,West,Furniture,5,418.37,0.15,1778.0724999999998,Female,57
2347,2025-08-08,East,Furniture,1,136.49,,136.49,Male,46
2348,2025-01-06,West,Furniture,3,282.61,0.0,847.83,Male,40
2349,2025-10-24,East,Furniture,4,413.63,0.15,1406.3419999999999,Male,50
2350,2025-10-21,South,Electronics,4,136.63,0.15,464.542,Female,26
2351,2025-05-13,West,Electronics,7,242.36,,1696.52,Female,19
2352,2025-11-16,South,Electronics,2,49.15,0.0,98.3,Male,40
2353,2025-12-05,South,Clothing,10,321.85,0.05,3057.575,Male,32
2354,2025-04-20,East,Furniture,8,361.26,0.0,2890.08,Male,20
2355,2025-05-11,West,Office Supplies,6,280.37,0.0,1682.22,Male,28
2356,2025-07-04,South,Office Supplies,5,376.49,0.15,1600.0825,Male,57
2357,2025-02-19,South,Office Supplies,7,162.35,0.0,1136.45,Female,19
2358,2025-10-18,West,Clothing,7,204.02,0.0,1428.14,Male,67
2359,2025-09-22,North,Electronics,3,351.6,,1054.8000000000002,Female,47
2360,2025-10-10,West,Office Supplies,3,52.96,0.0,158.88,Female,51
2361,2025-02-23,South,Clothing,4,420.67,,1682.68,Female,34
2362,2025-10-07,South,Clothing,7,310.15,,2171.0499999999997,Female,37
2363,2025-09-17,East,Office Supplies,7,285.77,0.0,2000.3899999999999,Female,38
2364,2025-12-04,South,Furniture,1,59.77,,59.77,Male,61
2365,2025-09-02,North,Office Supplies,6,126.97,0.15,647.5469999999999,Male,22
2366,2025-08-31,South,Clothing,2,214.13,0.0,428.26,Male,44
2367,2025-06-10,North,Office Supplies,4,208.34,0.05,791.692,Female,41
2368,2025-11-03,North,Electronics,1,192.6,0.0,192.6,Female,69
2369,2025-03-11,East,Furniture,5,267.52,,1337.6,Male,36
2370,2025-07-12,West,Clothing,7,342.79,0.1,2159.577,Female,44
2371,2025-01-26,South,Electronics,6,395.64,0.1,2136.456,Female,38
2372,2025-08-05,East,Electronics,6,247.56,0.15,1262.556,Female,68
2373,2025-06-07,North,Clothing,6,482.56,0.05,2750.592,Male,33
2374,2025-07-09,South,Furniture,5,400.47,0.15,1701.9975000000002,Female,39
2375,2025-12-25,East,Office Supplies,5,31.83,0.15,135.27749999999997,Male,21
2376,2025-01-05,North,Furniture,7,84.33,0.05,560.7945,Male,36
2377,2025-04-03,West,Office Supplies,8,216.95,0.15,1475.26,Female,26
2378,2025-06-11,North,Electronics,10,38.33,0.0,383.29999999999995,Male,35
2379,2025-12-30,East,Clothing,2,50.69,,101.38,Male,18
2380,2025-10-02,West,Clothing,1,58.63,,58.63,Female,53
2381,2025-03-07,East,Clothing,4,437.94,0.05,1664.172,Male,69
2382,2025-05-20,East,Furniture,8,71.78,0.15,488.104,Female,22
2383,2025-03-17,South,Office Supplies,2,460.16,0.0,920.32,Male,65
2384,2025-09-03,West,Electronics,6,117.85,0.1,636.39,Female,53
2385,2025-06-29,South,Office Supplies,3,187.41,0.1,506.007,Male,25
2386,2025-12-10,East,Office Supplies,9,348.88,0.05,2982.924,Female,69
2387,2025-05-18,East,Office Supplies,1,20.56,0.15,17.476,Female,36
2388,2025-11-30,South,Electronics,8,172.58,0.05,1311.608,Male,26
2389,2025-04-10,East,Clothing,3,467.65,0.15,1192.5074999999997,Male,46
2390,2025-08-13,East,Furniture,7,383.26,0.05,2548.6789999999996,Female,28
2391,2025-01-16,West,Furniture,4,434.47,,1737.88,Male,48
2392,2025-07-01,North,Clothing,1,329.25,0.0,329.25,Male,70
2393,2025-01-22,North,Clothing,5,167.83,0.05,797.1925,Male,38
2394,2025-10-07,South,Office Supplies,9,415.72,0.1,3367.3320000000003,Male,37
2395,2025-01-07,North,Clothing,1,429.63,0.0,429.63,Female,48
2396,2025-09-16,West,Office Supplies,5,259.52,0.0,1297.6,Male,35
2397,2025-05-11,East,Office Supplies,5,458.81,0.1,2064.6450000000004,Female,21
2398,2025-09-30,North,Clothing,4,410.63,0.1,1478.268,Male,46
2399,2025-12-27,South,Electronics,9,58.04,0.1,470.124,Male,52
2400,2025-08-22,West,Clothing,9,258.68,0.1,2095.308,Male,66
2401,2025-12-20,West,Furniture,10,35.16,0.1,316.44,Female,24
2402,2025-05-21,West,Furniture,8,342.11,0.1,2463.192,Male,69
2403,2025-02-15,East,Furniture,10,272.52,0.15,2316.4199999999996,Female,26
2404,2025-04-15,West,Furniture,9,326.11,,2934.9900000000002,Male,33
2405,2025-10-18,West,Electronics,2,79.72,0.0,159.44,Female,70
2406,2025-03-22,North,Furniture,10,108.99,0.05,1035.4049999999997,Male,27
2407,2025-03-04,South,Furniture,1,409.03,0.0,409.03,Male,18
2408,2025-01-09,West,Clothing,2,347.37,0.15,590.529,Female,25
2409,2025-01-24,West,Clothing,1,256.42,,256.42,Male,18
2410,2025-10-08,East,Clothing,2,409.83,0.05,778.6769999999999,Male,36
2411,2025-02-01,East,Furniture,4,449.38,0.1,1617.768,Male,55
2412,2025-09-19,West,Furniture,1,394.15,0.1,354.735,Male,38
2413,2025-06-08,East,Electronics,7,433.85,,3036.9500000000003,Male,18
2414,2025-04-12,South,Electronics,1,231.24,0.15,196.554,Female,70
2415,2025-05-23,West,Clothing,6,476.49,,2858.94,Male,39
2416,2025-01-11,West,Office Supplies,1,220.78,0.15,187.66299999999998,Male,22
2417,2025-01-07,North,Electronics,7,458.49,0.1,2888.4870000000005,Male,36
2418,2025-01-01,West,Office Supplies,8,273.12,0.0,2184.96,Female,20
2419,2025-09-25,South,Clothing,10,12.45,,124.5,Female,53
2420,2025-04-14,West,Furniture,5,279.21,0.15,1186.6425,Female,56
2421,2025-08-24,West,Electronics,1,266.34,,266.34,Female,51
2422,2025-12-16,East,Electronics,8,391.89,0.0,3135.12,Female,69
2423,2025-10-30,North,Clothing,7,94.4,0.15,561.6800000000001,Female,19
2424,2025-12-21,North,Furniture,10,122.19,0.0,1221.9,Female,62
2425,2025-07-03,South,Clothing,8,425.39,,3403.12,Male,37
2426,2025-02-10,East,Furniture,9,428.12,,3853.08,Male,68
2427,2025-08-25,North,Clothing,6,171.13,0.1,924.102,Female,47
2428,2025-05-29,West,Office Supplies,2,337.13,0.05,640.5469999999999,Female,56
2429,2025-04-05,South,Office Supplies,2,52.8,,105.6,Male,56
2430,2025-12-31,West,Office Supplies,10,204.39,0.05,1941.7049999999997,Male,28
2431,2025-03-14,North,Clothing,10,471.8,0.1,4246.2,Male,69
2432,2025-12-29,East,Furniture,5,361.9,0.1,1628.55,Male,70
2433,2025-10-11,West,Electronics,6,342.1,0.1,1847.3400000000004,Female,45
2434,2025-09-16,South,Furniture,3,6.43,,19.29,Female,49
2435,2025-01-01,North,Clothing,10,13.94,0.0,139.4,Male,63
2436,2025-06-25,West,Furniture,7,141.18,0.0,988.26,Male,70
2437,2025-03-11,South,Furniture,5,424.57,0.15,1804.4225,Female,64
2438,2025-05-24,South,Furniture,1,33.91,0.15,28.823499999999996,Female,63
2439,2025-08-20,North,Clothing,4,49.59,0.15,168.606,Female,18
2440,2025-09-04,North,Electronics,2,34.16,0.1,61.48799999999999,Male,54
2441,2025-07-10,North,Electronics,1,307.16,0.15,261.086,Female,29
2442,2025-08-07,East,Furniture,2,375.03,0.0,750.06,Female,21
2443,2025-10-19,West,Electronics,3,103.81,0.0,311.43,Female,55
2444,2025-06-10,East,Electronics,1,7.28,0.15,6.188,Female,53
2445,2025-12-31,South,Clothing,6,351.07,0.05,2001.099,Female,55
2446,2025-10-12,East,Furniture,10,110.6,0.15,940.1,Female,35
2447,2025-08-30,South,Clothing,2,209.64,0.0,419.28,Male,69
2448,2025-06-09,North,Office Supplies,9,45.91,0.0,413.18999999999994,Female,20
2449,2025-03-20,West,Furniture,6,388.47,,2330.82,Male,22
2450,2025-08-28,West,Office Supplies,5,110.6,0.1,497.7,Male,39
2451,2025-03-19,East,Clothing,7,267.32,0.15,1590.5539999999999,Male,65
2452,2025-08-08,South,Office Supplies,8,100.91,,807.28,Female,52
2453,2025-09-15,,Furniture,4,275.85,0.05,1048.23,Female,69
2454,2025-11-19,North,Office Supplies,5,205.92,0.05,978.1199999999999,Female,21
2455,2025-08-17,West,Office Supplies,8,463.87,0.0,3710.96,Female,57
2456,2025-06-21,South,Furniture,6,44.63,0.15,227.61300000000003,Male,64
2457,2025-01-05,East,Electronics,10,21.84,0.1,196.56,Male,49
2458,2025-11-19,North,Furniture,5,366.66,,1833.3000000000002,Male,23
2459,2025-02-21,North,Electronics,8,390.56,0.15,2655.808,Male,39
2460,2025-06-01,South,Furniture,8,342.58,0.0,2740.64,Male,43
2461,2025-11-14,East,Electronics,6,460.09,0.1,2484.486,Male,18
2462,2025-02-12,East,Electronics,3,95.21,0.1,257.067,Male,28
2463,2025-08-02,East,Furniture,1,44.08,0.0,44.08,Male,40
2464,2025-12-02,,Electronics,10,133.52,,1335.2,Female,36
2465,2025-01-23,South,Furniture,8,54.45,0.15,370.26,Female,56
2466,2025-10-09,East,Electronics,1,465.72,,465.72,Male,60
2467,2025-02-03,East,Furniture,1,9.81,0.15,8.3385,Female,67
2468,2025-01-07,North,Electronics,4,346.56,,1386.24,Female,40
2469,2025-03-06,North,Office Supplies,1,439.75,0.15,373.78749999999997,Male,22
2470,2025-10-05,South,Office Supplies,5,315.3,0.0,1576.5,Male,52
2471,2025-07-03,East,Office Supplies,6,381.18,0.05,2172.7259999999997,Male,20
2472,2025-07-05,West,Clothing,7,39.98,0.0,279.85999999999996,Male,59
2473,2025-01-10,North,Electronics,7,287.74,,2014.18,Female,63
2474,2025-08-13,West,Office Supplies,8,135.07,0.05,1026.532,Male,63
2475,2025-04-22,East,Office Supplies,4,287.29,0.1,1034.2440000000001,Male,19
2476,2025-01-02,South,Office Supplies,7,247.93,0.15,1475.1834999999999,Female,18
2477,2025-04-22,North,Clothing,3,318.28,0.0,954.8399999999999,Male,42
2478,2025-06-10,South,Office Supplies,5,69.35,0.15,294.7375,Male,47
2479,2025-10-03,South,Furniture,5,95.97,0.0,479.85,Male,68
2480,2025-04-24,North,Electronics,5,168.86,0.0,844.3000000000001,Male,54
2481,2025-01-21,East,Furniture,7,420.27,0.0,2941.89,Male,58
2482,2025-10-04,East,Furniture,9,457.19,,4114.71,Male,27
2483,2025-03-01,South,Furniture,2,195.09,0.15,331.653,Male,36
2484,2025-12-14,East,Clothing,6,479.06,0.15,2443.206,Female,54
2485,2025-04-06,West,Office Supplies,2,89.64,,179.28,Male,43
2486,2025-01-24,West,Furniture,4,476.86,0.05,1812.068,Male,62
2487,2025-03-14,South,Electronics,8,188.17,,1505.36,Female,47
2488,2025-08-26,,Clothing,1,348.98,0.05,331.531,Male,23
2489,2025-06-26,North,Furniture,3,116.7,,350.1,Male,45
2490,2025-12-25,South,Electronics,3,53.99,,161.97,Female,51
2491,2025-03-05,North,Office Supplies,9,288.56,0.15,2207.484,Male,45
2492,2025-02-24,East,Office Supplies,2,254.05,0.05,482.695,Male,64
2493,2025-10-29,West,Furniture,6,286.64,0.15,1461.8639999999998,Male,42
2494,2025-10-12,East,Furniture,9,27.01,0.0,243.09,Female,52
2495,2025-12-25,West,Furniture,10,429.75,0.0,4297.5,Female,29
2496,2025-09-18,North,Electronics,5,169.19,0.1,761.355,Male,28
2497,2025-09-02,South,Office Supplies,3,5.6,0.05,15.959999999999997,Male,58
2498,2025-04-28,North,Office Supplies,3,332.93,0.05,948.8504999999999,Male,35
2499,2025-05-23,South,Electronics,8,493.76,0.05,3752.5759999999996,Male,44
2500,2025-07-04,North,Furniture,10,303.21,0.05,2880.495,Male,26
2501,2025-01-19,,Furniture,4,489.44,0.1,1761.984,Male,26
2502,2025-08-13,North,Furniture,8,182.79,0.05,1389.204,Female,63
2503,2025-04-10,North,Clothing,1,449.76,0.05,427.272,Female,21
2504,2025-07-28,North,Office Supplies,5,200.96,0.0,1004.8000000000001,Male,46
2505,2025-08-22,North,Furniture,8,181.15,,1449.2,Male,67
2506,2025-02-06,North,Clothing,1,327.62,,327.62,Male,48
2507,2025-06-02,South,Furniture,7,433.27,0.0,3032.89,Male,68
2508,2025-01-15,East,Electronics,5,127.73,,638.65,Female,43
2509,2025-03-25,North,Clothing,3,285.91,0.05,814.8435,Female,18
2510,2025-09-14,East,Clothing,1,186.61,,186.61,Female,47
2511,2025-01-21,South,Electronics,7,120.76,0.15,718.522,Female,41
2512,2025-07-05,East,Office Supplies,1,155.08,0.1,139.572,Male,46
2513,2025-08-09,South,Furniture,7,489.95,0.1,3086.685,Female,40
2514,2025-01-05,South,Clothing,5,325.38,0.15,1382.865,Male,26
2515,2025-03-28,North,Office Supplies,7,71.67,0.0,501.69,Male,34
2516,2025-04-21,East,Office Supplies,7,334.4,0.1,2106.72,Male,24
2517,2025-12-14,West,Electronics,9,425.82,0.0,3832.38,Female,27
2518,2025-11-24,West,Office Supplies,4,363.56,0.0,1454.24,Male,30
2519,2025-10-14,East,Clothing,6,403.47,0.05,2299.779,Male,41
2520,2025-12-08,South,Furniture,1,185.51,0.05,176.2345,Female,30
2521,2025-01-18,West,Clothing,4,43.39,0.1,156.204,Male,41
2522,2025-05-17,East,Clothing,6,432.47,0.15,2205.597,Female,68
2523,2025-08-21,East,Furniture,7,295.48,0.1,1861.5240000000001,Female,33
2524,2025-08-12,West,Clothing,6,284.34,0.1,1535.436,Female,69
2525,2025-02-02,South,Electronics,7,108.27,0.1,682.101,Male,39
2526,2025-05-27,East,Office Supplies,6,15.95,0.0,95.69999999999999,Male,70
2527,2025-06-24,,Office Supplies,3,381.41,,1144.23,Female,54
2528,2025-07-15,South,Electronics,7,154.53,0.15,919.4535,Male,18
2529,2025-08-21,North,Office Supplies,5,72.67,0.1,327.01500000000004,Male,42
2530,2025-03-04,South,Furniture,5,31.06,0.1,139.76999999999998,Male,44
2531,2025-03-01,South,Electronics,5,389.49,0.1,1752.7050000000002,Female,54
2532,2025-07-31,South,Electronics,4,330.6,0.15,1124.04,Male,19
2533,2025-10-01,East,Furniture,2,250.36,,500.72,Male,25
2534,2025-02-10,North,Office Supplies,6,366.3,0.15,1868.13,Female,28
2535,2025-04-18,South,Clothing,6,408.74,0.1,2207.196,Female,34
2536,2025-05-17,South,Furniture,8,29.06,0.15,197.60799999999998,Male,62
2537,2025-09-28,South,Clothing,7,399.33,0.05,2655.5445,Female,46
2538,2025-03-09,West,Furniture,10,217.84,0.1,1960.5600000000002,Male,47
2539,2025-01-02,North,Office Supplies,2,142.94,0.0,285.88,Male,70
2540,2025-08-13,East,Electronics,9,36.13,0.1,292.653,Male,19
2541,2025-03-19,South,Electronics,8,428.89,0.05,3259.564,Female,29
2542,2025-06-13,North,Clothing,8,332.97,0.05,2530.572,Male,56
2543,2025-06-04,South,Clothing,4,483.99,0.0,1935.96,Male,49
2544,2025-03-26,West,Office Supplies,1,103.24,0.05,98.07799999999999,Female,63
2545,2025-03-20,North,Furniture,9,388.9,0.05,3325.095,Female,68
2546,2025-05-07,East,Furniture,6,68.27,0.1,368.658,Male,27
2547,2025-03-28,South,Furniture,3,321.77,0.15,820.5134999999999,Male,18
2548,2025-05-28,East,Furniture,6,427.17,0.05,2434.8689999999997,Male,32
2549,2025-08-05,North,Clothing,7,48.12,0.1,303.156,Female,23
2550,2025-01-26,South,Clothing,9,488.18,0.0,4393.62,Female,68
2551,2025-03-03,West,Electronics,9,404.43,0.05,3457.8765,Male,18
2552,2025-09-09,East,Furniture,2,82.21,0.0,164.42,Male,63
2553,2025-02-15,East,Office Supplies,8,334.78,0.15,2276.504,Female,48
2554,2025-04-13,South,Furniture,6,224.1,0.1,1210.1399999999999,Male,31
2555,2025-12-20,North,Electronics,3,75.11,0.05,214.06349999999998,Female,34
2556,2025-03-20,South,Furniture,6,282.31,,1693.8600000000001,Male,64
2557,2025-07-01,East,Furniture,7,33.29,0.05,221.3785,Female,59
2558,2025-01-26,South,Electronics,7,124.91,0.15,743.2144999999999,Male,52
2559,2025-01-29,East,Electronics,5,201.43,0.15,856.0775000000001,Male,18
2560,2025-09-06,East,Electronics,6,118.41,,710.46,Female,27
2561,2025-01-07,South,Clothing,2,113.78,0.15,193.426,Male,50
2562,2025-05-27,East,Clothing,7,118.47,0.15,704.8965,Male,38
2563,2025-05-22,East,Electronics,8,27.29,0.1,196.488,Male,58
2564,2025-12-04,East,Electronics,2,187.3,0.15,318.41,Male,54
2565,2025-12-11,North,Electronics,6,168.32,0.1,908.928,Female,55
2566,2025-04-19,West,Office Supplies,10,163.92,,1639.1999999999998,Male,21
2567,2025-09-02,East,Furniture,1,406.55,0.0,406.55,Female,28
2568,2025-12-08,North,Furniture,1,40.2,0.15,34.17,Male,27
2569,2025-06-07,South,Clothing,2,470.7,,941.4,Female,47
2570,2025-09-30,North,Clothing,10,325.4,0.15,2765.9,Male,22
2571,2025-03-26,South,Electronics,7,247.82,0.15,1474.529,Male,26
2572,2025-08-13,West,Office Supplies,7,339.1,0.0,2373.7000000000003,Female,59
2573,2025-10-06,East,Furniture,7,179.45,0.05,1193.3424999999997,Male,56
2574,2025-02-16,North,Office Supplies,7,167.76,0.05,1115.6039999999998,Male,32
2575,2025-03-05,North,Office Supplies,3,27.61,0.0,82.83,Male,67
2576,2025-06-28,East,Clothing,8,404.74,0.1,2914.128,Female,48
2577,2025-01-04,West,Clothing,1,5.59,0.15,4.7515,Female,37
2578,2025-10-06,West,Clothing,7,250.72,0.1,1579.536,Female,23
2579,2025-08-03,West,Electronics,4,195.9,0.1,705.24,Female,39
2580,2025-01-17,East,Furniture,1,206.32,0.1,185.688,Female,30
2581,2025-01-20,West,Furniture,10,370.86,0.1,3337.7400000000002,Female,46
2582,2025-02-10,East,Furniture,2,441.95,,883.9,Female,32
2583,2025-06-14,West,Electronics,4,29.52,0.1,106.272,Male,41
2584,2025-06-29,West,Clothing,2,84.95,0.05,161.405,Male,45
2585,2025-06-03,East,Office Supplies,4,493.79,0.1,1777.644,Female,40
2586,2025-05-25,East,Office Supplies,7,330.44,0.05,2197.426,Female,36
2587,2025-04-24,East,Electronics,5,355.97,0.0,1779.8500000000001,Female,54
2588,2025-11-05,South,Office Supplies,10,126.07,,1260.6999999999998,Female,55
2589,2025-08-19,West,Office Supplies,5,117.08,0.1,526.86,Male,51
2590,2025-12-13,North,Office Supplies,9,89.81,0.05,767.8754999999999,Female,26
2591,2025-11-06,East,Electronics,8,363.16,0.05,2760.016,Male,28
2592,2025-02-23,West,Furniture,1,498.86,,498.86,Male,62
2593,2025-03-30,West,Office Supplies,2,430.91,0.0,861.82,Female,51
2594,2025-06-28,East,Office Supplies,4,147.1,0.15,500.14,Female,69
2595,2025-10-27,North,Furniture,3,430.28,0.05,1226.2979999999998,Male,20
2596,2025-06-04,West,Electronics,5,285.51,0.1,1284.795,Male,64
2597,2025-11-09,South,Office Supplies,4,285.45,0.0,1141.8,Male,26
2598,2025-02-28,East,Clothing,4,368.25,0.15,1252.05,Female,51
2599,2025-12-28,East,Clothing,10,198.85,0.1,1789.65,Male,53
2600,2025-08-09,South,Electronics,2,461.74,,923.48,Female,63
2601,2025-07-04,East,Clothing,9,152.68,0.1,1236.708,Female,32
2602,2025-02-13,East,Electronics,2,115.3,,230.6,Male,36
2603,2025-04-04,South,Electronics,4,415.26,0.05,1577.9879999999998,Male,30
2604,2025-06-08,West,Furniture,8,149.91,0.1,1079.352,Male,19
2605,2025-06-04,West,Clothing,4,333.33,,1333.32,Male,20
2606,2025-10-10,East,Clothing,6,356.82,0.05,2033.874,Male,27
2607,2025-12-01,West,Office Supplies,2,325.08,0.15,552.636,Male,47
2608,2025-05-15,South,Office Supplies,4,496.81,0.1,1788.516,Male,27
2609,2025-04-27,North,Furniture,9,398.0,0.1,3223.8,Male,70
2610,2025-10-14,West,Office Supplies,10,472.44,0.15,4015.74,Male,46
2611,2025-06-22,South,Furniture,3,103.49,0.05,294.94649999999996,Male,26
2612,2025-01-09,North,Furniture,3,168.44,,505.32,Male,18
2613,2025-04-28,West,Clothing,1,113.63,0.1,102.267,Female,22
2614,2025-12-21,West,Office Supplies,2,336.81,0.15,572.577,Male,46
2615,2025-08-07,East,Office Supplies,3,389.07,,1167.21,Male,65
2616,2025-01-30,South,Electronics,3,142.61,0.1,385.047,Male,29
2617,2025-04-29,West,Furniture,10,280.28,0.1,2522.52,Male,19
2618,2025-04-21,North,Furniture,5,359.79,0.05,1709.0025,Female,47
2619,2025-02-04,North,Clothing,10,405.7,0.0,4057.0,Male,28
2620,2025-12-05,North,Clothing,3,149.87,0.1,404.649,Female,34
2621,2025-12-05,,Clothing,9,233.97,0.0,2105.73,Female,70
2622,2025-05-14,South,Office Supplies,7,57.41,,401.87,Male,42
2623,2025-07-04,South,Clothing,9,117.56,0.15,899.334,Male,39
2624,2025-09-16,North,Office Supplies,2,94.04,0.1,169.27200000000002,Female,43
2625,2025-10-01,South,Furniture,5,357.74,,1788.7,Female,33
2626,2025-11-18,South,Electronics,4,228.43,0.0,913.72,Male,23
2627,2025-02-14,North,Furniture,1,64.02,0.15,54.416999999999994,Female,62
2628,2025-10-11,North,Electronics,7,404.63,,2832.41,Female,21
2629,2025-09-06,South,Office Supplies,5,348.33,0.05,1654.5674999999999,Male,55
2630,2025-11-14,South,Office Supplies,10,129.65,0.1,1166.8500000000001,Male,49
2631,2025-02-22,West,Office Supplies,3,91.87,0.15,234.26850000000002,Male,32
2632,2025-10-13,East,Office Supplies,8,94.99,0.0,759.92,Male,27
2633,2025-02-27,East,Clothing,7,92.19,0.1,580.7969999999999,Male,30
2634,2025-01-01,East,Office Supplies,9,409.14,0.05,3498.1469999999995,Female,46
2635,2025-01-10,West,Office Supplies,5,253.59,,1267.95,Male,35
2636,2025-08-26,East,Clothing,1,403.2,0.0,403.2,Female,22
2637,2025-11-10,West,Office Supplies,6,98.79,0.15,503.829,Male,43
2638,2025-08-07,East,Clothing,4,84.18,,336.72,Male,35
2639,2025-04-05,East,Furniture,8,461.03,0.15,3135.004,Male,40
2640,2025-10-18,West,Office Supplies,3,13.68,0.0,41.04,Male,27
2641,2025-11-06,South,Furniture,3,18.75,0.1,50.625,Female,25
2642,2025-02-06,South,Electronics,6,462.41,0.15,2358.291,Male,55
2643,2025-06-12,West,Furniture,6,379.94,,2279.64,Female,33
2644,2025-08-26,East,Furniture,3,324.65,0.05,925.2524999999999,Male,45
2645,2025-07-13,North,Office Supplies,2,170.94,0.1,307.692,Male,30
2646,2025-04-15,North,Electronics,2,115.4,,230.8,Female,54
2647,2025-10-01,North,Electronics,4,353.66,0.05,1343.9080000000001,Male,27
2648,2025-02-18,East,Electronics,3,392.14,0.1,1058.778,Female,52
2649,2025-03-20,West,Clothing,7,274.0,,1918.0,Female,18
2650,2025-02-23,East,Electronics,10,59.32,0.1,533.8800000000001,Female,37
2651,2025-06-06,North,Clothing,3,419.4,0.0,1258.1999999999998,Male,54
2652,2025-09-15,West,Furniture,8,223.91,,1791.28,Female,51
2653,2025-06-17,West,Office Supplies,7,320.71,0.1,2020.473,Male,56
2654,2025-08-11,North,Furniture,3,112.77,0.05,321.3945,Female,69
2655,2025-03-16,North,Office Supplies,3,42.18,0.05,120.213,Male,20
2656,2025-05-26,South,Electronics,3,307.81,,923.4300000000001,Female,64
2657,2025-09-06,North,Electronics,9,458.93,,4130.37,Female,57
2658,2025-08-17,East,Electronics,3,413.56,0.15,1054.578,Male,50
2659,2025-12-24,North,Electronics,4,59.89,,239.56,Male,45
2660,2025-08-05,North,Electronics,7,15.36,0.05,102.14399999999999,Male,40
2661,2025-04-11,West,Furniture,3,271.92,0.05,774.972,Male,18
2662,2025-06-14,East,Furniture,1,166.69,0.05,158.35549999999998,Male,53
2663,2025-12-30,South,Clothing,1,467.98,,467.98,Male,60
2664,2025-10-17,West,Clothing,10,35.91,0.15,305.23499999999996,Male,70
2665,2025-08-23,South,Furniture,7,467.11,0.05,3106.2815,Female,61
2666,2025-04-15,North,Office Supplies,4,408.21,0.15,1387.914,Male,58
2667,2025-10-05,North,Furniture,7,92.63,0.15,551.1485,Female,53
2668,2025-06-06,South,Furniture,2,5.41,0.0,10.82,Male,30
2669,2025-04-26,South,Office Supplies,10,80.42,,804.2,Male,47
2670,2025-11-04,North,Clothing,2,266.54,0.1,479.77200000000005,Female,49
2671,2025-07-17,East,Furniture,2,327.07,0.15,556.019,Male,58
2672,2025-10-03,South,Electronics,9,54.72,0.1,443.232,Male,47
2673,2025-11-07,West,Electronics,8,478.48,0.0,3827.84,Female,55
2674,2025-08-03,East,Office Supplies,10,427.35,0.05,4059.825,Female,29
2675,2025-12-12,West,Clothing,1,495.38,0.05,470.611,Female,62
2676,2025-07-24,East,Electronics,9,195.31,0.05,1669.9005,Male,38
2677,2025-08-18,South,Office Supplies,4,157.48,,629.92,Female,32
2678,2025-11-05,West,Office Supplies,5,337.23,0.0,1686.15,Male,55
2679,2025-11-08,South,Clothing,1,225.3,0.15,191.505,Female,55
2680,2025-06-05,West,Clothing,2,383.41,,766.82,Male,53
2681,2025-01-02,East,Clothing,9,392.01,0.15,2998.8765,Female,53
2682,2025-06-30,West,Office Supplies,10,426.05,0.1,3834.4500000000003,Male,50
2683,2025-04-10,North,Clothing,10,401.98,0.1,3617.82,Female,33
2684,2025-05-28,South,Clothing,8,261.9,0.1,1885.6799999999998,Male,42
2685,2025-05-30,East,Office Supplies,10,269.18,0.1,2422.6200000000003,Male,68
2686,2025-11-06,West,Electronics,3,333.13,,999.39,Female,28
2687,2025-03-02,West,Electronics,1,86.19,0.05,81.8805,Female,43
2688,2025-05-29,North,Furniture,9,302.91,0.0,2726.19,Female,52
2689,2025-05-10,North,Furniture,6,262.44,0.05,1495.908,Male,39
2690,2025-09-05,South,Clothing,5,335.04,,1675.2,Female,65
2691,2025-02-24,North,Furniture,9,177.08,0.05,1514.0339999999999,Female,68
2692,2025-07-09,North,Office Supplies,1,28.39,0.05,26.970499999999998,Female,66
2693,2025-12-14,East,Furniture,7,55.4,,387.8,Male,40
2694,2025-07-18,South,Clothing,5,53.06,0.1,238.77,Female,45
2695,2025-08-18,North,Electronics,10,30.63,0.15,260.355,Female,28
2696,2025-08-01,West,Office Supplies,1,20.46,0.05,19.437,Male,21
2697,2025-04-29,East,Furniture,5,459.87,0.1,2069.415,Male,43
2698,2025-09-05,West,electrnics,5,334.31,0.15,1420.8174999999999,Male,37
2699,2025-01-20,North,Office Supplies,7,75.17,0.05,499.88050000000004,Female,57
2700,2025-11-02,East,Clothing,7,436.76,0.05,2904.4539999999997,Male,29
2701,2025-04-03,South,Furniture,2,306.45,0.1,551.61,Female,46
2702,2025-01-16,West,Office Supplies,5,251.96,0.15,1070.83,Female,61
2703,2025-06-16,West,Office Supplies,6,300.66,,1803.96,Male,24
2704,2025-04-29,West,Electronics,9,116.49,0.0,1048.4099999999999,Male,36
2705,2025-06-20,North,Electronics,6,112.99,0.05,644.0429999999999,Male,43
2706,2025-03-07,West,Furniture,3,473.52,0.0,1420.56,Male,58
2707,2025-08-26,South,Office Supplies,8,82.74,0.1,595.728,Female,63
2708,2025-12-12,South,Office Supplies,6,279.3,0.05,1592.01,Male,61
2709,2025-06-27,North,Clothing,3,357.84,0.1,966.168,Male,50
2710,2025-06-17,West,Electronics,8,187.28,0.0,1498.24,Male,39
2711,2025-01-27,East,Office Supplies,9,426.58,0.0,3839.22,Male,34
2712,2025-08-18,South,Office Supplies,8,157.09,0.15,1068.212,Male,40
2713,2025-03-14,East,Electronics,5,221.99,,1109.95,Female,25
2714,2025-07-02,West,Furniture,10,153.64,,1536.3999999999999,Female,36
2715,2025-11-05,West,Electronics,4,23.14,0.05,87.932,Male,30
2716,2025-03-05,North,Furniture,9,112.8,0.0,1015.1999999999999,Male,70
2717,2025-11-26,West,Electronics,9,459.63,0.05,3929.8365,Female,50
2718,2025-10-01,North,Office Supplies,3,406.98,,1220.94,Male,48
2719,2025-10-06,West,Furniture,8,102.17,0.1,735.624,Female,61
2720,2025-02-02,East,Clothing,6,94.86,0.15,483.78599999999994,Female,60
2721,2025-04-19,North,Electronics,6,365.82,0.15,1865.682,Male,40
2722,2025-08-06,West,Clothing,8,98.06,0.1,706.032,Male,65
2723,2025-09-03,West,Electronics,8,372.44,0.05,2830.544,Female,32
2724,2025-04-18,East,Clothing,7,72.59,,508.13,Female,34
2725,2025-06-24,North,Electronics,1,306.75,,306.75,Male,21
2726,2025-09-30,South,Electronics,10,279.28,0.15,2373.8799999999997,Male,61
2727,2025-12-29,West,Office Supplies,6,86.04,0.0,516.24,Female,28
2728,2025-11-30,East,Clothing,5,197.98,,989.9,Female,46
2729,2025-03-29,West,Office Supplies,9,455.87,0.1,3692.547,Female,66
2730,2025-09-24,North,Furniture,3,473.0,0.0,1419.0,Male,22
2731,2025-08-14,North,Furniture,10,234.07,,2340.7,Female,51
2732,2025-10-04,North,Clothing,4,321.45,0.15,1092.9299999999998,Male,39
2733,2025-10-25,East,Electronics,9,153.13,0.1,1240.353,Female,68
2734,2025-04-16,West,Electronics,7,250.69,0.05,1667.0884999999998,Male,29
2735,2025-04-22,East,Clothing,1,108.91,,108.91,Male,67
2736,2025-02-11,North,Office Supplies,10,126.65,0.15,1076.5249999999999,Female,54
2737,2025-01-06,South,Electronics,1,370.25,,370.25,Female,47
2738,2025-10-23,West,Clothing,1,188.35,0.05,178.93249999999998,Male,32
2739,2025-07-11,North,Clothing,2,315.86,0.1,568.548,Male,67
2740,2025-12-09,North,Electronics,6,101.6,0.15,518.1599999999999,Male,54
2741,2025-05-04,South,Clothing,10,44.51,0.05,422.84499999999997,Female,26
2742,2025-11-27,West,Electronics,6,178.03,0.05,1014.771,Male,62
2743,2025-09-29,North,Electronics,6,414.04,0.0,2484.2400000000002,Female,38
2744,2025-02-01,South,Clothing,3,153.17,0.15,390.58349999999996,Male,39
2745,2025-12-23,West,Furniture,9,250.61,0.15,1917.1665,Female,23
2746,2025-04-22,West,Furniture,6,257.28,,1543.6799999999998,Male,40
2747,2025-05-04,East,Office Supplies,10,34.88,0.0,348.8,Female,23
2748,2025-07-07,North,Office Supplies,5,227.93,0.05,1082.6675,Female,70
2749,2025-07-12,South,Office Supplies,4,294.47,,1177.88,Female,68
2750,2025-03-01,West,Electronics,2,193.02,0.05,366.738,Male,50
2751,2025-05-03,North,Furniture,8,245.65,0.15,1670.42,Female,67
2752,2025-11-29,South,Office Supplies,7,207.88,0.1,1309.644,Male,51
2753,2025-02-12,North,Clothing,7,404.58,0.1,2548.854,Male,20
2754,2025-02-23,East,Furniture,10,499.59,0.15,4246.514999999999,Female,52
2755,2025-11-22,North,Office Supplies,5,207.75,0.1,934.875,Male,20
2756,2025-04-07,West,Furniture,9,275.7,0.05,2357.2349999999997,Male,34
2757,2025-03-15,South,Electronics,8,212.75,0.15,1446.7,Female,58
2758,2025-05-13,South,Office Supplies,5,229.38,,1146.9,Male,19
2759,2025-10-22,West,Clothing,7,289.69,0.0,2027.83,Female,34
2760,2025-12-22,South,Furniture,10,315.21,0.0,3152.1,Female,57
2761,2025-09-18,East,Electronics,8,383.8,0.1,2763.36,Male,67
2762,2025-06-18,South,Clothing,9,375.57,0.15,2873.1105000000002,Male,47
2763,2025-05-17,North,Electronics,4,15.53,0.15,52.802,Female,70
2764,2025-05-19,North,Clothing,1,105.53,0.05,100.2535,Male,53
2765,2025-08-29,South,Furniture,8,327.69,0.1,2359.368,Male,43
2766,2025-05-26,North,Furniture,8,227.51,0.1,1638.072,Male,56
2767,2025-01-07,South,Clothing,10,457.01,0.1,4113.09,Male,29
2768,2025-10-07,East,Furniture,3,200.97,0.1,542.619,Male,34
2769,2025-02-04,North,Electronics,3,431.87,0.05,1230.8295,Female,46
2770,2025-08-25,North,Electronics,3,8.62,0.1,23.274,Male,63
2771,2025-12-20,North,Furniture,8,346.29,0.1,2493.288,Male,35
2772,2025-07-10,North,Clothing,4,420.89,0.0,1683.56,Female,24
2773,2025-11-21,West,Electronics,3,76.38,0.1,206.226,Female,27
2774,2025-07-19,West,Furniture,5,433.45,,2167.25,Male,29
2775,2025-07-11,South,Furniture,2,495.97,0.1,892.7460000000001,Female,18
2776,2025-05-16,North,Electronics,4,90.33,0.0,361.32,Male,30
2777,2025-06-06,West,Furniture,7,265.29,0.0,1857.0300000000002,Male,48
2778,2025-01-07,South,Electronics,3,275.35,0.15,702.1425,Male,67
2779,2025-01-18,West,electrnics,1,299.31,0.05,284.3445,Male,22
2780,2025-10-20,North,Electronics,6,102.31,,613.86,Female,47
2781,2025-09-01,North,Clothing,10,159.93,0.0,1599.3000000000002,Male,26
2782,2025-06-20,West,Furniture,10,483.02,0.0,4830.2,Female,23
2783,2025-04-08,South,Electronics,1,328.9,0.05,312.455,Male,31
2784,2025-10-04,West,Electronics,7,285.35,,1997.4500000000003,Female,49
2785,2025-03-14,East,Office Supplies,3,64.38,0.1,173.826,Female,68
2786,2025-02-27,North,Clothing,8,59.92,0.05,455.392,Male,47
2787,2025-05-12,South,Furniture,5,126.21,0.0,631.05,Female,36
2788,2025-03-09,West,Electronics,3,183.47,0.0,550.41,Male,39
2789,2025-04-03,North,Furniture,4,456.13,0.1,1642.068,Male,55
2790,2025-05-20,West,Furniture,5,372.24,0.15,1582.02,Female,57
2791,2025-01-12,East,Office Supplies,4,338.83,0.15,1152.022,Male,32
2792,2025-03-08,East,Electronics,8,207.44,0.15,1410.5919999999999,Male,35
2793,2025-06-26,North,Clothing,6,294.25,0.1,1588.95,Male,26
2794,2025-02-24,East,Electronics,2,289.61,0.0,579.22,Male,69
2795,2025-08-09,West,Office Supplies,9,441.02,0.1,3572.2619999999997,Female,53
2796,2025-08-08,South,Clothing,9,338.86,0.05,2897.253,Female,21
2797,2025-01-05,West,Office Supplies,9,265.13,0.1,2147.5530000000003,Male,50
2798,2025-04-29,North,Electronics,8,411.33,,3290.64,Male,49
2799,2025-05-30,North,Clothing,10,423.95,0.05,4027.5249999999996,Female,20
2800,2025-01-26,South,Clothing,7,287.78,,2014.4599999999998,Male,30
2801,2025-06-16,West,Office Supplies,4,142.91,0.1,514.476,Female,20
2802,2025-09-16,West,Office Supplies,3,63.05,,189.14999999999998,Female,45
2803,2025-04-06,South,Electronics,3,358.64,0.0,1075.92,Male,30
2804,2025-09-09,East,Electronics,3,433.78,0.1,1171.206,Male,66
2805,2025-04-22,West,Furniture,1,35.17,0.0,35.17,Female,65
2806,2025-07-26,North,Electronics,8,123.44,0.0,987.52,Male,25
2807,2025-05-10,North,Electronics,2,206.07,0.0,412.14,Female,54
2808,2025-11-18,West,Furniture,3,411.1,0.05,1171.6350000000002,Female,65
2809,2025-10-25,West,Electronics,9,472.81,,4255.29,Female,18
2810,2025-10-05,West,Clothing,6,153.6,0.0,921.5999999999999,Female,42
2811,2025-05-06,East,Furniture,1,30.08,,30.08,Male,45
2812,2025-03-02,West,Electronics,2,362.89,0.05,689.491,Male,51
2813,2025-02-13,East,Office Supplies,6,50.77,,304.62,Female,50
2814,2025-03-14,South,Electronics,10,481.61,0.1,4334.490000000001,Male,58
2815,2025-05-14,,Furniture,1,38.86,0.05,36.916999999999994,Female,44
2816,2025-07-30,East,Office Supplies,1,226.01,0.15,192.1085,Female,43
2817,2025-08-10,North,Electronics,8,78.39,0.0,627.12,Male,35
2818,2025-11-26,North,Furniture,1,406.01,,406.01,Male,59
2819,2025-04-24,North,Furniture,9,226.14,0.1,1831.734,Female,27
2820,2025-01-18,West,Office Supplies,9,176.59,0.0,1589.31,Female,26
2821,2025-08-28,South,Clothing,4,395.89,0.1,1425.204,Female,28
2822,2025-04-24,North,Office Supplies,6,497.89,0.0,2987.34,Male,28
2823,2025-11-14,South,Office Supplies,2,496.28,,992.56,Male,53
2824,2025-03-01,East,Office Supplies,7,469.44,0.05,3121.776,Male,36
2825,2025-12-07,North,Clothing,7,61.64,0.0,431.48,Male,32
2826,2025-01-29,North,Electronics,5,216.1,0.0,1080.5,Male,53
2827,2025-05-05,North,Electronics,9,75.95,0.0,683.5500000000001,Male,30
2828,2025-03-07,North,Office Supplies,10,368.83,0.15,3135.055,Male,26
2829,2025-01-16,North,Clothing,5,473.52,0.1,2130.84,Female,45
2830,2025-06-16,East,Clothing,4,478.08,0.1,1721.088,Male,37
2831,2025-12-02,West,Furniture,3,447.45,0.15,1140.9975,Female,42
2832,2025-01-13,South,Electronics,2,312.91,0.1,563.238,Female,49
2833,2025-11-17,West,Furniture,4,482.2,0.1,1735.92,Female,33
2834,2025-06-29,West,Clothing,9,480.75,0.0,4326.75,Male,28
2835,2025-06-12,West,Furniture,2,375.98,0.05,714.362,Female,46
2836,2025-01-02,,Office Supplies,9,199.03,0.15,1522.5795,Female,27
2837,2025-03-08,West,Clothing,5,491.86,,2459.3,Female,50
2838,2025-05-19,North,Furniture,10,150.26,0.15,1277.2099999999998,Male,58
2839,2025-04-17,North,Office Supplies,6,12.45,0.15,63.49499999999999,Female,37
2840,2025-03-16,South,Office Supplies,3,121.47,0.1,327.969,Male,37
2841,2025-08-03,South,Electronics,7,276.1,0.0,1932.7000000000003,Female,68
2842,2025-11-23,East,electrnics,7,422.52,,2957.64,Female,34
2843,2025-10-22,East,Office Supplies,3,13.51,0.15,34.4505,Male,67
2844,2025-03-05,West,Furniture,2,336.94,,673.88,Male,51
2845,2025-03-17,South,Office Supplies,8,128.29,0.15,872.372,Male,39
2846,2025-12-13,South,Electronics,10,395.53,,3955.2999999999997,Female,55
2847,2025-08-03,West,Office Supplies,9,16.48,0.15,126.07199999999999,Male,40
2848,2025-02-20,North,Furniture,2,496.52,0.05,943.3879999999999,Female,37
2849,2025-04-11,South,Electronics,5,45.72,0.05,217.17,Male,63
2850,2025-07-25,West,Electronics,1,158.92,,158.92,Male,49
2851,2025-03-14,West,Electronics,2,358.2,,716.4,Male,30
2852,2025-03-25,North,Clothing,1,499.75,0.05,474.7625,Male,23
2853,2025-02-15,South,Office Supplies,5,21.05,0.0,105.25,Female,70
2854,2025-03-01,North,Clothing,4,57.93,0.15,196.962,Female,20
2855,2025-02-23,East,Electronics,7,442.63,0.05,2943.4894999999997,Female,24
2856,2025-10-25,East,Office Supplies,5,423.47,0.15,1799.7475000000002,Male,58
2857,2025-03-03,East,electrnics,2,106.99,0.15,181.88299999999998,Female,51
2858,2025-03-26,West,Electronics,2,16.2,0.05,30.779999999999998,Female,26
2859,2025-08-28,West,Electronics,10,381.42,0.05,3623.4900000000002,Female,24
2860,2025-08-07,North,Clothing,1,278.5,,278.5,Male,26
2861,2025-04-14,West,Office Supplies,10,440.16,,4401.6,Female,49
2862,2025-03-03,South,Electronics,9,102.99,0.1,834.2189999999999,Female,44
2863,2025-10-14,South,Office Supplies,2,450.34,0.0,900.68,Male,61
2864,2025-10-09,North,Electronics,6,393.27,0.15,2005.677,Male,59
2865,2025-05-12,South,Clothing,5,101.11,0.05,480.2725,Male,28
2866,2025-03-04,West,Office Supplies,7,294.61,0.15,1752.9295,Female,34
2867,2025-07-23,East,Electronics,8,14.86,0.15,101.04799999999999,Female,57
2868,2025-12-20,South,Electronics,2,126.72,0.1,228.096,Female,21
2869,2025-03-01,West,Electronics,7,447.85,0.05,2978.2025000000003,Male,48
2870,2025-01-05,East,Furniture,4,102.82,0.0,411.28,Female,31
2871,2025-12-26,South,Office Supplies,2,311.9,0.05,592.6099999999999,Female,50
2872,2025-02-03,North,Clothing,4,16.67,0.1,60.01200000000001,Male,70
2873,2025-01-08,South,Electronics,6,429.79,0.0,2578.7400000000002,Female,22
2874,2025-07-13,West,Office Supplies,8,361.25,,2890.0,Female,63
2875,2025-05-06,East,Furniture,4,335.53,,1342.12,Female,53
2876,2025-02-16,North,Office Supplies,2,6.55,0.0,13.1,Female,44
2877,2025-05-13,West,Electronics,3,247.84,,743.52,Female,48
2878,2025-05-07,South,Electronics,9,171.8,0.0,1546.2,Female,49
2879,2025-06-18,East,Clothing,2,71.32,,142.64,Male,39
2880,2025-07-05,West,Furniture,5,81.61,0.0,408.05,Male,64
2881,2025-07-16,West,Office Supplies,1,80.99,0.1,72.89099999999999,Female,45
2882,2025-08-25,North,Clothing,8,74.97,0.1,539.784,Male,19
2883,2025-08-24,West,Electronics,4,35.27,,141.08,Female,42
2884,2025-05-15,West,Electronics,8,268.12,0.05,2037.712,Male,24
2885,2025-09-07,North,Furniture,6,156.91,0.05,894.387,Female,36
2886,2025-02-07,West,Furniture,5,254.11,0.1,1143.4950000000001,Female,21
2887,2025-03-24,West,Clothing,10,90.52,0.1,814.68,Male,46
2888,2025-04-06,North,Clothing,9,260.52,0.1,2110.212,Female,45
2889,2025-05-09,South,Furniture,3,10.09,0.15,25.729499999999998,Female,22
2890,2025-12-28,West,Clothing,4,471.82,0.05,1792.916,Female,62
2891,2025-03-12,West,Clothing,6,303.85,0.05,1731.945,Male,44
2892,2025-12-10,West,Furniture,1,399.68,,399.68,Male,21
2893,2025-12-22,East,Electronics,6,391.19,0.05,2229.783,Female,68
2894,2025-01-14,South,Clothing,9,472.08,,4248.72,Male,54
2895,2025-08-03,West,Clothing,2,478.71,0.1,861.678,Female,67
2896,2025-01-05,West,Clothing,6,99.97,0.1,539.838,Male,65
2897,2025-08-31,West,Office Supplies,9,299.71,0.15,2292.7815,Female,34
2898,2025-03-23,North,Furniture,7,426.02,,2982.14,Female,27
2899,2025-04-03,South,Clothing,8,108.98,0.15,741.064,Male,29
2900,2025-01-31,West,Electronics,3,91.84,0.05,261.74399999999997,Male,66
2901,2025-02-08,West,Electronics,8,415.92,0.15,2828.256,Female,24
2902,2025-08-05,South,Office Supplies,3,33.32,0.1,89.96400000000001,Male,36
2903,2025-05-18,South,Electronics,9,205.05,,1845.45,Female,29
2904,2025-02-23,South,Furniture,7,477.9,0.0,3345.2999999999997,Male,19
2905,2025-04-03,North,Electronics,7,497.48,,3482.36,Female,29
2906,2025-12-14,North,Clothing,7,137.98,0.0,965.8599999999999,Male,22
2907,2025-08-19,South,Electronics,8,442.35,0.0,3538.8,Female,30
2908,2025-08-17,North,Office Supplies,1,444.65,0.0,444.65,Male,31
2909,2025-04-05,East,Office Supplies,7,418.39,0.05,2782.2934999999998,Female,54
2910,2025-04-25,South,Office Supplies,2,432.2,0.15,734.74,Female,45
2911,2025-05-04,North,Clothing,9,7.64,0.05,65.32199999999999,Female,34
2912,2025-02-01,East,Electronics,3,441.08,,1323.24,Male,65
2913,2025-11-06,West,Furniture,4,67.97,0.05,258.286,Male,28
2914,2025-10-21,East,Electronics,2,412.01,0.05,782.819,Female,67
2915,2025-10-16,West,Clothing,7,34.45,0.15,204.97750000000002,Female,59
2916,2025-06-19,East,Office Supplies,3,229.54,0.05,654.189,Male,55
2917,2025-09-08,East,Electronics,5,313.6,,1568.0,Female,64
2918,2025-01-01,East,Electronics,9,430.29,0.15,3291.7185,Female,65
2919,2025-09-11,South,Electronics,6,378.0,0.0,2268.0,Male,60
2920,2025-02-22,North,Furniture,10,480.12,0.05,4561.139999999999,Male,67
2921,2025-02-09,South,Electronics,6,389.43,0.1,2102.922,Female,34
2922,2025-10-05,South,Furniture,10,457.37,,4573.7,Male,40
2923,2025-04-09,South,Furniture,4,107.11,0.0,428.44,Female,22
2924,2025-01-21,East,Electronics,3,405.75,0.1,1095.525,Male,57
2925,2025-04-26,South,Clothing,6,145.42,0.0,872.52,Female,62
2926,2025-04-17,South,Furniture,10,100.85,0.05,958.0749999999999,Female,33
2927,2025-07-21,North,Electronics,3,298.09,0.05,849.5564999999999,Female,54
2928,2025-10-03,East,Electronics,4,65.61,0.1,236.196,Male,55
2929,2025-01-30,West,Office Supplies,8,391.14,,3129.12,Male,21
2930,2025-03-02,West,Furniture,3,125.15,0.15,319.13250000000005,Male,48
2931,2025-08-24,South,Electronics,5,296.06,0.1,1332.27,Male,42
2932,2025-04-04,North,Furniture,10,388.56,0.1,3497.04,Female,39
2933,2025-11-15,West,Clothing,2,295.05,0.05,560.595,Male,62
2934,2025-04-28,West,Furniture,2,243.4,0.05,462.46,Female,35
2935,2025-08-31,West,Office Supplies,6,79.82,,478.91999999999996,Female,24
2936,2025-03-14,North,Clothing,1,445.73,0.15,378.8705,Male,19
2937,2025-01-03,East,Office Supplies,10,298.58,,2985.7999999999997,Male,35
2938,2025-02-01,North,Office Supplies,4,87.28,0.0,349.12,Male,39
2939,2025-07-01,South,Furniture,1,162.31,0.1,146.079,Male,55
2940,2025-11-24,West,Clothing,2,153.26,0.0,306.52,Female,58
2941,2025-03-13,East,Office Supplies,5,235.74,0.05,1119.765,Male,27
2942,2025-02-17,East,Electronics,9,274.9,0.1,2226.69,Male,65
2943,2025-01-04,West,Electronics,5,386.97,0.15,1644.6225000000002,Female,49
2944,2025-11-21,South,Furniture,7,415.61,0.05,2763.8064999999997,Male,55
2945,2025-10-29,East,Electronics,9,217.85,0.0,1960.6499999999999,Male,39
2946,2025-08-28,East,Electronics,9,334.43,0.15,2558.3894999999998,Female,58
2947,2025-09-15,South,Furniture,6,368.94,,2213.64,Female,62
2948,2025-08-12,North,Office Supplies,8,71.81,0.05,545.756,Female,48
2949,2025-03-06,East,Furniture,10,390.56,0.1,3515.04,Female,65
2950,2025-07-11,South,Furniture,2,393.94,0.15,669.698,Male,29
2951,2025-06-29,South,Office Supplies,1,378.72,,378.72,Female,28
2952,2025-06-03,South,Office Supplies,8,90.19,0.15,613.2919999999999,Male,59
2953,2025-01-07,South,Furniture,2,426.29,0.05,809.951,Female,23
2954,2025-05-28,North,Electronics,10,288.83,,2888.2999999999997,Female,43
2955,2025-03-29,West,Electronics,8,24.68,0.15,167.82399999999998,Female,39
2956,2025-01-27,South,Electronics,10,183.85,0.05,1746.5749999999998,Female,36
2957,2025-11-28,North,Electronics,1,14.29,0.05,13.575499999999998,Male,54
2958,2025-04-23,South,Furniture,4,188.51,0.05,716.338,Male,37
2959,2025-08-26,South,Clothing,2,47.99,,95.98,Male,62
2960,2025-01-24,South,Clothing,7,482.72,,3379.04,Female,60
2961,2025-01-20,North,Clothing,6,202.99,0.15,1035.249,Male,48
2962,2025-08-12,East,Electronics,3,198.51,0.05,565.7534999999999,Male,54
2963,2025-06-16,East,Clothing,4,234.2,0.05,889.9599999999999,Male,46
2964,2025-08-06,South,Furniture,3,429.41,0.0,1288.23,Female,25
2965,2025-01-07,West,Office Supplies,10,133.19,0.0,1331.9,Male,30
2966,2025-02-20,North,Furniture,7,177.74,0.1,1119.7620000000002,Female,29
2967,2025-08-26,East,Clothing,8,330.95,0.15,2250.46,Female,66
2968,2025-01-17,East,Office Supplies,7,430.03,0.05,2859.6994999999997,Male,57
2969,2025-01-24,West,electrnics,5,440.6,0.0,2203.0,Female,24
2970,2025-09-19,West,Furniture,9,223.48,0.0,2011.32,Male,37
2971,2025-12-24,East,Furniture,3,25.38,0.05,72.333,Female,37
2972,2025-05-17,South,Furniture,5,43.5,0.15,184.875,Female,40
2973,2025-08-08,West,Office Supplies,6,399.08,,2394.48,Female,54
2974,2025-01-06,East,Furniture,3,182.67,0.1,493.209,Female,66
2975,2025-03-12,East,Clothing,7,281.91,0.0,1973.3700000000001,Male,30
2976,2025-09-22,North,Electronics,7,368.3,0.1,2320.29,Male,56
2977,2025-06-23,East,Clothing,4,252.93,0.1,910.548,Female,29
2978,2025-02-16,East,Electronics,7,364.43,0.05,2423.4595,Male,55
2979,2025-04-23,West,Electronics,8,269.15,0.1,1937.8799999999999,Female,49
2980,2025-11-28,South,Clothing,7,369.83,0.1,2329.929,Female,35
2981,2025-04-19,North,Clothing,8,30.36,0.15,206.44799999999998,Female,44
2982,2025-05-12,West,Furniture,7,425.29,0.05,2828.1785,Female,53
2983,2025-02-04,East,Electronics,6,331.27,0.0,1987.62,Male,27
2984,2025-08-20,North,Electronics,8,462.63,0.05,3515.988,Female,39
2985,2025-01-21,West,Electronics,8,326.66,,2613.28,Female,33
2986,2025-07-06,North,Office Supplies,7,377.68,0.15,2247.196,Male,32
2987,2025-12-28,South,Furniture,4,224.88,0.15,764.592,Male,43
2988,2025-09-05,West,Clothing,8,334.61,0.0,2676.88,Male,53
2989,2025-03-11,West,Clothing,3,368.77,0.15,940.3634999999999,Female,67
2990,2025-02-11,West,Clothing,10,12.99,,129.9,Female,31
2991,2025-09-15,West,Clothing,6,339.75,0.0,2038.5,Male,54
2992,2025-08-01,West,Clothing,4,155.82,0.05,592.116,Male,65
2993,2025-06-11,South,Furniture,6,424.84,0.1,2294.136,Male,62
2994,2025-08-22,West,Electronics,1,134.87,,134.87,Female,61
2995,2025-08-15,South,Electronics,1,206.53,0.05,196.2035,Male,43
2996,2025-03-25,West,Furniture,10,465.81,0.0,4658.1,Male,67
2997,2025-09-18,South,Clothing,10,44.65,,446.5,Male,53
2998,2025-03-20,South,Clothing,7,352.7,0.05,2345.455,Male,47
2999,2025-01-04,East,Furniture,9,214.33,0.1,1736.073,Female,55
3000,2025-05-30,South,Electronics,3,19.95,,59.849999999999994,Male,38
1958,2025-07-20,West,Office Supplies,8,359.94,,2879.52,Male,34
2088,2025-08-13,West,Clothing,3,13.49,0.05,38.4465,Male,53
1395,2025-01-09,South,Furniture,10,341.62,0.1,3074.58,Male,67
1521,2025-09-05,North,Office Supplies,8,302.52,0.05,2299.1519999999996,Female,50
1099,2025-10-28,South,Furniture,1,285.95,0.0,285.95,Female,54
394,2025-02-14,South,Office Supplies,9,231.09,0.1,1871.829,Female,65
29,2025-10-02,East,Clothing,8,74.39,0.05,565.364,Male,22
100,2025-02-11,North,Furniture,3,123.73,,371.19,Male,44
352,2025-05-21,West,Clothing,4,271.12,0.05,1030.2559999999999,Male,54
2021,2025-06-19,North,Electronics,2,24.28,,48.56,Male,70
1353,2025-09-04,East,Clothing,4,476.85,0.1,1716.66,Female,45
1145,2025-08-21,West,Electronics,5,190.7,,953.5,Female,26
2856,2025-10-25,East,Office Supplies,5,423.47,0.15,1799.7475000000002,Male,58
1226,2025-01-04,East,Electronics,10,232.88,0.1,2095.92,Male,40
298,2025-07-09,South,Furniture,6,209.9,,1259.4,Male,34
